date_day,date_week,date_month,Total Spend,budget,cac_uncohorted,cac_projected,cost_per_qs,cost_per_cp,US,UU,UC,QS,QC,QCE,CP,OP,US>QS,QS>QC,QC>QCE,QCE>CP,CP>OP,QS>OP,QS_d0,QC_d0,QCE_d0,CP_d0,OP_d0,QS>QC_d0,QC>QCE_d0,QCE>CP_d0,CP>OP_d0,QS>OP_d0,QS_co,QC_co,QCE_co,CP_co,OP_co,QS>QC_co,QC>QCE_co,QCE>CP_co,CP>OP_co,QS>OP_co,total_coh_cp,other_coh_cp,google_coh_cp,meta_coh_cp,tiktok_coh_cp,total_coh_op,other_coh_op,google_coh_op,meta_coh_op,tiktok_coh_op,Total_proj_cp,Other_proj_cp,Google_proj_cp,FB_proj_cp,Tiktok_proj_cp,Total_proj_op,Other_proj_op,Google_proj_op,FB_proj_op,Tiktok_proj_op,Projected CPs,Projected OPs,Projected Cost per CP,Projected Cost per OP,Total_spend,Offline_spend,Online_spend,Google/Bing_spend,FB_spend,Tiktok_spend,Reddit_spend,Display_spend,ooh_spend,tv_spend,vod_spend,gads_brand_spend,gads_nb_spend,gads_pmax_spend,gads_shopping_spend,gads_yt_spend,gads_bing_spend,meta_bof_spend,meta_mof_spend,meta_tof_spend,budget_media,budget_offline,budget_digital,budget_search,budget_youtube,budget_meta,budget_tiktok,budget_reddit,ip_qs_search_brand,ip_qs_search_nb,ip_qs_search_pmax,ip_qs_search_shopping,ip_qs_search_youtube,ip_qs_meta_tof,ip_qs_meta_mof,ip_qs_meta_bof,ip_qs_tiktok,ip_cp_search_brand,ip_cp_search_nb,ip_cp_search_pmax,ip_cp_search_youtube,ip_cp_search_youtube,ip_cp_meta_tof,ip_cp_meta_mof,ip_cp_meta_bof,ip_cp_tiktok,crm_sessions,crm_qs,crm_cp,crm_sends,crm_opens,crm_conversions,ip_qs,ip_cp,ip_qs_multiplier,ip_cp_multiplier
2025-01-01,2024-12-30,2025-01-01,"229,370.00",0.00,742.30,569.42,39.94,403.82,"27,383.00","26,685.00","9,548.00","5,743.00","4,228.00","3,686.00",568.00,309.00,0.21,0.74,0.87,0.15,0.54,0.05,"5,743.00","4,109.00","3,574.00",353.00,34.00,0.72,0.87,0.10,0.10,0.01,"5,743.00","4,325.00","3,762.00",592.00,454.00,0.75,0.87,0.16,0.77,0.08,592.00,270.00,239.00,83.00,,454.00,395.00,59.00,,-,,,,,,,,,,,592.00,402.81,,,"229,370.00","80,020.00","149,350.00","97,551.00","51,799.00",0.00,0.00,,20.00,"80,000.00",0.00,"28,299.00","28,299.00",0.00,"1,021.00","39,932.00",0.00,"25,899.50","25,899.50",,0.00,0.00,0.00,0.00,0.00,0.00,0.00,0.00,,,,,,,,,,,,,,,,,,,"2,028.00",159.00,129.00,0.00,0.00,0.00,0.00,0.00,-,-
2025-01-02,2024-12-30,2025-01-01,"236,840.00",0.00,634.96,606.41,42.00,428.28,"28,639.00","27,798.00","10,184.00","5,639.00","4,156.00","3,628.00",553.00,373.00,0.20,0.74,0.87,0.15,0.67,0.07,"5,639.00","4,017.00","3,502.00",323.00,43.00,0.71,0.87,0.09,0.13,0.01,"5,639.00","4,233.00","3,684.00",576.00,427.00,0.75,0.87,0.16,0.74,0.08,576.00,265.00,228.00,83.00,,427.00,370.00,57.00,,-,,,,,,,,,,,576.00,390.56,,,"236,840.00","80,012.00","156,828.00","109,487.00","47,341.00",0.00,0.00,,12.00,"80,000.00",0.00,"33,307.00","33,307.00",0.00,0.00,"42,873.00",0.00,"23,670.50","23,670.50",,0.00,0.00,0.00,0.00,0.00,0.00,0.00,0.00,,,,,,,,,,,,,,,,,,,"2,730.00",158.00,129.00,0.00,0.00,0.00,0.00,0.00,-,-
2025-01-03,2024-12-30,2025-01-01,"238,576.00",0.00,600.95,590.89,42.91,390.47,"27,607.00","26,881.00","10,036.00","5,560.00","4,260.00","3,751.00",611.00,397.00,0.20,0.77,0.88,0.16,0.65,0.07,"5,560.00","4,118.00","3,618.00",360.00,32.00,0.74,0.88,0.10,0.09,0.01,"5,560.00","4,305.00","3,780.00",597.00,474.00,0.77,0.88,0.16,0.79,0.09,597.00,281.00,235.00,81.00,,474.00,410.00,64.00,,-,,,,,,,,,,,597.00,403.76,,,"238,576.00","70,016.00","168,560.00","113,232.00","55,328.00",0.00,0.00,,16.00,"70,000.00",0.00,"35,052.00","35,052.00",0.00,0.00,"43,128.00",0.00,"27,664.00","27,664.00",,0.00,0.00,0.00,0.00,0.00,0.00,0.00,0.00,,,,,,,,,,,,,,,,,,,"2,980.00",194.00,168.00,0.00,0.00,0.00,0.00,0.00,-,-
2025-01-04,2024-12-30,2025-01-01,"227,072.00",0.00,602.31,638.78,42.40,448.76,"28,635.00","27,801.00","9,619.00","5,355.00","4,203.00","3,706.00",506.00,377.00,0.19,0.78,0.88,0.14,0.75,0.07,"5,355.00","4,069.00","3,578.00",287.00,24.00,0.76,0.88,0.08,0.08,0.00,"5,355.00","4,239.00","3,729.00",527.00,386.00,0.79,0.88,0.14,0.73,0.07,527.00,231.00,212.00,84.00,,386.00,321.00,65.00,,-,,,,,,,,,,,527.00,355.48,,,"227,072.00","50,019.00","177,053.00","117,184.00","59,869.00",0.00,0.00,,19.00,"50,000.00",0.00,"41,060.50","41,060.50",0.00,0.00,"35,063.00",0.00,"29,934.50","29,934.50",,0.00,0.00,0.00,0.00,0.00,0.00,0.00,0.00,,,,,,,,,,,,,,,,,,,"2,551.00",91.00,78.00,0.00,0.00,0.00,0.00,0.00,-,-
2025-01-05,2024-12-30,2025-01-01,"243,999.00",0.00,724.03,571.20,38.32,348.07,"31,355.00","30,528.00","10,863.00","6,367.00","5,024.00","4,372.00",701.00,337.00,0.20,0.79,0.87,0.16,0.48,0.05,"6,367.00","4,866.00","4,230.00",413.00,9.00,0.76,0.87,0.10,0.02,0.00,"6,367.00","5,027.00","4,357.00",633.00,482.00,0.79,0.87,0.15,0.76,0.08,633.00,297.00,254.00,82.00,,482.00,418.00,64.00,,-,,,,,,,,,,,633.00,427.17,,,"243,999.00","50,017.00","193,982.00","121,720.00","72,262.00",0.00,0.00,,17.00,"50,000.00",0.00,"42,780.00","42,780.00",0.00,0.00,"36,160.00",0.00,"36,131.00","36,131.00",,0.00,0.00,0.00,0.00,0.00,0.00,0.00,0.00,,,,,,,,,,,,,,,,,,,"2,893.00",178.00,147.00,0.00,0.00,0.00,0.00,0.00,-,-
2025-01-06,2025-01-06,2025-01-01,"259,388.00",0.00,542.65,743.61,47.02,513.64,"28,999.00","28,185.00","10,352.00","5,516.00","4,307.00","3,737.00",505.00,478.00,0.19,0.78,0.87,0.14,0.95,0.09,"5,516.00","4,161.00","3,601.00",294.00,23.00,0.75,0.87,0.08,0.08,0.00,"5,516.00","4,342.00","3,763.00",517.00,383.00,0.79,0.87,0.14,0.74,0.07,517.00,218.00,216.00,83.00,,383.00,320.00,63.00,,-,,,,,,,,,,,517.00,348.82,,,"259,388.00","50,000.00","209,388.00","138,831.00","70,557.00",0.00,0.00,,0.00,"50,000.00",0.00,"42,860.00","42,860.00",0.00,0.00,"53,111.00",0.00,"35,278.50","35,278.50",,0.00,0.00,0.00,0.00,0.00,0.00,0.00,0.00,,,,,,,,,,,,,,,,,,,"3,180.00",61.00,50.00,0.00,0.00,0.00,0.00,0.00,-,-
2025-01-07,2025-01-06,2025-01-01,"245,862.00",0.00,652.15,701.81,49.41,516.52,"26,977.00","26,292.00","9,391.00","4,976.00","3,870.00","3,388.00",476.00,377.00,0.18,0.78,0.88,0.14,0.79,0.08,"4,976.00","3,738.00","3,265.00",301.00,7.00,0.75,0.87,0.09,0.02,0.00,"4,976.00","3,885.00","3,384.00",519.00,391.00,0.78,0.87,0.15,0.75,0.08,519.00,232.00,204.00,83.00,,391.00,329.00,62.00,,-,,,,,,,,,,,519.00,350.33,,,"245,862.00","50,000.00","195,862.00","126,267.00","69,595.00",0.00,0.00,,0.00,"50,000.00",0.00,"35,238.50","35,238.50",0.00,0.00,"55,790.00",0.00,"34,797.50","34,797.50",,0.00,0.00,0.00,0.00,0.00,0.00,0.00,0.00,,,,,,,,,,,,,,,,,,,"2,687.00",35.00,23.00,0.00,0.00,0.00,0.00,0.00,-,-
2025-01-08,2025-01-06,2025-01-01,"188,927.00",0.00,442.45,614.45,40.81,468.80,"25,198.00","24,511.00","8,758.00","4,629.00","3,630.00","3,142.00",403.00,427.00,0.18,0.78,0.87,0.13,1.06,0.09,"4,629.00","3,531.00","3,050.00",261.00,24.00,0.76,0.86,0.09,0.09,0.01,"4,629.00","3,662.00","3,161.00",456.00,325.00,0.79,0.86,0.14,0.71,0.07,456.00,192.00,206.00,58.00,,325.00,283.00,42.00,,-,,,,,,,,,,,456.00,307.47,,,"188,927.00","20,000.00","168,927.00","100,281.00","68,646.00",0.00,0.00,,0.00,"20,000.00",0.00,"28,335.00","28,335.00",0.00,0.00,"43,611.00",0.00,"34,323.00","34,323.00",,0.00,0.00,0.00,0.00,0.00,0.00,0.00,0.00,,,,,,,,,,,,,,,,,,,"2,583.00",30.00,21.00,0.00,0.00,0.00,0.00,0.00,-,-
2025-01-09,2025-01-06,2025-01-01,"177,576.00",0.00,500.21,651.45,47.25,432.06,"21,468.00","20,820.00","7,651.00","3,758.00","3,009.00","2,631.00",411.00,355.00,0.18,0.80,0.87,0.16,0.86,0.09,"3,758.00","2,908.00","2,538.00",267.00,40.00,0.77,0.87,0.11,0.15,0.01,"3,758.00","3,023.00","2,633.00",406.00,308.00,0.80,0.87,0.15,0.76,0.08,406.00,156.00,217.00,33.00,,308.00,284.00,24.00,,-,,,,,,,,,,,406.00,272.59,,,"177,576.00","20,000.00","157,576.00","106,589.00","50,987.00",0.00,0.00,,0.00,"20,000.00",0.00,"29,149.00","29,149.00",0.00,"2,796.00","45,495.00",0.00,"25,493.50","25,493.50",,0.00,0.00,0.00,0.00,0.00,0.00,0.00,0.00,,,,,,,,,,,,,,,,,,,"2,546.00",32.00,22.00,0.00,0.00,0.00,0.00,0.00,-,-
2025-01-10,2025-01-06,2025-01-01,"117,094.00",0.00,409.42,518.05,40.83,329.84,"17,539.00","16,975.00","6,480.00","2,868.00","2,333.00","2,065.00",355.00,286.00,0.16,0.81,0.89,0.17,0.81,0.10,"2,868.00","2,226.00","1,964.00",212.00,25.00,0.78,0.88,0.11,0.12,0.01,"2,868.00","2,320.00","2,051.00",338.00,263.00,0.81,0.88,0.16,0.78,0.09,338.00,155.00,146.00,37.00,,263.00,235.00,28.00,,-,,,,,,,,,,,338.00,226.03,,,"117,094.00","20,000.00","97,094.00","67,156.00","29,938.00",0.00,0.00,,0.00,"20,000.00",0.00,"24,311.00","24,311.00",0.00,"1,559.00","16,975.00",0.00,"14,969.00","14,969.00",,0.00,0.00,0.00,0.00,0.00,0.00,0.00,0.00,,,,,,,,,,,,,,,,,,,"2,226.00",23.00,21.00,0.00,0.00,0.00,0.00,0.00,-,-
2025-01-11,2025-01-06,2025-01-01,"113,861.00",0.00,774.56,454.53,38.73,291.20,"16,520.00","16,011.00","6,134.00","2,940.00","2,424.00","2,145.00",391.00,147.00,0.18,0.82,0.88,0.18,0.38,0.05,"2,940.00","2,329.00","2,054.00",240.00,0.00,0.79,0.88,0.12,0.00,0.00,"2,940.00","2,410.00","2,125.00",376.00,295.00,0.82,0.88,0.18,0.78,0.10,376.00,150.00,190.00,36.00,,295.00,265.00,30.00,,-,,,,,,,,,,,376.00,250.50,,,"113,861.00","20,000.00","93,861.00","67,641.00","26,220.00",0.00,0.00,,0.00,"20,000.00",0.00,"25,485.50","25,485.50",0.00,0.00,"16,670.00",0.00,"13,110.00","13,110.00",,0.00,0.00,0.00,0.00,0.00,0.00,0.00,0.00,,,,,,,,,,,,,,,,,,,"1,784.00",11.00,7.00,0.00,0.00,0.00,0.00,0.00,-,-
2025-01-12,2025-01-06,2025-01-01,"111,409.00",0.00,728.16,416.76,33.61,288.62,"17,110.00","16,671.00","6,413.00","3,315.00","2,723.00","2,366.00",386.00,153.00,0.19,0.82,0.87,0.16,0.40,0.05,"3,315.00","2,645.00","2,290.00",261.00,0.00,0.80,0.87,0.11,0.00,0.00,"3,315.00","2,718.00","2,355.00",403.00,313.00,0.82,0.87,0.17,0.78,0.09,403.00,153.00,216.00,34.00,,313.00,288.00,25.00,,-,,,,,,,,,,,403.00,267.32,,,"111,409.00","15,000.00","96,409.00","73,822.00","22,587.00",0.00,0.00,,0.00,"15,000.00",0.00,"28,546.00","28,546.00",0.00,0.00,"16,730.00",0.00,"11,293.50","11,293.50",,0.00,0.00,0.00,0.00,0.00,0.00,0.00,0.00,,,,,,,,,,,,,,,,,,,"1,598.00",19.00,14.00,0.00,0.00,0.00,0.00,0.00,-,-
2025-01-13,2025-01-13,2025-01-01,"129,399.00",0.00,321.89,470.50,35.73,325.94,"20,533.00","19,940.00","7,715.00","3,622.00","2,945.00","2,603.00",397.00,402.00,0.18,0.81,0.88,0.15,1.01,0.11,"3,622.00","2,862.00","2,526.00",254.00,1.00,0.79,0.88,0.10,0.00,0.00,"3,622.00","2,942.00","2,592.00",415.00,307.00,0.81,0.88,0.16,0.74,0.08,415.00,159.00,231.00,25.00,,307.00,286.00,21.00,,-,,,,,,,,,,,415.00,275.03,,,"129,399.00","15,000.00","114,399.00","93,484.00","20,915.00",0.00,0.00,,0.00,"15,000.00",0.00,"38,363.00","38,363.00",0.00,0.00,"16,758.00",0.00,"10,457.50","10,457.50",,0.00,0.00,0.00,0.00,0.00,0.00,0.00,0.00,,,,,,,,,,,,,,,,,,,"2,812.00",22.00,19.00,0.00,0.00,0.00,0.00,0.00,-,-
2025-01-14,2025-01-13,2025-01-01,"90,782.00",0.00,218.75,360.82,32.60,260.12,"16,919.00","16,333.00","6,558.00","2,785.00","2,352.00","2,106.00",349.00,415.00,0.16,0.84,0.90,0.17,1.19,0.15,"2,785.00","2,254.00","2,019.00",229.00,16.00,0.81,0.90,0.11,0.07,0.01,"2,785.00","2,325.00","2,082.00",380.00,277.00,0.83,0.90,0.18,0.73,0.10,380.00,162.00,190.00,28.00,,277.00,259.00,18.00,,-,,,,,,,,,,,380.00,251.60,,,"90,782.00","15,000.00","75,782.00","55,756.00","20,026.00",0.00,0.00,,0.00,"15,000.00",0.00,"24,849.50","24,849.50",0.00,0.00,"6,057.00",0.00,"10,013.00","10,013.00",,0.00,0.00,0.00,0.00,0.00,0.00,0.00,0.00,,,,,,,,,,,,,,,,,,,"2,695.00",22.00,12.00,0.00,0.00,0.00,0.00,0.00,-,-
2025-01-15,2025-01-13,2025-01-01,"54,495.00",0.00,146.49,288.99,31.05,159.34,"12,959.00","12,448.00","5,149.00","1,755.00","1,480.00","1,350.00",342.00,372.00,0.14,0.84,0.91,0.25,1.09,0.21,"1,755.00","1,393.00","1,271.00",192.00,42.00,0.79,0.91,0.15,0.22,0.02,"1,755.00","1,445.00","1,318.00",284.00,209.00,0.82,0.91,0.22,0.74,0.12,284.00,117.00,145.00,22.00,,209.00,193.00,16.00,,-,,,,,,,,,,,284.00,188.57,,,"54,495.00",0.00,"54,495.00","35,470.00","19,025.00",0.00,0.00,,0.00,0.00,0.00,"14,598.50","14,598.50",0.00,0.00,"6,273.00",0.00,"9,512.50","9,512.50",,0.00,0.00,0.00,0.00,0.00,0.00,0.00,0.00,,,,,,,,,,,,,,,,,,,"2,531.00",22.00,13.00,0.00,0.00,0.00,0.00,0.00,-,-
2025-01-16,2025-01-13,2025-01-01,"52,494.00",0.00,150.41,318.95,33.44,202.68,"11,908.00","11,437.00","4,716.00","1,570.00","1,361.00","1,210.00",259.00,349.00,0.13,0.87,0.89,0.21,1.35,0.22,"1,570.00","1,306.00","1,157.00",147.00,47.00,0.83,0.89,0.13,0.32,0.03,"1,570.00","1,344.00","1,193.00",248.00,189.00,0.86,0.89,0.21,0.76,0.12,248.00,104.00,121.00,23.00,,189.00,172.00,17.00,,-,,,,,,,,,,,248.00,164.58,,,"52,494.00",0.00,"52,494.00","39,561.00","12,933.00",0.00,0.00,,0.00,0.00,0.00,"14,598.50","14,598.50",0.00,"4,103.00","6,261.00",0.00,"6,466.50","6,466.50",,0.00,0.00,0.00,0.00,0.00,0.00,0.00,0.00,,,,,,,,,,,,,,,,,,,"2,270.00",20.00,12.00,0.00,0.00,0.00,0.00,0.00,-,-
2025-01-17,2025-01-13,2025-01-01,"41,724.00",0.00,173.13,254.85,31.04,171.70,"10,013.00","9,643.00","4,027.00","1,344.00","1,140.00","1,041.00",243.00,241.00,0.13,0.85,0.91,0.23,0.99,0.18,"1,344.00","1,090.00",992.00,155.00,61.00,0.81,0.91,0.16,0.39,0.05,"1,344.00","1,128.00","1,029.00",247.00,175.00,0.84,0.91,0.24,0.71,0.13,247.00,117.00,110.00,20.00,,175.00,158.00,17.00,,-,,,,,,,,,,,247.00,163.72,,,"41,724.00",0.00,"41,724.00","30,560.00","11,164.00",0.00,0.00,,0.00,0.00,0.00,"12,630.00","12,630.00",0.00,"2,763.00","2,537.00",0.00,"5,582.00","5,582.00",,0.00,0.00,0.00,0.00,0.00,0.00,0.00,0.00,,,,,,,,,,,,,,,,,,,"1,879.00",19.00,9.00,0.00,0.00,0.00,0.00,0.00,-,-
2025-01-18,2025-01-13,2025-01-01,"34,584.00",0.00,220.28,226.36,27.23,161.61,"9,396.00","9,064.00","3,587.00","1,270.00","1,109.00","1,001.00",214.00,157.00,0.14,0.87,0.90,0.21,0.73,0.12,"1,270.00","1,065.00",959.00,142.00,54.00,0.84,0.90,0.15,0.38,0.04,"1,270.00","1,107.00",999.00,231.00,189.00,0.87,0.90,0.23,0.82,0.15,231.00,109.00,103.00,19.00,,189.00,174.00,15.00,,-,,,,,,,,,,,231.00,152.79,,,"34,584.00",0.00,"34,584.00","24,011.00","10,573.00",0.00,0.00,,0.00,0.00,0.00,"12,005.50","12,005.50",0.00,0.00,0.00,0.00,"5,286.50","5,286.50",,0.00,0.00,0.00,0.00,0.00,0.00,0.00,0.00,,,,,,,,,,,,,,,,,,,"1,531.00",6.00,5.00,0.00,0.00,0.00,0.00,0.00,-,-
2025-01-19,2025-01-13,2025-01-01,"42,752.00",0.00,312.06,255.86,28.69,184.28,"10,486.00","10,132.00","3,969.00","1,490.00","1,284.00","1,161.00",232.00,137.00,0.14,0.86,0.90,0.20,0.59,0.09,"1,490.00","1,227.00","1,106.00",146.00,45.00,0.82,0.90,0.13,0.31,0.03,"1,490.00","1,272.00","1,148.00",253.00,196.00,0.85,0.90,0.22,0.77,0.13,253.00,109.00,124.00,20.00,,196.00,181.00,15.00,,-,,,,,,,,,,,253.00,167.09,,,"42,752.00",0.00,"42,752.00","30,273.00","12,479.00",0.00,0.00,,0.00,0.00,0.00,"15,136.50","15,136.50",0.00,0.00,0.00,0.00,"6,239.50","6,239.50",,0.00,0.00,0.00,0.00,0.00,0.00,0.00,0.00,,,,,,,,,,,,,,,,,,,"1,526.00",21.00,16.00,0.00,0.00,0.00,0.00,0.00,-,-
2025-01-20,2025-01-20,2025-01-01,"37,930.00",0.00,166.36,241.78,29.68,172.41,"10,247.00","9,831.00","4,176.00","1,278.00","1,096.00",987.00,220.00,228.00,0.12,0.86,0.90,0.22,1.04,0.18,"1,278.00","1,052.00",944.00,130.00,48.00,0.82,0.90,0.14,0.37,0.04,"1,278.00","1,081.00",970.00,238.00,190.00,0.85,0.90,0.25,0.80,0.15,238.00,109.00,113.00,16.00,,190.00,181.00,9.00,,-,,,,,,,,,,,238.00,156.88,,,"37,930.00",0.00,"37,930.00","26,604.00","11,326.00",0.00,0.00,,0.00,0.00,0.00,"13,302.00","13,302.00",0.00,0.00,0.00,0.00,"5,663.00","5,663.00",,0.00,0.00,0.00,0.00,0.00,0.00,0.00,0.00,,,,,,,,,,,,,,,,,,,"2,173.00",9.00,8.00,0.00,0.00,0.00,0.00,0.00,-,-
2025-01-21,2025-01-20,2025-01-01,"25,652.00",0.00,128.26,213.59,27.76,125.75,"8,545.00","8,181.00","3,644.00",924.00,780.00,708.00,204.00,200.00,0.11,0.84,0.91,0.29,0.98,0.22,924.00,743.00,672.00,121.00,31.00,0.80,0.90,0.18,0.26,0.03,924.00,781.00,706.00,183.00,131.00,0.85,0.90,0.26,0.72,0.14,183.00,80.00,82.00,21.00,,131.00,117.00,14.00,,-,,,,,,,,,,,183.00,120.10,,,"25,652.00",0.00,"25,652.00","14,514.00","11,138.00",0.00,0.00,,0.00,0.00,0.00,"7,257.00","7,257.00",0.00,0.00,0.00,0.00,"5,569.00","5,569.00",,0.00,0.00,0.00,0.00,0.00,0.00,0.00,0.00,,,,,,,,,,,,,,,,,,,"2,142.00",11.00,7.00,0.00,0.00,0.00,0.00,0.00,-,-
2025-01-22,2025-01-20,2025-01-01,"20,578.00",0.00,131.91,176.43,25.22,97.53,"8,343.00","7,994.00","3,634.00",816.00,699.00,631.00,211.00,156.00,0.10,0.86,0.90,0.33,0.74,0.19,816.00,665.00,599.00,122.00,35.00,0.81,0.90,0.20,0.29,0.04,816.00,692.00,620.00,178.00,138.00,0.85,0.90,0.29,0.78,0.17,178.00,91.00,73.00,14.00,,138.00,125.00,13.00,,-,,,,,,,,,,,178.00,116.63,,,"20,578.00",0.00,"20,578.00","9,384.00","11,194.00",0.00,0.00,,0.00,0.00,0.00,"4,692.00","4,692.00",0.00,0.00,0.00,0.00,"5,597.00","5,597.00",,0.00,0.00,0.00,0.00,0.00,0.00,0.00,0.00,,,,,,,,,,,,,,,,,,,"2,322.00",14.00,11.00,0.00,0.00,0.00,0.00,0.00,-,-
2025-01-23,2025-01-20,2025-01-01,"18,683.00",0.00,113.92,146.13,18.48,101.54,"8,553.00","8,182.00","3,752.00","1,011.00",861.00,787.00,184.00,164.00,0.12,0.85,0.91,0.23,0.89,0.16,"1,011.00",812.00,743.00,118.00,33.00,0.80,0.92,0.16,0.28,0.03,"1,011.00",845.00,773.00,194.00,145.00,0.84,0.91,0.25,0.75,0.14,194.00,94.00,80.00,20.00,,145.00,128.00,17.00,,-,,,,,,,,,,,194.00,127.85,,,"18,683.00",0.00,"18,683.00","8,921.00","9,762.00",0.00,0.00,,0.00,0.00,0.00,"4,460.50","4,460.50",0.00,0.00,0.00,0.00,"4,881.00","4,881.00",,0.00,0.00,0.00,0.00,0.00,0.00,0.00,0.00,,,,,,,,,,,,,,,,,,,"2,288.00",36.00,30.00,0.00,0.00,0.00,0.00,0.00,-,-
2025-01-24,2025-01-20,2025-01-01,"15,990.00",0.00,84.60,134.03,17.38,64.48,"7,995.00","7,667.00","3,859.00",920.00,798.00,728.00,248.00,189.00,0.12,0.87,0.91,0.34,0.76,0.21,920.00,746.00,681.00,122.00,36.00,0.81,0.91,0.18,0.30,0.04,920.00,792.00,724.00,181.00,142.00,0.86,0.91,0.25,0.78,0.15,181.00,97.00,70.00,14.00,,142.00,131.00,11.00,,-,,,,,,,,,,,181.00,119.30,,,"15,990.00",0.00,"15,990.00","9,678.00","6,312.00",0.00,0.00,,0.00,0.00,0.00,"4,344.00","4,344.00",0.00,0.00,990.00,0.00,"3,156.00","3,156.00",,0.00,0.00,0.00,0.00,0.00,0.00,0.00,0.00,,,,,,,,,,,,,,,,,,,"2,359.00",62.00,45.00,0.00,0.00,0.00,0.00,0.00,-,-
2025-01-25,2025-01-20,2025-01-01,"14,524.00",0.00,79.80,104.81,15.04,65.42,"7,486.00","7,234.00","3,420.00",966.00,846.00,780.00,222.00,182.00,0.13,0.88,0.92,0.28,0.82,0.19,966.00,801.00,737.00,136.00,46.00,0.83,0.92,0.18,0.34,0.05,966.00,830.00,764.00,211.00,173.00,0.86,0.92,0.28,0.82,0.18,211.00,118.00,73.00,20.00,,173.00,158.00,15.00,,-,,,,,,,,,,,211.00,138.58,,,"14,524.00",0.00,"14,524.00","9,554.00","4,970.00",0.00,0.00,,0.00,0.00,0.00,"4,259.50","4,259.50",0.00,0.00,"1,035.00",0.00,"2,485.00","2,485.00",,0.00,0.00,0.00,0.00,0.00,0.00,0.00,0.00,,,,,,,,,,,,,,,,,,,"1,837.00",55.00,47.00,0.00,0.00,0.00,0.00,0.00,-,-
2025-01-26,2025-01-20,2025-01-01,"16,439.00",0.00,101.48,117.32,15.36,69.95,"8,133.00","7,846.00","3,560.00","1,070.00",962.00,860.00,235.00,162.00,0.13,0.90,0.89,0.27,0.69,0.15,"1,070.00",913.00,812.00,140.00,29.00,0.85,0.89,0.17,0.21,0.03,"1,070.00",940.00,838.00,214.00,162.00,0.88,0.89,0.26,0.76,0.15,214.00,112.00,85.00,17.00,,162.00,152.00,10.00,,-,,,,,,,,,,,214.00,140.12,,,"16,439.00",0.00,"16,439.00","11,063.00","5,376.00",0.00,0.00,,0.00,0.00,0.00,"4,996.00","4,996.00",0.00,0.00,"1,071.00",0.00,"2,688.00","2,688.00",,0.00,0.00,0.00,0.00,0.00,0.00,0.00,0.00,,,,,,,,,,,,,,,,,,,"1,813.00",48.00,41.00,0.00,0.00,0.00,0.00,0.00,-,-
2025-01-27,2025-01-27,2025-01-01,"18,709.00",0.00,94.49,121.41,19.19,78.61,"8,217.00","7,869.00","3,643.00",975.00,861.00,779.00,238.00,198.00,0.12,0.88,0.90,0.31,0.83,0.20,975.00,835.00,755.00,155.00,52.00,0.86,0.90,0.21,0.34,0.05,975.00,864.00,782.00,235.00,184.00,0.89,0.91,0.30,0.78,0.19,235.00,110.00,100.00,25.00,,184.00,166.00,18.00,,-,,,,,,,,,,,235.00,154.10,,,"18,709.00",0.00,"18,709.00","13,794.00","4,915.00",0.00,0.00,,0.00,0.00,0.00,"6,659.50","6,659.50",0.00,0.00,475.00,0.00,"2,457.50","2,457.50",,0.00,0.00,0.00,0.00,0.00,0.00,0.00,0.00,,,,,,,,,,,,,,,,,,,"2,114.00",24.00,19.00,0.00,0.00,0.00,0.00,0.00,-,-
2025-01-28,2025-01-27,2025-01-01,"19,082.00",0.00,100.96,137.73,20.50,87.53,"8,369.00","7,992.00","3,784.00",931.00,787.00,713.00,218.00,189.00,0.11,0.85,0.91,0.31,0.87,0.20,931.00,759.00,688.00,136.00,32.00,0.82,0.91,0.20,0.24,0.03,931.00,786.00,712.00,210.00,169.00,0.84,0.91,0.29,0.80,0.18,210.00,104.00,96.00,10.00,,169.00,162.00,7.00,,-,,,,,,,,,,,210.00,138.54,,,"19,082.00",0.00,"19,082.00","13,555.00","5,527.00",0.00,0.00,,0.00,0.00,0.00,"6,115.50","6,115.50",0.00,0.00,"1,324.00",0.00,"2,763.50","2,763.50",,0.00,0.00,0.00,0.00,0.00,0.00,0.00,0.00,,,,,,,,,,,,,,,,,,,"2,289.00",22.00,16.00,0.00,0.00,0.00,0.00,0.00,-,-
2025-01-29,2025-01-27,2025-01-01,"18,916.00",0.00,102.25,151.13,20.83,96.51,"7,824.00","7,481.00","3,642.00",908.00,776.00,710.00,196.00,185.00,0.12,0.85,0.91,0.28,0.94,0.20,908.00,746.00,681.00,113.00,36.00,0.82,0.91,0.17,0.32,0.04,908.00,774.00,708.00,190.00,152.00,0.85,0.91,0.27,0.80,0.17,190.00,84.00,96.00,10.00,,152.00,144.00,8.00,,-,,,,,,,,,,,190.00,125.17,,,"18,916.00",0.00,"18,916.00","13,433.00","5,483.00",0.00,0.00,,0.00,0.00,0.00,"6,268.00","6,268.00",0.00,0.00,897.00,0.00,"2,741.50","2,741.50",,0.00,0.00,0.00,0.00,0.00,0.00,0.00,0.00,,,,,,,,,,,,,,,,,,,"2,173.00",28.00,22.00,0.00,0.00,0.00,0.00,0.00,-,-
2025-01-30,2025-01-27,2025-01-01,"22,166.00",0.00,146.79,187.43,23.38,138.54,"7,880.00","7,501.00","3,469.00",948.00,800.00,716.00,160.00,151.00,0.12,0.84,0.90,0.22,0.94,0.16,948.00,771.00,688.00,91.00,20.00,0.81,0.89,0.13,0.22,0.02,948.00,807.00,718.00,179.00,143.00,0.85,0.89,0.25,0.80,0.15,179.00,75.00,88.00,16.00,,143.00,130.00,13.00,,-,,,,,,,,,,,179.00,118.26,,,"22,166.00",0.00,"22,166.00","16,801.00","5,365.00",0.00,0.00,,0.00,0.00,0.00,"7,762.50","7,762.50",0.00,0.00,"1,276.00",0.00,"2,682.50","2,682.50",,0.00,0.00,0.00,0.00,0.00,0.00,0.00,0.00,,,,,,,,,,,,,,,,,,,"2,020.00",21.00,17.00,0.00,0.00,0.00,0.00,0.00,-,-
2025-01-31,2025-01-27,2025-01-01,"27,520.00",0.00,134.90,179.87,23.44,87.09,"9,016.00","8,644.00","4,509.00","1,174.00","1,012.00",931.00,316.00,204.00,0.13,0.86,0.92,0.34,0.65,0.17,"1,174.00",957.00,881.00,160.00,40.00,0.82,0.92,0.18,0.25,0.03,"1,174.00","1,003.00",919.00,231.00,174.00,0.85,0.92,0.25,0.75,0.15,231.00,115.00,107.00,9.00,,174.00,170.00,4.00,,-,,,,,,,,,,,231.00,153.00,,,"27,520.00",0.00,"27,520.00","21,813.00","5,707.00",0.00,0.00,,0.00,0.00,0.00,"10,613.50","10,613.50",0.00,0.00,586.00,0.00,"2,853.50","2,853.50",,0.00,0.00,0.00,0.00,0.00,0.00,0.00,0.00,,,,,,,,,,,,,,,,,,,"2,706.00",126.00,98.00,0.00,0.00,0.00,0.00,0.00,-,-
2025-02-01,2025-01-27,2025-02-01,"25,845.00",0.00,331.35,187.87,22.09,99.02,"8,515.00","8,173.00","3,990.00","1,170.00","1,004.00",920.00,261.00,78.00,0.14,0.86,0.92,0.28,0.30,0.07,"1,170.00",944.00,866.00,136.00,0.00,0.81,0.92,0.16,0.00,0.00,"1,170.00",988.00,908.00,206.00,158.00,0.84,0.92,0.23,0.77,0.14,206.00,107.00,83.00,16.00,,158.00,146.00,12.00,,-,,,,,,,,,,,206.00,137.57,,,"25,845.00",0.00,"25,845.00","21,166.00","4,679.00",0.00,0.00,,0.00,0.00,0.00,"10,232.00","10,232.00",0.00,0.00,702.00,0.00,"2,339.50","2,339.50",,0.00,0.00,0.00,0.00,0.00,0.00,0.00,0.00,,,,,,,,,,,,,,,,,,,"2,111.00",114.00,90.00,0.00,0.00,0.00,0.00,0.00,-,-
2025-02-02,2025-01-27,2025-02-01,"27,106.00",0.00,263.17,159.51,21.44,87.44,"8,728.00","8,409.00","4,036.00","1,264.00","1,108.00","1,002.00",310.00,103.00,0.14,0.88,0.90,0.31,0.33,0.08,"1,264.00","1,053.00",948.00,170.00,0.00,0.83,0.90,0.18,0.00,0.00,"1,264.00","1,104.00",992.00,254.00,204.00,0.87,0.90,0.26,0.80,0.16,254.00,121.00,115.00,18.00,,204.00,188.00,16.00,,-,,,,,,,,,,,254.00,169.94,,,"27,106.00",0.00,"27,106.00","21,708.00","5,398.00",0.00,0.00,,0.00,0.00,0.00,"10,378.50","10,378.50",0.00,0.00,951.00,0.00,"2,699.00","2,699.00",,0.00,0.00,0.00,0.00,0.00,0.00,0.00,0.00,,,,,,,,,,,,,,,,,,,"1,982.00",70.00,61.00,0.00,0.00,0.00,0.00,0.00,-,-
2025-02-03,2025-02-03,2025-02-01,"36,390.00",0.00,138.37,242.09,27.74,181.04,"9,637.00","9,243.00","4,414.00","1,312.00","1,112.00","1,012.00",201.00,263.00,0.14,0.85,0.91,0.20,1.31,0.20,"1,312.00","1,080.00",983.00,131.00,19.00,0.82,0.91,0.13,0.15,0.01,"1,312.00","1,125.00","1,021.00",223.00,164.00,0.86,0.91,0.22,0.74,0.13,223.00,104.00,101.00,18.00,,164.00,154.00,10.00,,-,,,,,,,,,,,223.00,150.32,,,"36,390.00",0.00,"36,390.00","30,250.00","6,140.00",0.00,0.00,,0.00,0.00,0.00,"14,799.00","14,799.00",0.00,0.00,652.00,0.00,"3,070.00","3,070.00",,0.00,0.00,0.00,0.00,0.00,0.00,0.00,0.00,,,,,,,,,,,,,,,,,,,"2,686.00",34.00,26.00,0.00,0.00,0.00,0.00,0.00,-,-
2025-02-04,2025-02-03,2025-02-01,"44,680.00",0.00,151.97,220.42,28.84,174.53,"10,679.00","10,245.00","4,725.00","1,549.00","1,313.00","1,197.00",256.00,294.00,0.15,0.85,0.91,0.21,1.15,0.19,"1,549.00","1,262.00","1,150.00",185.00,44.00,0.81,0.91,0.16,0.24,0.03,"1,549.00","1,304.00","1,185.00",300.00,219.00,0.84,0.91,0.25,0.73,0.14,300.00,107.00,178.00,15.00,,219.00,207.00,12.00,,-,,,,,,,,,,,300.00,202.70,,,"44,680.00",0.00,"44,680.00","36,584.00","8,096.00",0.00,0.00,,0.00,0.00,0.00,"17,816.50","17,816.50",0.00,0.00,951.00,0.00,"4,048.00","4,048.00",,0.00,0.00,0.00,0.00,0.00,0.00,0.00,0.00,,,,,,,,,,,,,,,,,,,"2,645.00",41.00,24.00,0.00,0.00,0.00,0.00,0.00,-,-
2025-02-05,2025-02-03,2025-02-01,"36,470.00",0.00,191.95,218.08,26.14,142.46,"10,093.00","9,697.00","4,214.00","1,395.00","1,153.00","1,041.00",256.00,190.00,0.14,0.83,0.90,0.25,0.74,0.14,"1,395.00","1,118.00","1,008.00",170.00,37.00,0.80,0.90,0.17,0.22,0.03,"1,395.00","1,161.00","1,048.00",246.00,190.00,0.83,0.90,0.23,0.77,0.14,246.00,100.00,123.00,23.00,,190.00,170.00,20.00,,-,,,,,,,,,,,246.00,167.23,,,"36,470.00",0.00,"36,470.00","29,238.00","7,232.00",0.00,0.00,,0.00,0.00,0.00,"13,823.00","13,823.00",0.00,0.00,"1,592.00",0.00,"3,616.00","3,616.00",,0.00,0.00,0.00,0.00,0.00,0.00,0.00,0.00,,,,,,,,,,,,,,,,,,,"2,304.00",20.00,14.00,0.00,0.00,0.00,0.00,0.00,-,-
2025-02-06,2025-02-03,2025-02-01,"31,042.00",0.00,161.68,195.28,27.87,147.82,"8,843.00","8,503.00","3,731.00","1,114.00",924.00,858.00,210.00,192.00,0.13,0.83,0.93,0.24,0.91,0.17,"1,114.00",893.00,831.00,150.00,36.00,0.80,0.93,0.18,0.24,0.03,"1,114.00",941.00,875.00,233.00,174.00,0.84,0.93,0.27,0.75,0.16,233.00,86.00,126.00,21.00,,174.00,159.00,15.00,,-,,,,,,,,,,,233.00,158.96,,,"31,042.00",0.00,"31,042.00","23,726.00","7,316.00",0.00,0.00,,0.00,0.00,0.00,"10,901.50","10,901.50",0.00,0.00,"1,923.00",0.00,"3,658.00","3,658.00",,0.00,0.00,0.00,0.00,0.00,0.00,0.00,0.00,,,,,,,,,,,,,,,,,,,"2,013.00",10.00,8.00,0.00,0.00,0.00,0.00,0.00,-,-
2025-02-07,2025-02-03,2025-02-01,"32,592.00",0.00,182.08,248.88,30.92,183.10,"8,126.00","7,803.00","3,340.00","1,054.00",890.00,790.00,178.00,179.00,0.13,0.84,0.89,0.23,1.01,0.17,"1,054.00",846.00,747.00,125.00,29.00,0.80,0.88,0.17,0.23,0.03,"1,054.00",889.00,784.00,191.00,145.00,0.84,0.88,0.24,0.76,0.14,191.00,73.00,107.00,11.00,,145.00,137.00,8.00,,-,,,,,,,,,,,191.00,130.95,,,"32,592.00",0.00,"32,592.00","24,348.00","8,244.00",0.00,0.00,,0.00,0.00,0.00,"11,532.00","11,532.00",0.00,0.00,"1,284.00",0.00,"4,122.00","4,122.00",,0.00,0.00,0.00,0.00,0.00,0.00,0.00,0.00,,,,,,,,,,,,,,,,,,,"1,785.00",9.00,6.00,0.00,0.00,0.00,0.00,0.00,-,-
2025-02-08,2025-02-03,2025-02-01,"36,481.00",0.00,414.56,200.94,30.84,168.12,"7,987.00","7,692.00","3,291.00","1,183.00","1,010.00",902.00,217.00,88.00,0.15,0.85,0.89,0.24,0.41,0.07,"1,183.00",970.00,865.00,163.00,12.00,0.82,0.89,0.19,0.07,0.01,"1,183.00","1,027.00",912.00,263.00,207.00,0.87,0.89,0.29,0.79,0.17,263.00,98.00,139.00,26.00,,207.00,187.00,20.00,,-,,,,,,,,,,,263.00,181.55,,,"36,481.00",0.00,"36,481.00","29,450.00","7,031.00",0.00,0.00,,0.00,0.00,0.00,"14,237.50","14,237.50",0.00,0.00,975.00,0.00,"3,515.50","3,515.50",,0.00,0.00,0.00,0.00,0.00,0.00,0.00,0.00,,,,,,,,,,,,,,,,,,,"1,375.00",13.00,9.00,0.00,0.00,0.00,0.00,0.00,-,-
2025-02-09,2025-02-03,2025-02-01,"41,594.00",0.00,452.11,222.71,29.52,171.88,"8,869.00","8,565.00","3,654.00","1,409.00","1,208.00","1,061.00",242.00,92.00,0.16,0.86,0.88,0.23,0.38,0.07,"1,409.00","1,161.00","1,016.00",171.00,0.00,0.82,0.88,0.17,0.00,0.00,"1,409.00","1,193.00","1,041.00",269.00,210.00,0.85,0.87,0.26,0.78,0.15,269.00,101.00,152.00,16.00,,210.00,199.00,11.00,,-,,,,,,,,,,,269.00,186.77,,,"41,594.00",0.00,"41,594.00","33,028.00","8,566.00",0.00,0.00,,0.00,0.00,0.00,"15,874.00","15,874.00",0.00,0.00,"1,280.00",0.00,"4,283.00","4,283.00",,0.00,0.00,0.00,0.00,0.00,0.00,0.00,0.00,,,,,,,,,,,,,,,,,,,"1,479.00",18.00,14.00,0.00,0.00,0.00,0.00,0.00,-,-
2025-02-10,2025-02-10,2025-02-01,"39,987.00",0.00,152.62,273.85,31.91,204.02,"9,373.00","8,982.00","3,965.00","1,253.00","1,055.00",934.00,196.00,262.00,0.13,0.84,0.89,0.21,1.34,0.21,"1,253.00","1,013.00",895.00,129.00,17.00,0.81,0.88,0.14,0.13,0.01,"1,253.00","1,064.00",936.00,209.00,160.00,0.85,0.88,0.22,0.77,0.13,209.00,89.00,106.00,14.00,,160.00,150.00,10.00,,-,,,,,,,,,,,209.00,146.02,,,"39,987.00",0.00,"39,987.00","32,007.00","7,980.00",0.00,0.00,,0.00,0.00,0.00,"14,000.00","14,000.00",0.00,0.00,"4,007.00",0.00,"3,990.00","3,990.00",,0.00,0.00,0.00,0.00,0.00,0.00,0.00,0.00,,,,,,,,,,,,,,,,,,,"2,105.00",14.00,9.00,0.00,0.00,0.00,0.00,0.00,-,-
2025-02-11,2025-02-10,2025-02-01,"39,013.00",0.00,202.14,240.03,31.80,185.78,"9,148.00","8,755.00","3,836.00","1,227.00","1,045.00",947.00,210.00,193.00,0.13,0.85,0.91,0.22,0.92,0.16,"1,227.00","1,006.00",911.00,144.00,28.00,0.82,0.91,0.16,0.19,0.02,"1,227.00","1,046.00",946.00,231.00,169.00,0.85,0.90,0.24,0.73,0.14,231.00,103.00,111.00,17.00,,169.00,157.00,12.00,,-,,,,,,,,,,,231.00,162.54,,,"39,013.00",0.00,"39,013.00","29,657.00","9,356.00",0.00,0.00,,0.00,0.00,0.00,"12,773.50","12,773.50",0.00,0.00,"4,110.00",0.00,"4,678.00","4,678.00",,0.00,0.00,0.00,0.00,0.00,0.00,0.00,0.00,,,,,,,,,,,,,,,,,,,"2,065.00",19.00,17.00,0.00,0.00,0.00,0.00,0.00,-,-
2025-02-12,2025-02-10,2025-02-01,"34,734.00",0.00,201.94,228.60,31.32,180.91,"8,572.00","8,177.00","3,590.00","1,109.00",935.00,827.00,192.00,172.00,0.13,0.84,0.88,0.23,0.90,0.16,"1,109.00",900.00,794.00,132.00,14.00,0.81,0.88,0.17,0.11,0.01,"1,109.00",950.00,837.00,215.00,167.00,0.86,0.88,0.26,0.78,0.15,215.00,83.00,113.00,19.00,,167.00,151.00,16.00,,-,,,,,,,,,,,215.00,151.94,,,"34,734.00",0.00,"34,734.00","24,484.00","10,250.00",0.00,0.00,,0.00,0.00,0.00,"11,187.00","11,187.00",0.00,0.00,"2,110.00",0.00,"5,125.00","5,125.00",,0.00,0.00,0.00,0.00,0.00,0.00,0.00,0.00,,,,,,,,,,,,,,,,,,,"1,828.00",8.00,6.00,0.00,0.00,0.00,0.00,0.00,-,-
2025-02-13,2025-02-10,2025-02-01,"32,212.00",0.00,272.98,215.29,29.88,180.97,"8,409.00","8,010.00","3,430.00","1,078.00",894.00,817.00,178.00,118.00,0.13,0.83,0.91,0.22,0.66,0.11,"1,078.00",860.00,784.00,123.00,7.00,0.80,0.91,0.16,0.06,0.01,"1,078.00",908.00,827.00,212.00,166.00,0.84,0.91,0.26,0.78,0.15,212.00,80.00,105.00,27.00,,166.00,143.00,23.00,,-,,,,,,,,,,,212.00,149.62,,,"32,212.00",21.00,"32,191.00","23,257.00","8,934.00",0.00,0.00,,21.00,0.00,0.00,"8,520.50","8,520.50",0.00,0.00,"6,216.00",0.00,"4,467.00","4,467.00",,0.00,0.00,0.00,0.00,0.00,0.00,0.00,0.00,,,,,,,,,,,,,,,,,,,"1,670.00",13.00,9.00,0.00,0.00,0.00,0.00,0.00,-,-
2025-02-14,2025-02-10,2025-02-01,"33,382.00",0.00,202.32,241.74,33.12,166.91,"7,937.00","7,579.00","3,332.00","1,008.00",851.00,768.00,200.00,165.00,0.13,0.84,0.90,0.26,0.83,0.16,"1,008.00",823.00,746.00,128.00,8.00,0.82,0.91,0.17,0.06,0.01,"1,008.00",868.00,785.00,196.00,161.00,0.86,0.90,0.25,0.82,0.16,196.00,76.00,96.00,24.00,,161.00,143.00,18.00,,-,,,,,,,,,,,196.00,138.09,,,"33,382.00",329.00,"33,053.00","21,616.00","11,437.00",0.00,0.00,,329.00,0.00,0.00,"8,731.00","8,731.00",0.00,0.00,"4,154.00",0.00,"5,718.50","5,718.50",,0.00,0.00,0.00,0.00,0.00,0.00,0.00,0.00,,,,,,,,,,,,,,,,,,,"1,645.00",9.00,3.00,0.00,0.00,0.00,0.00,0.00,-,-
2025-02-15,2025-02-10,2025-02-01,"51,022.00",0.00,401.75,233.61,22.97,208.25,"11,915.00","11,516.00","4,678.00","2,221.00","1,774.00","1,586.00",245.00,127.00,0.19,0.80,0.89,0.15,0.52,0.06,"2,221.00","1,734.00","1,548.00",188.00,11.00,0.78,0.89,0.12,0.06,0.00,"2,221.00","1,810.00","1,608.00",309.00,238.00,0.81,0.89,0.19,0.77,0.11,309.00,101.00,165.00,43.00,,238.00,206.00,32.00,,-,,,,,,,,,,,309.00,218.40,,,"51,022.00",315.00,"50,707.00","36,196.00","14,511.00",0.00,0.00,,315.00,0.00,0.00,"15,857.50","15,857.50",0.00,0.00,"4,481.00",0.00,"7,255.50","7,255.50",,0.00,0.00,0.00,0.00,0.00,0.00,0.00,0.00,,,,,,,,,,,,,,,,,,,"1,604.00",14.00,11.00,0.00,0.00,0.00,0.00,0.00,-,-
2025-02-16,2025-02-10,2025-02-01,"67,873.00",0.00,379.18,275.06,23.26,227.76,"14,334.00","13,923.00","5,688.00","2,918.00","2,276.00","2,064.00",298.00,179.00,0.20,0.78,0.91,0.14,0.60,0.06,"2,918.00","2,205.00","1,998.00",215.00,7.00,0.76,0.91,0.11,0.03,0.00,"2,918.00","2,307.00","2,086.00",347.00,269.00,0.79,0.90,0.17,0.78,0.09,347.00,132.00,182.00,33.00,,269.00,243.00,26.00,,-,,,,,,,,,,,347.00,246.76,,,"67,873.00",304.00,"67,569.00","50,558.00","17,011.00",0.00,0.00,,304.00,0.00,0.00,"23,111.00","23,111.00",0.00,0.00,"4,336.00",0.00,"8,505.50","8,505.50",,0.00,0.00,0.00,0.00,0.00,0.00,0.00,0.00,,,,,,,,,,,,,,,,,,,"1,617.00",7.00,6.00,0.00,0.00,0.00,0.00,0.00,-,-
2025-02-17,2025-02-17,2025-02-01,"64,751.00",0.00,267.57,301.86,25.38,247.14,"14,006.00","13,568.00","5,658.00","2,551.00","1,978.00","1,782.00",262.00,242.00,0.18,0.78,0.90,0.15,0.92,0.09,"2,551.00","1,910.00","1,721.00",176.00,26.00,0.75,0.90,0.10,0.15,0.01,"2,551.00","1,995.00","1,791.00",300.00,223.00,0.78,0.90,0.17,0.74,0.09,300.00,110.00,152.00,38.00,,223.00,197.00,26.00,,-,,,,,,,,,,,300.00,214.50,,,"64,751.00",317.00,"64,434.00","50,234.00","14,200.00",0.00,0.00,,317.00,0.00,0.00,"22,973.50","22,973.50",0.00,0.00,"4,287.00",0.00,"7,100.00","7,100.00",,0.00,0.00,0.00,0.00,0.00,0.00,0.00,0.00,,,,,,,,,,,,,,,,,,,"2,153.00",13.00,6.00,0.00,0.00,0.00,0.00,0.00,-,-
2025-02-18,2025-02-17,2025-02-01,"67,389.00",0.00,287.99,318.75,25.92,238.12,"13,964.00","13,522.00","5,619.00","2,600.00","2,025.00","1,814.00",283.00,234.00,0.19,0.78,0.90,0.16,0.83,0.09,"2,600.00","1,960.00","1,753.00",191.00,26.00,0.75,0.89,0.11,0.14,0.01,"2,600.00","2,061.00","1,837.00",296.00,221.00,0.79,0.89,0.16,0.75,0.09,296.00,98.00,158.00,40.00,,221.00,196.00,25.00,,-,,,,,,,,,,,296.00,211.42,,,"67,389.00",237.00,"67,152.00","53,060.00","14,092.00",0.00,0.00,,237.00,0.00,0.00,"22,536.50","22,536.50",0.00,0.00,"7,987.00",0.00,"7,046.00","7,046.00",,0.00,0.00,0.00,0.00,0.00,0.00,0.00,0.00,,,,,,,,,,,,,,,,,,,"2,169.00",13.00,10.00,0.00,0.00,0.00,0.00,0.00,-,-
2025-02-19,2025-02-17,2025-02-01,"70,800.00",0.00,418.93,328.97,24.33,274.42,"15,522.00","15,062.00","6,027.00","2,910.00","2,213.00","1,961.00",258.00,169.00,0.19,0.76,0.89,0.13,0.66,0.06,"2,910.00","2,152.00","1,902.00",195.00,6.00,0.74,0.88,0.10,0.03,0.00,"2,910.00","2,252.00","1,987.00",301.00,234.00,0.77,0.88,0.15,0.78,0.08,301.00,95.00,170.00,36.00,,234.00,207.00,27.00,,-,,,,,,,,,,,301.00,215.22,,,"70,800.00",254.00,"70,546.00","51,470.00","19,076.00",0.00,0.00,,254.00,0.00,0.00,"21,570.00","21,570.00",0.00,0.00,"8,330.00",0.00,"9,538.00","9,538.00",,0.00,0.00,0.00,0.00,0.00,0.00,0.00,0.00,,,,,,,,,,,,,,,,,,,"1,902.00",18.00,10.00,0.00,0.00,0.00,0.00,0.00,-,-
2025-02-20,2025-02-17,2025-02-01,"66,588.00",0.00,554.90,320.48,24.33,295.95,"14,502.00","14,111.00","5,748.00","2,737.00","2,092.00","1,863.00",225.00,120.00,0.19,0.76,0.89,0.12,0.53,0.04,"2,737.00","2,040.00","1,814.00",156.00,0.00,0.75,0.89,0.09,0.00,0.00,"2,737.00","2,142.00","1,896.00",288.00,228.00,0.78,0.89,0.15,0.79,0.08,288.00,112.00,137.00,39.00,,228.00,198.00,30.00,,-,,,,,,,,,,,288.00,207.77,,,"66,588.00",323.00,"66,265.00","48,605.00","17,660.00",0.00,0.00,,323.00,0.00,0.00,"20,165.00","20,165.00",0.00,0.00,"8,275.00",0.00,"8,830.00","8,830.00",,0.00,0.00,0.00,0.00,0.00,0.00,0.00,0.00,,,,,,,,,,,,,,,,,,,"1,761.00",14.00,9.00,0.00,0.00,0.00,0.00,0.00,-,-
2025-02-21,2025-02-17,2025-02-01,"62,503.00",0.00,393.10,323.95,24.57,257.21,"13,748.00","13,410.00","5,534.00","2,544.00","1,913.00","1,719.00",243.00,159.00,0.19,0.75,0.90,0.14,0.65,0.06,"2,544.00","1,858.00","1,666.00",157.00,0.00,0.73,0.90,0.09,0.00,0.00,"2,544.00","1,939.00","1,742.00",266.00,211.00,0.76,0.90,0.15,0.79,0.08,266.00,103.00,126.00,37.00,,211.00,185.00,26.00,,-,,,,,,,,,,,266.00,192.94,,,"62,503.00",284.00,"62,219.00","45,540.00","16,679.00",0.00,0.00,,284.00,0.00,0.00,"18,639.00","18,639.00",0.00,0.00,"8,262.00",0.00,"8,339.50","8,339.50",,0.00,0.00,0.00,0.00,0.00,0.00,0.00,0.00,,,,,,,,,,,,,,,,,,,"1,749.00",11.00,7.00,0.00,0.00,0.00,0.00,0.00,-,-
2025-02-22,2025-02-17,2025-02-01,"60,975.00",0.00,280.99,265.98,22.94,239.12,"13,935.00","13,531.00","5,643.00","2,658.00","1,993.00","1,794.00",255.00,217.00,0.19,0.75,0.90,0.14,0.85,0.08,"2,658.00","1,943.00","1,749.00",188.00,0.00,0.73,0.90,0.11,0.00,0.00,"2,658.00","2,046.00","1,839.00",315.00,258.00,0.77,0.90,0.17,0.82,0.10,315.00,137.00,138.00,40.00,,258.00,226.00,32.00,,-,,,,,,,,,,,315.00,229.24,,,"60,975.00",323.00,"60,652.00","43,461.00","17,191.00",0.00,0.00,,323.00,0.00,0.00,"17,595.00","17,595.00",0.00,0.00,"8,271.00",0.00,"8,595.50","8,595.50",,0.00,0.00,0.00,0.00,0.00,0.00,0.00,0.00,,,,,,,,,,,,,,,,,,,"1,982.00",12.00,10.00,0.00,0.00,0.00,0.00,0.00,-,-
2025-02-23,2025-02-17,2025-02-01,"53,667.00",0.00,202.52,238.43,20.67,219.05,"13,903.00","13,449.00","5,657.00","2,596.00","1,989.00","1,761.00",245.00,265.00,0.19,0.77,0.89,0.14,1.08,0.10,"2,596.00","1,933.00","1,707.00",175.00,21.00,0.74,0.88,0.10,0.12,0.01,"2,596.00","2,035.00","1,797.00",307.00,252.00,0.78,0.88,0.17,0.82,0.10,307.00,123.00,144.00,40.00,,252.00,217.00,35.00,,-,,,,,,,,,,,307.00,225.08,,,"53,667.00",344.00,"53,323.00","33,850.00","19,473.00",0.00,0.00,,344.00,0.00,0.00,"12,945.50","12,945.50",0.00,0.00,"7,959.00",0.00,"9,736.50","9,736.50",,0.00,0.00,0.00,0.00,0.00,0.00,0.00,0.00,,,,,,,,,,,,,,,,,,,"2,092.00",18.00,11.00,0.00,0.00,0.00,0.00,0.00,-,-
2025-02-24,2025-02-24,2025-02-01,"49,855.00",0.00,164.54,254.28,20.12,213.97,"14,121.00","13,683.00","5,878.00","2,478.00","1,864.00","1,667.00",233.00,303.00,0.18,0.75,0.89,0.14,1.30,0.12,"2,478.00","1,795.00","1,606.00",155.00,52.00,0.72,0.89,0.10,0.34,0.02,"2,478.00","1,898.00","1,691.00",265.00,202.00,0.77,0.89,0.16,0.76,0.08,265.00,83.00,137.00,45.00,,202.00,171.00,31.00,,-,,,,,,,,,,,265.00,196.06,,,"49,855.00",333.00,"49,522.00","32,016.00","17,506.00",0.00,0.00,,333.00,0.00,0.00,"11,871.50","11,871.50",0.00,0.00,"8,273.00",0.00,"8,753.00","8,753.00",,0.00,0.00,0.00,0.00,0.00,0.00,0.00,0.00,,,,,,,,,,,,,,,,,,,"2,425.00",21.00,12.00,0.00,0.00,0.00,0.00,0.00,-,-
2025-02-25,2025-02-24,2025-02-01,"49,961.00",0.00,257.53,241.50,20.96,228.13,"13,390.00","12,966.00","5,467.00","2,384.00","1,741.00","1,560.00",219.00,194.00,0.18,0.73,0.90,0.14,0.89,0.08,"2,384.00","1,696.00","1,521.00",149.00,36.00,0.71,0.90,0.10,0.24,0.02,"2,384.00","1,806.00","1,613.00",278.00,216.00,0.76,0.89,0.17,0.78,0.09,278.00,108.00,142.00,28.00,,216.00,195.00,21.00,,-,,,,,,,,,,,278.00,206.88,,,"49,961.00",276.00,"49,685.00","32,760.00","16,925.00",0.00,0.00,,276.00,0.00,0.00,"12,656.50","12,656.50",0.00,0.00,"7,447.00",0.00,"8,462.50","8,462.50",,0.00,0.00,0.00,0.00,0.00,0.00,0.00,0.00,,,,,,,,,,,,,,,,,,,"2,094.00",22.00,15.00,0.00,0.00,0.00,0.00,0.00,-,-
2025-02-26,2025-02-24,2025-02-01,"58,614.00",0.00,364.06,228.37,21.94,166.99,"15,407.00","14,983.00","6,966.00","2,672.00","2,076.00","1,865.00",351.00,161.00,0.17,0.78,0.90,0.19,0.46,0.06,"2,672.00","1,963.00","1,755.00",209.00,48.00,0.73,0.89,0.12,0.23,0.02,"2,672.00","2,058.00","1,837.00",344.00,243.00,0.77,0.89,0.19,0.71,0.09,344.00,163.00,139.00,42.00,,243.00,213.00,30.00,,-,,,,,,,,,,,344.00,256.66,,,"58,614.00",322.00,"58,292.00","38,875.00","19,417.00",0.00,0.00,,322.00,0.00,0.00,"15,381.50","15,381.50",0.00,0.00,"8,112.00",0.00,"9,708.50","9,708.50",,0.00,0.00,0.00,0.00,0.00,0.00,0.00,0.00,,,,,,,,,,,,,,,,,,,"2,195.00",29.00,23.00,0.00,0.00,0.00,0.00,0.00,-,-
2025-02-27,2025-02-24,2025-02-01,"51,840.00",0.00,209.03,227.66,22.97,164.57,"13,498.00","13,045.00","5,825.00","2,257.00","1,716.00","1,548.00",315.00,248.00,0.17,0.76,0.90,0.20,0.79,0.11,"2,257.00","1,640.00","1,476.00",158.00,34.00,0.73,0.90,0.11,0.22,0.02,"2,257.00","1,729.00","1,551.00",303.00,237.00,0.77,0.90,0.20,0.78,0.11,303.00,133.00,129.00,41.00,,237.00,208.00,29.00,,-,,,,,,,,,,,303.00,227.70,,,"51,840.00",306.00,"51,534.00","31,871.00","19,663.00",0.00,0.00,,306.00,0.00,0.00,"12,125.50","12,125.50",0.00,0.00,"7,620.00",0.00,"9,831.50","9,831.50",,0.00,0.00,0.00,0.00,0.00,0.00,0.00,0.00,,,,,,,,,,,,,,,,,,,"2,212.00",18.00,12.00,0.00,0.00,0.00,0.00,0.00,-,-
2025-02-28,2025-02-24,2025-02-01,"51,007.00",0.00,216.13,209.63,22.96,130.79,"13,297.00","12,891.00","5,809.00","2,222.00","1,670.00","1,479.00",390.00,236.00,0.17,0.75,0.89,0.26,0.61,0.11,"2,222.00","1,597.00","1,408.00",206.00,35.00,0.72,0.88,0.15,0.17,0.02,"2,222.00","1,698.00","1,494.00",322.00,248.00,0.76,0.88,0.22,0.77,0.11,322.00,138.00,147.00,37.00,,248.00,219.00,29.00,,-,,,,,,,,,,,322.00,243.32,,,"51,007.00",252.00,"50,755.00","29,760.00","20,995.00",0.00,0.00,,252.00,0.00,0.00,"11,148.00","11,148.00",0.00,0.00,"7,464.00",0.00,"10,497.50","10,497.50",,0.00,0.00,0.00,0.00,0.00,0.00,0.00,0.00,,,,,,,,,,,,,,,,,,,"2,479.00",19.00,17.00,0.00,0.00,0.00,0.00,0.00,-,-
2025-03-01,2025-02-24,2025-03-01,"51,671.00",0.00,394.44,195.32,22.17,136.70,"13,723.00","13,265.00","6,193.00","2,331.00","1,802.00","1,589.00",378.00,131.00,0.17,0.77,0.88,0.24,0.35,0.06,"2,331.00","1,699.00","1,491.00",225.00,0.00,0.73,0.88,0.15,0.00,0.00,"2,331.00","1,803.00","1,575.00",350.00,267.00,0.77,0.87,0.22,0.76,0.11,350.00,156.00,148.00,46.00,,267.00,231.00,36.00,,-,,,,,,,,,,,350.00,264.54,,,"51,671.00",252.00,"51,419.00","30,663.00","20,756.00",0.00,0.00,,252.00,0.00,0.00,"12,845.00","12,845.00",0.00,0.00,"4,973.00",0.00,"10,378.00","10,378.00",,0.00,0.00,0.00,0.00,0.00,0.00,0.00,0.00,,,,,,,,,,,,,,,,,,,"2,078.00",15.00,13.00,0.00,0.00,0.00,0.00,0.00,-,-
2025-03-02,2025-02-24,2025-03-01,"64,063.00",0.00,335.41,187.42,22.66,129.95,"15,701.00","15,219.00","6,926.00","2,827.00","2,176.00","1,912.00",493.00,191.00,0.18,0.77,0.88,0.26,0.39,0.07,"2,827.00","2,065.00","1,811.00",258.00,0.00,0.73,0.88,0.14,0.00,0.00,"2,827.00","2,188.00","1,912.00",402.00,306.00,0.77,0.87,0.21,0.76,0.11,402.00,182.00,180.00,40.00,,306.00,279.00,27.00,,-,,,,,,,,,,,451.17,341.82,,,"64,063.00",274.00,"63,789.00","41,299.00","22,490.00",0.00,0.00,,274.00,0.00,0.00,"15,076.00","15,076.00",0.00,0.00,"11,147.00",0.00,"11,245.00","11,245.00",,0.00,0.00,0.00,0.00,0.00,0.00,0.00,0.00,,,,,,,,,,,,,,,,,,,"2,362.00",24.00,18.00,0.00,0.00,0.00,0.00,0.00,-,-
2025-03-03,2025-03-03,2025-03-01,"75,554.00",0.00,168.65,224.66,29.70,156.75,"16,617.00","15,989.00","7,242.00","2,544.00","1,922.00","1,684.00",482.00,448.00,0.15,0.76,0.88,0.29,0.93,0.18,"2,544.00","1,843.00","1,608.00",248.00,7.00,0.72,0.87,0.15,0.03,0.00,"2,544.00","1,948.00","1,692.00",399.00,302.00,0.77,0.87,0.24,0.76,0.12,399.00,178.00,189.00,32.00,,302.00,283.00,19.00,,-,,,,,,,,,,,443.98,336.30,,,"75,554.00",277.00,"75,277.00","54,996.00","20,281.00",0.00,0.00,,277.00,0.00,0.00,"23,254.50","23,254.50",0.00,0.00,"8,487.00",0.00,"10,140.50","10,140.50",,0.00,0.00,0.00,0.00,0.00,0.00,0.00,0.00,,,,,,,,,,,,,,,,,,,"3,321.00",26.00,17.00,0.00,0.00,0.00,0.00,0.00,-,-
2025-03-04,2025-03-03,2025-03-01,"94,405.00",0.00,242.06,264.59,35.11,180.16,"17,152.00","16,471.00","7,007.00","2,689.00","2,105.00","1,899.00",524.00,390.00,0.16,0.78,0.90,0.28,0.74,0.15,"2,689.00","2,020.00","1,819.00",278.00,0.00,0.75,0.90,0.15,0.00,0.00,"2,689.00","2,111.00","1,896.00",418.00,320.00,0.79,0.90,0.22,0.77,0.12,418.00,168.00,221.00,29.00,,320.00,298.00,22.00,,-,,,,,,,,,,,472.00,356.80,,,"94,405.00",252.00,"94,153.00","74,460.00","19,693.00",0.00,0.00,,252.00,0.00,0.00,"33,041.00","33,041.00",0.00,0.00,"8,378.00",0.00,"9,846.50","9,846.50",,0.00,0.00,0.00,0.00,0.00,0.00,0.00,0.00,,,,,,,,,,,,,,,,,,,"3,102.00",20.00,11.00,0.00,0.00,0.00,0.00,0.00,-,-
2025-03-05,2025-03-03,2025-03-01,"88,160.00",0.00,427.96,243.43,34.94,130.61,"17,060.00","16,436.00","7,316.00","2,523.00","2,000.00","1,796.00",675.00,206.00,0.15,0.79,0.90,0.38,0.31,0.08,"2,523.00","1,892.00","1,698.00",267.00,0.00,0.75,0.90,0.16,0.00,0.00,"2,523.00","1,984.00","1,777.00",386.00,286.00,0.79,0.90,0.22,0.74,0.11,386.00,199.00,161.00,26.00,,286.00,264.00,22.00,,-,,,,,,,,,,,479.53,362.16,,,"88,160.00",269.00,"87,891.00","67,672.00","20,219.00",0.00,0.00,,269.00,0.00,0.00,"26,606.50","26,606.50",0.00,224.00,"14,235.00",0.00,"10,109.50","10,109.50",,0.00,0.00,0.00,0.00,0.00,0.00,0.00,0.00,,,,,,,,,,,,,,,,,,,"2,713.00",26.00,15.00,0.00,0.00,0.00,0.00,0.00,-,-
2025-03-06,2025-03-03,2025-03-01,"82,080.00",0.00,249.48,302.63,35.72,265.63,"15,547.00","15,003.00","6,323.00","2,298.00","1,700.00","1,516.00",309.00,329.00,0.15,0.74,0.89,0.20,1.06,0.14,"2,298.00","1,650.00","1,474.00",201.00,0.00,0.72,0.89,0.14,0.00,0.00,"2,298.00","1,739.00","1,552.00",315.00,231.00,0.76,0.89,0.20,0.73,0.10,315.00,148.00,143.00,24.00,,231.00,214.00,17.00,,-,,,,,,,,,,,359.88,271.23,,,"82,080.00",221.00,"81,859.00","62,323.00","19,536.00",0.00,0.00,,221.00,0.00,0.00,"23,817.50","23,817.50",0.00,360.00,"14,328.00",0.00,"9,768.00","9,768.00",,0.00,0.00,0.00,0.00,0.00,0.00,0.00,0.00,,,,,,,,,,,,,,,,,,,"2,769.00",16.00,12.00,0.00,0.00,0.00,0.00,0.00,-,-
2025-03-07,2025-03-03,2025-03-01,"80,991.00",0.00,253.10,338.77,36.35,346.12,"14,562.00","14,063.00","6,018.00","2,228.00","1,697.00","1,517.00",234.00,320.00,0.15,0.76,0.89,0.15,1.37,0.14,"2,228.00","1,631.00","1,454.00",178.00,0.00,0.73,0.89,0.12,0.00,0.00,"2,228.00","1,717.00","1,525.00",307.00,240.00,0.77,0.89,0.20,0.78,0.11,307.00,138.00,146.00,23.00,,240.00,226.00,14.00,,-,,,,,,,,,,,318.58,239.07,,,"80,991.00",259.00,"80,732.00","61,648.00","19,084.00",0.00,0.00,,259.00,0.00,0.00,"23,537.00","23,537.00",0.00,290.00,"14,284.00",0.00,"9,542.00","9,542.00",,0.00,0.00,0.00,0.00,0.00,0.00,0.00,0.00,,,,,,,,,,,,,,,,,,,"2,615.00",12.00,6.00,0.00,0.00,0.00,0.00,0.00,-,-
2025-03-08,2025-03-03,2025-03-01,"78,836.00",0.00,398.16,242.37,32.90,213.65,"14,343.00","13,877.00","5,995.00","2,396.00","1,857.00","1,673.00",369.00,198.00,0.17,0.78,0.90,0.22,0.54,0.08,"2,396.00","1,775.00","1,592.00",244.00,0.00,0.74,0.90,0.15,0.00,0.00,"2,396.00","1,867.00","1,672.00",356.00,272.00,0.78,0.90,0.21,0.76,0.11,356.00,135.00,194.00,27.00,,272.00,253.00,19.00,,-,,,,,,,,,,,432.92,325.27,,,"78,836.00",257.00,"78,579.00","59,332.00","19,247.00",0.00,0.00,,257.00,0.00,0.00,"22,266.00","22,266.00",0.00,434.00,"14,366.00",0.00,"9,623.50","9,623.50",,0.00,0.00,0.00,0.00,0.00,0.00,0.00,0.00,,,,,,,,,,,,,,,,,,,"2,376.00",24.00,18.00,0.00,0.00,0.00,0.00,0.00,-,-
2025-03-09,2025-03-03,2025-03-01,"73,425.00",0.00,450.46,250.84,29.28,219.84,"14,226.00","13,792.00","5,890.00","2,508.00","1,907.00","1,680.00",334.00,163.00,0.18,0.76,0.88,0.20,0.49,0.06,"2,508.00","1,831.00","1,611.00",220.00,0.00,0.73,0.88,0.14,0.00,0.00,"2,508.00","1,946.00","1,704.00",356.00,265.00,0.78,0.88,0.21,0.74,0.11,356.00,142.00,183.00,31.00,,265.00,240.00,25.00,,-,,,,,,,,,,,389.09,292.72,,,"73,425.00",289.00,"73,136.00","53,307.00","19,829.00",0.00,0.00,,289.00,0.00,0.00,"18,888.00","18,888.00",0.00,"1,148.00","14,383.00",0.00,"9,914.50","9,914.50",,0.00,0.00,0.00,0.00,0.00,0.00,0.00,0.00,,,,,,,,,,,,,,,,,,,"2,234.00",22.00,15.00,0.00,0.00,0.00,0.00,0.00,-,-
2025-03-10,2025-03-10,2025-03-01,"80,578.00",0.00,189.60,297.46,35.62,241.25,"14,854.00","14,331.00","6,428.00","2,262.00","1,794.00","1,594.00",334.00,425.00,0.15,0.79,0.89,0.21,1.27,0.19,"2,262.00","1,715.00","1,520.00",211.00,0.00,0.76,0.89,0.14,0.00,0.00,"2,262.00","1,789.00","1,583.00",320.00,244.00,0.79,0.88,0.20,0.76,0.11,320.00,137.00,163.00,20.00,,244.00,229.00,15.00,,-,,,,,,,,,,,359.57,270.89,,,"80,578.00",289.00,"80,289.00","59,801.00","20,488.00",0.00,0.00,,289.00,0.00,0.00,"22,045.50","22,045.50",0.00,"1,203.00","14,507.00",0.00,"10,244.00","10,244.00",,0.00,0.00,0.00,0.00,0.00,0.00,0.00,0.00,,,,,,,,,,,,,,,,,,,"3,045.00",9.00,6.00,0.00,0.00,0.00,0.00,0.00,-,-
2025-03-11,2025-03-10,2025-03-01,"83,954.00",0.00,241.94,323.28,35.88,291.51,"14,998.00","14,439.00","6,280.00","2,340.00","1,854.00","1,635.00",288.00,347.00,0.16,0.79,0.88,0.18,1.20,0.15,"2,340.00","1,787.00","1,575.00",201.00,0.00,0.76,0.88,0.13,0.00,0.00,"2,340.00","1,876.00","1,649.00",327.00,241.00,0.80,0.88,0.20,0.74,0.10,327.00,137.00,171.00,19.00,,241.00,229.00,12.00,,-,,,,,,,,,,,343.67,259.69,,,"83,954.00",278.00,"83,676.00","64,243.00","19,433.00",0.00,0.00,,278.00,0.00,0.00,"25,315.50","25,315.50",0.00,"1,404.00","12,208.00",0.00,"9,716.50","9,716.50",,0.00,0.00,0.00,0.00,0.00,0.00,0.00,0.00,,,,,,,,,,,,,,,,,,,"2,902.00",20.00,11.00,0.00,0.00,0.00,0.00,0.00,-,-
2025-03-12,2025-03-10,2025-03-01,"78,709.00",0.00,332.11,307.38,33.48,295.90,"13,957.00","13,483.00","5,994.00","2,351.00","1,774.00","1,582.00",266.00,237.00,0.17,0.75,0.89,0.17,0.89,0.10,"2,351.00","1,713.00","1,527.00",198.00,0.00,0.73,0.89,0.13,0.00,0.00,"2,351.00","1,820.00","1,615.00",324.00,225.00,0.77,0.89,0.20,0.69,0.10,324.00,139.00,168.00,17.00,,225.00,214.00,11.00,,-,,,,,,,,,,,339.07,256.07,,,"78,709.00",253.00,"78,456.00","58,192.00","20,264.00",0.00,0.00,,253.00,0.00,0.00,"22,483.50","22,483.50",0.00,"1,398.00","11,827.00",0.00,"10,132.00","10,132.00",,0.00,0.00,0.00,0.00,0.00,0.00,0.00,0.00,,,,,,,,,,,,,,,,,,,"2,537.00",10.00,7.00,0.00,0.00,0.00,0.00,0.00,-,-
2025-03-13,2025-03-10,2025-03-01,"72,340.00",0.00,324.39,301.81,28.82,281.48,"14,107.00","13,659.00","6,008.00","2,510.00","1,910.00","1,707.00",257.00,223.00,0.18,0.76,0.89,0.15,0.87,0.09,"2,510.00","1,844.00","1,646.00",183.00,0.00,0.73,0.89,0.11,0.00,0.00,"2,510.00","1,948.00","1,726.00",325.00,245.00,0.78,0.89,0.19,0.75,0.10,325.00,120.00,185.00,20.00,,245.00,228.00,17.00,,-,,,,,,,,,,,317.53,239.69,,,"72,340.00",232.00,"72,108.00","51,560.00","20,548.00",0.00,0.00,,232.00,0.00,0.00,"19,087.50","19,087.50",0.00,"1,545.00","11,840.00",0.00,"10,274.00","10,274.00",,0.00,0.00,0.00,0.00,0.00,0.00,0.00,0.00,,,,,,,,,,,,,,,,,,,"2,387.00",24.00,16.00,0.00,0.00,0.00,0.00,0.00,-,-
2025-03-14,2025-03-10,2025-03-01,"71,767.00",0.00,327.70,272.47,26.01,261.92,"15,897.00","15,413.00","6,592.00","2,759.00","2,050.00","1,863.00",274.00,219.00,0.17,0.74,0.91,0.15,0.80,0.08,"2,759.00","1,957.00","1,773.00",188.00,0.00,0.71,0.91,0.11,0.00,0.00,"2,759.00","2,066.00","1,859.00",309.00,225.00,0.75,0.90,0.17,0.73,0.08,309.00,101.00,182.00,26.00,,225.00,206.00,19.00,,-,,,,,,,,,,,349.25,263.39,,,"71,767.00","10,744.00","61,023.00","40,798.00","20,225.00",0.00,0.00,,253.00,"10,491.00",0.00,"13,143.50","13,143.50",0.00,"2,244.00","12,267.00",0.00,"10,112.50","10,112.50",,0.00,0.00,0.00,0.00,0.00,0.00,0.00,0.00,,,,,,,,,,,,,,,,,,,"2,409.00",13.00,4.00,0.00,0.00,0.00,0.00,0.00,-,-
2025-03-15,2025-03-10,2025-03-01,"75,520.00",0.00,510.27,273.55,23.23,272.64,"17,777.00","17,277.00","6,937.00","3,251.00","2,351.00","2,127.00",277.00,148.00,0.18,0.72,0.90,0.13,0.53,0.05,"3,251.00","2,256.00","2,037.00",191.00,0.00,0.69,0.90,0.09,0.00,0.00,"3,251.00","2,393.00","2,145.00",310.00,224.00,0.74,0.90,0.14,0.72,0.07,310.00,133.00,144.00,33.00,,224.00,202.00,22.00,,-,,,,,,,,,,,366.06,276.07,,,"75,520.00","13,923.00","61,597.00","40,743.00","20,854.00",0.00,0.00,,275.00,"13,648.00",0.00,"12,460.50","12,460.50",0.00,"4,025.00","11,797.00",0.00,"10,427.00","10,427.00",,0.00,0.00,0.00,0.00,0.00,0.00,0.00,0.00,,,,,,,,,,,,,,,,,,,"1,901.00",11.00,4.00,0.00,0.00,0.00,0.00,0.00,-,-
2025-03-16,2025-03-10,2025-03-01,"83,672.00",0.00,680.26,294.71,24.80,288.52,"18,534.00","18,047.00","7,101.00","3,374.00","2,429.00","2,193.00",290.00,123.00,0.18,0.72,0.90,0.13,0.42,0.04,"3,374.00","2,327.00","2,102.00",201.00,0.00,0.69,0.90,0.10,0.00,0.00,"3,374.00","2,449.00","2,200.00",342.00,251.00,0.73,0.90,0.16,0.73,0.07,342.00,140.00,169.00,33.00,,251.00,230.00,21.00,,-,,,,,,,,,,,376.25,283.92,,,"83,672.00","11,924.00","71,748.00","47,731.00","24,017.00",0.00,0.00,,260.00,"11,664.00",0.00,"15,732.00","15,732.00",0.00,"4,010.00","12,257.00",0.00,"12,008.50","12,008.50",,0.00,0.00,0.00,0.00,0.00,0.00,0.00,0.00,,,,,,,,,,,,,,,,,,,"1,962.00",17.00,11.00,0.00,0.00,0.00,0.00,0.00,-,-
2025-03-17,2025-03-17,2025-03-01,"87,640.00",0.00,291.16,281.84,26.95,292.13,"18,849.00","18,240.00","7,485.00","3,252.00","2,377.00","2,164.00",300.00,301.00,0.17,0.73,0.91,0.14,1.00,0.09,"3,252.00","2,310.00","2,100.00",222.00,0.00,0.71,0.91,0.11,0.00,0.00,"3,252.00","2,433.00","2,195.00",346.00,240.00,0.75,0.90,0.16,0.69,0.07,346.00,126.00,190.00,30.00,,240.00,222.00,18.00,,-,,,,,,,,,,,412.54,310.96,,,"87,640.00","16,916.00","70,724.00","49,174.00","21,550.00",0.00,0.00,,263.00,"16,653.00",0.00,"17,414.00","17,414.00",0.00,"4,011.00","10,335.00",0.00,"10,775.00","10,775.00",,0.00,0.00,0.00,0.00,0.00,0.00,0.00,0.00,,,,,,,,,,,,,,,,,,,"2,890.00",20.00,16.00,0.00,0.00,0.00,0.00,0.00,-,-
2025-03-18,2025-03-17,2025-03-01,"101,786.00",0.00,366.14,298.72,30.14,297.62,"19,110.00","18,442.00","7,611.00","3,377.00","2,552.00","2,307.00",342.00,278.00,0.18,0.76,0.90,0.15,0.81,0.08,"3,377.00","2,476.00","2,240.00",250.00,0.00,0.73,0.90,0.11,0.00,0.00,"3,377.00","2,614.00","2,352.00",389.00,280.00,0.77,0.90,0.17,0.72,0.08,389.00,147.00,218.00,24.00,,280.00,264.00,16.00,,-,,,,,,,,,,,451.88,340.74,,,"101,786.00","22,460.00","79,326.00","58,515.00","20,811.00",0.00,0.00,,266.00,"22,194.00",0.00,"22,284.50","22,284.50",0.00,"4,023.00","9,923.00",0.00,"10,405.50","10,405.50",,0.00,0.00,0.00,0.00,0.00,0.00,0.00,0.00,,,,,,,,,,,,,,,,,,,"2,877.00",24.00,14.00,0.00,0.00,0.00,0.00,0.00,-,-
2025-03-19,2025-03-17,2025-03-01,"95,540.00",0.00,430.36,319.63,30.33,317.41,"18,437.00","17,783.00","7,220.00","3,150.00","2,424.00","2,172.00",301.00,222.00,0.17,0.77,0.90,0.14,0.74,0.07,"3,150.00","2,342.00","2,099.00",219.00,0.00,0.74,0.90,0.10,0.00,0.00,"3,150.00","2,460.00","2,195.00",374.00,263.00,0.78,0.89,0.17,0.70,0.08,374.00,145.00,196.00,33.00,,263.00,238.00,25.00,,-,,,,,,,,,,,396.11,298.91,,,"95,540.00","23,135.00","72,405.00","52,092.00","20,313.00",0.00,0.00,,237.00,"22,898.00",0.00,"19,083.50","19,083.50",0.00,"4,011.00","9,914.00",0.00,"10,156.50","10,156.50",,0.00,0.00,0.00,0.00,0.00,0.00,0.00,0.00,,,,,,,,,,,,,,,,,,,"2,667.00",15.00,9.00,0.00,0.00,0.00,0.00,0.00,-,-
2025-03-20,2025-03-17,2025-03-01,"108,758.00",0.00,614.45,295.34,34.15,286.21,"17,799.00","17,230.00","7,104.00","3,185.00","2,569.00","2,320.00",380.00,177.00,0.18,0.81,0.90,0.16,0.47,0.06,"3,185.00","2,474.00","2,231.00",287.00,0.00,0.78,0.90,0.13,0.00,0.00,"3,185.00","2,586.00","2,318.00",456.00,324.00,0.81,0.90,0.20,0.71,0.10,456.00,157.00,281.00,18.00,,324.00,310.00,14.00,,-,,,,,,,,,,,487.91,368.25,,,"108,758.00","17,297.00","91,461.00","72,769.00","18,692.00",0.00,0.00,,248.00,"17,049.00",0.00,"30,009.50","30,009.50",0.00,"2,681.00","10,069.00",0.00,"9,346.00","9,346.00",,0.00,0.00,0.00,0.00,0.00,0.00,0.00,0.00,,,,,,,,,,,,,,,,,,,"2,478.00",13.00,7.00,0.00,0.00,0.00,0.00,0.00,-,-
2025-03-21,2025-03-17,2025-03-01,"93,274.00",0.00,478.33,271.13,34.57,247.41,"16,655.00","16,124.00","6,694.00","2,698.00","2,189.00","1,980.00",377.00,195.00,0.16,0.81,0.90,0.19,0.52,0.07,"2,698.00","2,108.00","1,909.00",263.00,0.00,0.78,0.91,0.14,0.00,0.00,"2,698.00","2,202.00","1,986.00",408.00,282.00,0.82,0.90,0.21,0.69,0.10,408.00,144.00,240.00,24.00,,282.00,260.00,22.00,,-,,,,,,,,,,,455.17,344.02,,,"93,274.00","12,077.00","81,197.00","62,581.00","18,616.00",0.00,0.00,,238.00,"11,839.00",0.00,"25,181.50","25,181.50",0.00,"2,297.00","9,921.00",0.00,"9,308.00","9,308.00",,0.00,0.00,0.00,0.00,0.00,0.00,0.00,0.00,,,,,,,,,,,,,,,,,,,"2,429.00",12.00,5.00,0.00,0.00,0.00,0.00,0.00,-,-
2025-03-22,2025-03-17,2025-03-01,"89,593.00",0.00,711.06,266.87,28.88,261.20,"17,114.00","16,619.00","6,801.00","3,102.00","2,496.00","2,280.00",343.00,126.00,0.18,0.80,0.91,0.15,0.37,0.04,"3,102.00","2,396.00","2,187.00",257.00,0.00,0.77,0.91,0.12,0.00,0.00,"3,102.00","2,497.00","2,274.00",422.00,306.00,0.80,0.91,0.19,0.73,0.10,422.00,149.00,242.00,31.00,,306.00,285.00,21.00,,-,,,,,,,,,,,444.85,335.72,,,"89,593.00","9,706.00","79,887.00","63,643.00","16,244.00",0.00,0.00,,250.00,"9,456.00",0.00,"25,897.00","25,897.00",0.00,"2,005.00","9,844.00",0.00,"8,122.00","8,122.00",,0.00,0.00,0.00,0.00,0.00,0.00,0.00,0.00,,,,,,,,,,,,,,,,,,,"2,044.00",14.00,8.00,0.00,0.00,0.00,0.00,0.00,-,-
2025-03-23,2025-03-17,2025-03-01,"113,153.00",0.00,775.02,294.84,30.57,280.78,"19,768.00","19,208.00","7,578.00","3,702.00","2,973.00","2,659.00",403.00,146.00,0.19,0.80,0.89,0.15,0.36,0.04,"3,702.00","2,876.00","2,567.00",297.00,0.00,0.78,0.89,0.12,0.00,0.00,"3,702.00","3,011.00","2,675.00",513.00,378.00,0.81,0.89,0.19,0.74,0.10,513.00,203.00,290.00,20.00,,378.00,364.00,14.00,,-,,,,,,,,,,,507.78,383.78,,,"113,153.00","18,487.00","94,666.00","74,947.00","19,719.00",0.00,0.00,,277.00,"18,210.00",0.00,"31,672.00","31,672.00",0.00,"1,871.00","9,732.00",0.00,"9,859.50","9,859.50",,0.00,0.00,0.00,0.00,0.00,0.00,0.00,0.00,,,,,,,,,,,,,,,,,,,"2,237.00",12.00,6.00,0.00,0.00,0.00,0.00,0.00,-,-
2025-03-24,2025-03-24,2025-03-01,"100,218.00",0.00,310.27,291.28,32.54,256.97,"18,340.00","17,659.00","7,626.00","3,080.00","2,466.00","2,221.00",390.00,323.00,0.17,0.80,0.90,0.18,0.83,0.10,"3,080.00","2,378.00","2,138.00",271.00,0.00,0.77,0.90,0.13,0.00,0.00,"3,080.00","2,472.00","2,203.00",435.00,303.00,0.80,0.89,0.20,0.70,0.10,435.00,153.00,262.00,20.00,,303.00,292.00,11.00,,-,,,,,,,,,,,454.75,344.06,,,"100,218.00","14,117.00","86,101.00","70,759.00","15,342.00",0.00,0.00,,271.00,"13,846.00",0.00,"29,929.00","29,929.00",0.00,"1,133.00","9,768.00",0.00,"7,671.00","7,671.00",,0.00,0.00,0.00,0.00,0.00,0.00,0.00,0.00,,,,,,,,,,,,,,,,,,,"3,158.00",18.00,9.00,0.00,0.00,0.00,0.00,0.00,-,-
2025-03-25,2025-03-24,2025-03-01,"94,518.00",0.00,283.84,281.29,30.68,240.50,"18,217.00","17,441.00","7,762.00","3,081.00","2,497.00","2,251.00",393.00,333.00,0.17,0.81,0.90,0.17,0.85,0.11,"3,081.00","2,422.00","2,182.00",264.00,0.00,0.79,0.90,0.12,0.00,0.00,"3,081.00","2,536.00","2,269.00",415.00,288.00,0.82,0.89,0.18,0.69,0.09,415.00,172.00,227.00,16.00,,288.00,277.00,11.00,,-,,,,,,,,,,,444.54,336.02,,,"94,518.00","14,705.00","79,813.00","64,040.00","15,773.00",0.00,0.00,,248.00,"14,457.00",0.00,"27,218.00","27,218.00",0.00,0.00,"9,604.00",0.00,"7,886.50","7,886.50",,0.00,0.00,0.00,0.00,0.00,0.00,0.00,0.00,,,,,,,,,,,,,,,,,,,"3,436.00",20.00,13.00,0.00,0.00,0.00,0.00,0.00,-,-
2025-03-26,2025-03-24,2025-03-01,"75,678.00",0.00,232.86,258.33,29.24,209.06,"16,198.00","15,573.00","7,022.00","2,588.00","2,039.00","1,817.00",362.00,325.00,0.16,0.79,0.89,0.20,0.90,0.13,"2,588.00","1,969.00","1,757.00",231.00,0.00,0.76,0.89,0.13,0.00,0.00,"2,588.00","2,053.00","1,825.00",396.00,295.00,0.79,0.89,0.22,0.74,0.11,396.00,149.00,222.00,25.00,,295.00,278.00,17.00,,-,,,,,,,,,,,387.38,292.95,,,"75,678.00","10,780.00","64,898.00","50,024.00","14,874.00",0.00,0.00,,237.00,"10,543.00",0.00,"21,343.00","21,343.00",0.00,0.00,"7,338.00",0.00,"7,437.00","7,437.00",,0.00,0.00,0.00,0.00,0.00,0.00,0.00,0.00,,,,,,,,,,,,,,,,,,,"3,237.00",15.00,7.00,0.00,0.00,0.00,0.00,0.00,-,-
2025-03-27,2025-03-24,2025-03-01,"84,835.00",0.00,339.34,259.92,29.97,215.87,"17,065.00","16,397.00","7,145.00","2,831.00","2,187.00","1,978.00",393.00,250.00,0.17,0.77,0.90,0.20,0.64,0.09,"2,831.00","2,108.00","1,908.00",263.00,0.00,0.74,0.91,0.14,0.00,0.00,"2,831.00","2,222.00","2,000.00",438.00,321.00,0.78,0.90,0.22,0.73,0.11,438.00,166.00,255.00,17.00,,321.00,310.00,11.00,,-,,,,,,,,,,,432.00,326.38,,,"84,835.00","8,040.00","76,795.00","62,596.00","14,199.00",0.00,0.00,,235.00,"7,805.00",0.00,"27,585.50","27,585.50",0.00,0.00,"7,425.00",0.00,"7,099.50","7,099.50",,0.00,0.00,0.00,0.00,0.00,0.00,0.00,0.00,,,,,,,,,,,,,,,,,,,"3,107.00",12.00,9.00,0.00,0.00,0.00,0.00,0.00,-,-
2025-03-28,2025-03-24,2025-03-01,"84,592.00",0.00,291.70,269.21,34.53,195.81,"15,643.00","15,016.00","6,825.00","2,450.00","1,969.00","1,764.00",432.00,290.00,0.16,0.80,0.90,0.24,0.67,0.12,"2,450.00","1,863.00","1,666.00",254.00,1.00,0.76,0.89,0.15,0.00,0.00,"2,450.00","1,955.00","1,741.00",398.00,288.00,0.80,0.89,0.23,0.72,0.12,398.00,145.00,238.00,15.00,,288.00,279.00,9.00,,-,,,,,,,,,,,415.79,314.23,,,"84,592.00","16,816.00","67,776.00","54,298.00","13,478.00",0.00,0.00,,260.00,"16,556.00",0.00,"23,447.50","23,447.50",0.00,0.00,"7,403.00",0.00,"6,739.00","6,739.00",,0.00,0.00,0.00,0.00,0.00,0.00,0.00,0.00,,,,,,,,,,,,,,,,,,,"3,180.00",21.00,20.00,0.00,0.00,0.00,0.00,0.00,-,-
2025-03-29,2025-03-24,2025-03-01,"66,462.00",0.00,312.03,221.65,28.88,161.71,"14,603.00","13,992.00","6,383.00","2,301.00","1,887.00","1,700.00",411.00,213.00,0.16,0.82,0.90,0.24,0.52,0.09,"2,301.00","1,774.00","1,592.00",239.00,0.00,0.77,0.90,0.15,0.00,0.00,"2,301.00","1,859.00","1,664.00",369.00,270.00,0.81,0.90,0.22,0.73,0.12,369.00,156.00,198.00,15.00,,270.00,258.00,12.00,,-,,,,,,,,,,,397.36,299.85,,,"66,462.00","6,334.00","60,128.00","46,688.00","13,440.00",0.00,0.00,,245.00,"6,089.00",0.00,"19,676.00","19,676.00",0.00,0.00,"7,336.00",0.00,"6,720.00","6,720.00",,0.00,0.00,0.00,0.00,0.00,0.00,0.00,0.00,,,,,,,,,,,,,,,,,,,"2,851.00",19.00,15.00,0.00,0.00,0.00,0.00,0.00,-,-
2025-03-30,2025-03-24,2025-03-01,"75,020.00",0.00,293.05,250.41,31.32,177.77,"14,702.00","14,162.00","6,283.00","2,395.00","1,959.00","1,743.00",422.00,256.00,0.16,0.82,0.89,0.24,0.61,0.11,"2,395.00","1,857.00","1,644.00",242.00,0.00,0.78,0.89,0.15,0.00,0.00,"2,395.00","1,960.00","1,721.00",372.00,281.00,0.82,0.88,0.22,0.76,0.12,372.00,172.00,190.00,10.00,,281.00,275.00,6.00,,-,,,,,,,,,,,396.51,299.58,,,"75,020.00","7,218.00","67,802.00","54,723.00","13,079.00",0.00,0.00,,271.00,"6,947.00",0.00,"23,770.50","23,770.50",0.00,0.00,"7,182.00",0.00,"6,539.50","6,539.50",,0.00,0.00,0.00,0.00,0.00,0.00,0.00,0.00,,,,,,,,,,,,,,,,,,,"2,759.00",57.00,46.00,0.00,0.00,0.00,0.00,0.00,-,-
2025-03-31,2025-03-31,2025-03-01,"93,495.00",0.00,250.66,223.21,30.75,168.76,"17,944.00","17,273.00","8,245.00","3,040.00","2,506.00","2,257.00",554.00,373.00,0.17,0.82,0.90,0.25,0.67,0.12,"3,040.00","2,379.00","2,142.00",340.00,0.00,0.78,0.90,0.16,0.00,0.00,"3,040.00","2,495.00","2,229.00",523.00,368.00,0.82,0.89,0.23,0.70,0.12,523.00,255.00,256.00,12.00,,368.00,361.00,7.00,,-,,,,,,,,,,,553.75,418.86,,,"93,495.00","19,264.00","74,231.00","62,044.00","12,187.00",0.00,0.00,,227.00,"19,037.00",0.00,"27,670.00","27,670.00",0.00,0.00,"6,704.00",0.00,"6,093.50","6,093.50",,0.00,0.00,0.00,0.00,0.00,0.00,0.00,0.00,,,,,,,,,,,,,,,,,,,"4,132.00",207.00,183.00,0.00,0.00,0.00,0.00,0.00,-,-
2025-04-01,2025-03-31,2025-04-01,"73,152.00",0.00,182.42,202.42,26.61,124.83,"17,681.00","17,030.00","8,220.00","2,749.00","2,233.00","2,008.00",586.00,401.00,0.16,0.81,0.90,0.29,0.68,0.15,"2,749.00","2,122.00","1,899.00",290.00,0.00,0.77,0.89,0.15,0.00,0.00,"2,749.00","2,256.00","2,008.00",449.00,301.00,0.82,0.89,0.22,0.67,0.11,449.00,226.00,207.00,16.00,,301.00,289.00,12.00,,-,,,,,,,,,,,478.26,361.39,,,"73,152.00",536.00,"72,616.00","57,664.00","14,952.00",0.00,0.00,,299.00,237.00,0.00,"25,133.00","25,133.00",0.00,0.00,"7,398.00",0.00,"7,476.00","7,476.00",,0.00,0.00,0.00,0.00,0.00,0.00,0.00,0.00,,,,,,,,,,,,,,,,,,,"4,165.00",188.00,164.00,0.00,0.00,0.00,0.00,0.00,-,-
2025-04-02,2025-03-31,2025-04-01,"68,351.00",0.00,163.52,192.56,26.35,147.31,"16,473.00","15,822.00","7,465.00","2,594.00","2,101.00","1,859.00",464.00,418.00,0.16,0.81,0.88,0.25,0.90,0.16,"2,594.00","1,997.00","1,768.00",280.00,0.00,0.77,0.89,0.16,0.00,0.00,"2,594.00","2,089.00","1,841.00",399.00,271.00,0.81,0.88,0.22,0.68,0.10,399.00,205.00,180.00,14.00,,271.00,261.00,10.00,,-,,,,,,,,,,,469.31,354.96,,,"68,351.00",278.00,"68,073.00","53,184.00","14,889.00",0.00,0.00,,278.00,0.00,0.00,"22,795.00","22,795.00",0.00,0.00,"7,594.00",0.00,"7,444.50","7,444.50",,0.00,0.00,0.00,0.00,0.00,0.00,0.00,0.00,,,,,,,,,,,,,,,,,,,"3,886.00",182.00,158.00,0.00,0.00,0.00,0.00,0.00,-,-
2025-04-03,2025-03-31,2025-04-01,"74,698.00",0.00,170.15,220.14,28.50,179.13,"16,498.00","15,837.00","7,168.00","2,621.00","2,071.00","1,851.00",417.00,439.00,0.16,0.79,0.89,0.23,1.05,0.17,"2,621.00","1,998.00","1,782.00",269.00,1.00,0.76,0.89,0.15,0.00,0.00,"2,621.00","2,108.00","1,866.00",386.00,257.00,0.80,0.89,0.21,0.67,0.10,386.00,188.00,179.00,19.00,,257.00,244.00,13.00,,-,,,,,,,,,,,448.19,339.32,,,"74,698.00",247.00,"74,451.00","59,257.00","15,194.00",0.00,0.00,,247.00,0.00,0.00,"25,254.50","25,254.50",0.00,0.00,"8,748.00",0.00,"7,597.00","7,597.00",,0.00,0.00,0.00,0.00,0.00,0.00,0.00,0.00,,,,,,,,,,,,,,,,,,,"3,553.00",90.00,75.00,0.00,0.00,0.00,0.00,0.00,-,-
2025-04-04,2025-03-31,2025-04-01,"78,645.00",0.00,254.51,233.53,30.87,190.89,"16,528.00","15,958.00","6,649.00","2,548.00","2,057.00","1,819.00",412.00,309.00,0.15,0.81,0.88,0.23,0.75,0.12,"2,548.00","1,972.00","1,741.00",267.00,1.00,0.77,0.88,0.15,0.00,0.00,"2,548.00","2,054.00","1,802.00",429.00,319.00,0.81,0.88,0.24,0.74,0.13,429.00,215.00,201.00,13.00,,319.00,312.00,7.00,,-,,,,,,,,,,,443.38,336.77,,,"78,645.00",261.00,"78,384.00","61,458.00","16,926.00",0.00,0.00,,261.00,0.00,0.00,"26,307.00","26,307.00",0.00,0.00,"8,844.00",0.00,"8,463.00","8,463.00",,0.00,0.00,0.00,0.00,0.00,0.00,0.00,0.00,,,,,,,,,,,,,,,,,,,"3,082.00",109.00,95.00,0.00,0.00,0.00,0.00,0.00,-,-
2025-04-05,2025-03-31,2025-04-01,"79,453.00",0.00,369.55,239.93,30.50,184.35,"18,380.00","17,852.00","6,583.00","2,605.00","2,082.00","1,854.00",431.00,215.00,0.14,0.80,0.89,0.23,0.50,0.08,"2,605.00","1,998.00","1,774.00",260.00,0.00,0.77,0.89,0.15,0.00,0.00,"2,605.00","2,080.00","1,846.00",373.00,259.00,0.80,0.89,0.20,0.69,0.10,373.00,153.00,208.00,12.00,,259.00,252.00,7.00,,-,,,,,,,,,,,434.43,331.15,,,"79,453.00",256.00,"79,197.00","62,941.00","16,256.00",0.00,0.00,,256.00,0.00,0.00,"27,049.50","27,049.50",0.00,0.00,"8,842.00",0.00,"8,128.00","8,128.00",,0.00,0.00,0.00,0.00,0.00,0.00,0.00,0.00,,,,,,,,,,,,,,,,,,,"2,752.00",92.00,80.00,0.00,0.00,0.00,0.00,0.00,-,-
2025-04-06,2025-03-31,2025-04-01,"88,828.00",0.00,371.67,203.79,27.28,157.22,"20,128.00","19,603.00","7,581.00","3,256.00","2,591.00","2,310.00",565.00,239.00,0.16,0.80,0.89,0.24,0.42,0.07,"3,256.00","2,487.00","2,216.00",345.00,1.00,0.76,0.89,0.16,0.00,0.00,"3,256.00","2,616.00","2,323.00",511.00,368.00,0.80,0.89,0.22,0.72,0.11,511.00,241.00,259.00,11.00,,368.00,359.00,9.00,,-,,,,,,,,,,,569.86,435.89,,,"88,828.00",277.00,"88,551.00","70,198.00","18,353.00",0.00,0.00,,277.00,0.00,0.00,"30,655.50","30,655.50",0.00,0.00,"8,887.00",0.00,"9,176.50","9,176.50",,0.00,0.00,0.00,0.00,0.00,0.00,0.00,0.00,,,,,,,,,,,,,,,,,,,"2,918.00",148.00,127.00,0.00,0.00,0.00,0.00,0.00,-,-
2025-04-07,2025-04-07,2025-04-01,"92,981.00",0.00,214.24,218.37,28.75,175.44,"21,536.00","20,885.00","8,332.00","3,234.00","2,559.00","2,251.00",530.00,434.00,0.15,0.79,0.88,0.24,0.82,0.13,"3,234.00","2,447.00","2,153.00",336.00,0.00,0.76,0.88,0.16,0.00,0.00,"3,234.00","2,581.00","2,252.00",496.00,353.00,0.80,0.87,0.22,0.71,0.11,496.00,235.00,244.00,17.00,,353.00,341.00,12.00,,-,,,,,,,,,,,555.61,425.80,,,"92,981.00","2,108.00","90,873.00","72,838.00","18,035.00",0.00,0.00,,271.00,"1,837.00",0.00,"31,043.50","31,043.50",0.00,0.00,"10,751.00",0.00,"9,017.50","9,017.50",,0.00,0.00,0.00,0.00,0.00,0.00,0.00,0.00,,,,,,,,,,,,,,,,,,,"3,908.00",178.00,159.00,0.00,0.00,0.00,0.00,0.00,-,-
2025-04-08,2025-04-07,2025-04-01,"83,242.00",0.00,260.95,230.85,28.12,166.48,"21,247.00","20,591.00","8,041.00","2,960.00","2,385.00","2,164.00",500.00,319.00,0.14,0.81,0.91,0.23,0.64,0.11,"2,960.00","2,275.00","2,065.00",282.00,0.00,0.77,0.91,0.14,0.00,0.00,"2,960.00","2,398.00","2,151.00",431.00,302.00,0.81,0.90,0.20,0.70,0.10,431.00,214.00,199.00,18.00,,302.00,289.00,13.00,,-,,,,,,,,,,,470.60,360.59,,,"83,242.00","2,009.00","81,233.00","63,641.00","17,592.00",0.00,0.00,,270.00,"1,739.00",0.00,"26,174.50","26,174.50",0.00,0.00,"11,292.00",0.00,"8,796.00","8,796.00",,0.00,0.00,0.00,0.00,0.00,0.00,0.00,0.00,,,,,,,,,,,,,,,,,,,"3,688.00",172.00,151.00,0.00,0.00,0.00,0.00,0.00,-,-
2025-04-09,2025-04-07,2025-04-01,"82,210.00",0.00,343.97,244.13,29.30,240.38,"20,133.00","19,552.00","7,148.00","2,806.00","2,196.00","1,951.00",342.00,239.00,0.14,0.78,0.89,0.18,0.70,0.09,"2,806.00","2,104.00","1,866.00",262.00,0.00,0.75,0.89,0.14,0.00,0.00,"2,806.00","2,213.00","1,957.00",392.00,282.00,0.79,0.88,0.20,0.72,0.10,392.00,180.00,195.00,17.00,,282.00,271.00,11.00,,-,,,,,,,,,,,439.78,336.75,,,"82,210.00",283.00,"81,927.00","65,068.00","16,859.00",0.00,0.00,,262.00,21.00,0.00,"26,912.50","26,912.50",0.00,0.00,"11,243.00",0.00,"8,429.50","8,429.50",,0.00,0.00,0.00,0.00,0.00,0.00,0.00,0.00,,,,,,,,,,,,,,,,,,,"2,979.00",97.00,80.00,0.00,0.00,0.00,0.00,0.00,-,-
2025-04-10,2025-04-07,2025-04-01,"85,409.00",0.00,321.09,250.74,29.07,234.00,"20,530.00","19,891.00","7,255.00","2,938.00","2,277.00","2,030.00",365.00,266.00,0.14,0.78,0.89,0.18,0.73,0.09,"2,938.00","2,200.00","1,960.00",268.00,0.00,0.75,0.89,0.14,0.00,0.00,"2,938.00","2,309.00","2,042.00",409.00,282.00,0.79,0.88,0.20,0.69,0.10,409.00,158.00,236.00,15.00,,282.00,274.00,8.00,,-,,,,,,,,,,,445.44,340.63,,,"85,409.00",73.00,"85,336.00","67,100.00","18,236.00",0.00,0.00,,50.00,23.00,0.00,"27,911.00","27,911.00",0.00,0.00,"11,278.00",0.00,"9,118.00","9,118.00",,0.00,0.00,0.00,0.00,0.00,0.00,0.00,0.00,,,,,,,,,,,,,,,,,,,"2,793.00",49.00,40.00,0.00,0.00,0.00,0.00,0.00,-,-
2025-04-11,2025-04-07,2025-04-01,"80,141.00",0.00,406.81,240.48,31.26,221.38,"18,228.00","17,716.00","6,482.00","2,564.00","1,942.00","1,729.00",362.00,197.00,0.14,0.76,0.89,0.21,0.54,0.08,"2,564.00","1,871.00","1,666.00",262.00,0.00,0.73,0.89,0.16,0.00,0.00,"2,564.00","1,984.00","1,752.00",398.00,274.00,0.77,0.88,0.23,0.69,0.11,398.00,191.00,199.00,8.00,,274.00,267.00,7.00,,-,,,,,,,,,,,435.17,333.26,,,"80,141.00",81.00,"80,060.00","60,834.00","19,226.00",0.00,0.00,,0.00,81.00,0.00,"24,796.00","24,796.00",0.00,0.00,"11,242.00",0.00,"9,613.00","9,613.00",,0.00,0.00,0.00,0.00,0.00,0.00,0.00,0.00,,,,,,,,,,,,,,,,,,,"2,542.00",74.00,62.00,0.00,0.00,0.00,0.00,0.00,-,-
2025-04-12,2025-04-07,2025-04-01,"86,292.00",0.00,504.63,221.39,26.67,213.59,"20,286.00","19,769.00","6,977.00","3,235.00","2,359.00","2,059.00",404.00,171.00,0.16,0.73,0.87,0.20,0.42,0.05,"3,235.00","2,253.00","1,963.00",297.00,0.00,0.70,0.87,0.15,0.00,0.00,"3,235.00","2,403.00","2,084.00",481.00,332.00,0.74,0.87,0.23,0.69,0.10,481.00,213.00,243.00,25.00,,332.00,317.00,15.00,,-,,,,,,,,,,,507.58,389.77,,,"86,292.00",65.00,"86,227.00","66,055.00","20,172.00",0.00,0.00,,0.00,65.00,0.00,"25,595.00","25,595.00",0.00,0.00,"14,865.00",0.00,"10,086.00","10,086.00",,0.00,0.00,0.00,0.00,0.00,0.00,0.00,0.00,,,,,,,,,,,,,,,,,,,"2,341.00",81.00,71.00,0.00,0.00,0.00,0.00,0.00,-,-
2025-04-13,2025-04-07,2025-04-01,"97,012.00",0.00,723.97,248.68,24.49,263.62,"24,296.00","23,743.00","8,179.00","3,961.00","2,774.00","2,434.00",368.00,134.00,0.16,0.70,0.88,0.15,0.36,0.03,"3,961.00","2,666.00","2,341.00",289.00,1.00,0.67,0.88,0.12,0.00,0.00,"3,961.00","2,820.00","2,460.00",457.00,310.00,0.71,0.87,0.19,0.68,0.08,457.00,211.00,221.00,25.00,,310.00,294.00,16.00,,-,,,,,,,,,,,505.89,390.10,,,"97,012.00",0.00,"97,012.00","71,097.00","25,915.00",0.00,0.00,,0.00,0.00,0.00,"28,005.50","28,005.50",0.00,0.00,"15,086.00",0.00,"12,957.50","12,957.50",,0.00,0.00,0.00,0.00,0.00,0.00,0.00,0.00,,,,,,,,,,,,,,,,,,,"2,326.00",71.00,56.00,0.00,0.00,0.00,0.00,0.00,-,-
2025-04-14,2025-04-14,2025-04-01,"96,728.00",0.00,326.78,292.32,26.71,257.26,"24,534.00","23,889.00","8,495.00","3,622.00","2,550.00","2,250.00",376.00,296.00,0.15,0.70,0.88,0.17,0.79,0.08,"3,622.00","2,435.00","2,141.00",248.00,0.00,0.67,0.88,0.12,0.00,0.00,"3,622.00","2,587.00","2,263.00",444.00,321.00,0.71,0.87,0.20,0.72,0.09,444.00,212.00,212.00,20.00,,321.00,306.00,15.00,,-,,,,,,,,,,,428.58,330.90,,,"96,728.00",0.00,"96,728.00","73,596.00","23,132.00",0.00,0.00,,0.00,0.00,0.00,"29,418.50","29,418.50",0.00,0.00,"14,759.00",0.00,"11,566.00","11,566.00",,0.00,0.00,0.00,0.00,0.00,0.00,0.00,0.00,,,,,,,,,,,,,,,,,,,"3,292.00",91.00,75.00,0.00,0.00,0.00,0.00,0.00,-,-
2025-04-15,2025-04-14,2025-04-01,"111,242.00",0.00,426.21,303.34,27.82,276.03,"25,056.00","24,457.00","8,890.00","3,999.00","2,906.00","2,527.00",403.00,261.00,0.16,0.73,0.87,0.16,0.65,0.07,"3,999.00","2,788.00","2,418.00",275.00,0.00,0.70,0.87,0.11,0.00,0.00,"3,999.00","2,932.00","2,525.00",417.00,278.00,0.73,0.86,0.17,0.67,0.07,417.00,197.00,207.00,13.00,,278.00,267.00,11.00,,-,,,,,,,,,,,474.49,366.72,,,"111,242.00","2,477.00","108,765.00","85,442.00","23,323.00",0.00,0.00,,0.00,"2,477.00",0.00,"36,136.00","36,136.00",0.00,0.00,"13,170.00",0.00,"11,661.50","11,661.50",,0.00,0.00,0.00,0.00,0.00,0.00,0.00,0.00,,,,,,,,,,,,,,,,,,,"3,088.00",81.00,68.00,0.00,0.00,0.00,0.00,0.00,-,-
2025-04-16,2025-04-14,2025-04-01,"127,743.00",0.00,425.81,246.55,30.10,251.46,"25,088.00","24,381.00","9,072.00","4,244.00","3,083.00","2,736.00",508.00,300.00,0.17,0.73,0.89,0.19,0.59,0.07,"4,244.00","2,957.00","2,617.00",393.00,0.00,0.70,0.89,0.15,0.00,0.00,"4,244.00","3,160.00","2,751.00",560.00,398.00,0.74,0.87,0.20,0.71,0.09,560.00,246.00,297.00,17.00,,398.00,384.00,14.00,,-,,,,,,,,,,,670.42,518.12,,,"127,743.00","1,967.00","125,776.00","102,400.00","23,376.00",0.00,0.00,,0.00,"1,967.00",0.00,"44,200.00","44,200.00","1,057.00",0.00,"12,943.00",0.00,"11,688.00","11,688.00",,0.00,0.00,0.00,0.00,0.00,0.00,0.00,0.00,,,,,,,,,,,,,,,,,,,"3,160.00",89.00,73.00,0.00,0.00,0.00,0.00,0.00,-,-
2025-04-17,2025-04-14,2025-04-01,"109,999.00",0.00,497.73,247.77,27.81,233.54,"23,508.00","22,852.00","8,493.00","3,956.00","2,842.00","2,487.00",471.00,221.00,0.17,0.72,0.88,0.19,0.47,0.06,"3,956.00","2,729.00","2,378.00",335.00,0.00,0.69,0.87,0.14,0.00,0.00,"3,956.00","2,888.00","2,494.00",482.00,332.00,0.73,0.86,0.19,0.69,0.08,482.00,173.00,291.00,18.00,,332.00,319.00,13.00,,-,,,,,,,,,,,575.71,443.96,,,"109,999.00",0.00,"109,999.00","87,292.00","22,707.00",0.00,0.00,,0.00,0.00,0.00,"36,923.00","36,923.00",471.00,0.00,"12,975.00",0.00,"11,353.50","11,353.50",,0.00,0.00,0.00,0.00,0.00,0.00,0.00,0.00,,,,,,,,,,,,,,,,,,,"2,735.00",67.00,59.00,0.00,0.00,0.00,0.00,0.00,-,-
2025-04-18,2025-04-14,2025-04-01,"115,042.00",0.00,599.18,253.96,27.73,247.40,"24,069.00","23,463.00","8,530.00","4,148.00","2,931.00","2,575.00",465.00,192.00,0.17,0.71,0.88,0.18,0.41,0.05,"4,148.00","2,843.00","2,489.00",342.00,0.00,0.69,0.88,0.14,0.00,0.00,"4,148.00","3,026.00","2,630.00",525.00,373.00,0.73,0.87,0.20,0.71,0.09,525.00,195.00,310.00,20.00,,373.00,359.00,14.00,,-,,,,,,,,,,,587.79,452.99,,,"115,042.00","5,552.00","109,490.00","89,082.00","20,408.00",0.00,0.00,,0.00,"5,552.00",0.00,"37,867.50","37,867.50",479.00,0.00,"12,868.00",0.00,"10,204.00","10,204.00",,0.00,0.00,0.00,0.00,0.00,0.00,0.00,0.00,,,,,,,,,,,,,,,,,,,"2,493.00",56.00,48.00,0.00,0.00,0.00,0.00,0.00,-,-
2025-04-19,2025-04-14,2025-04-01,"118,868.00",0.00,935.97,253.79,28.61,252.37,"23,287.00","22,715.00","8,176.00","4,155.00","2,907.00","2,551.00",471.00,127.00,0.18,0.70,0.88,0.18,0.27,0.03,"4,155.00","2,809.00","2,463.00",354.00,0.00,0.68,0.88,0.14,0.00,0.00,"4,155.00","2,988.00","2,595.00",532.00,372.00,0.72,0.87,0.21,0.70,0.09,532.00,183.00,328.00,21.00,,372.00,355.00,17.00,,-,,,,,,,,,,,606.05,468.38,,,"118,868.00","4,173.00","114,695.00","90,656.00","24,039.00",0.00,0.00,,0.00,"4,173.00",0.00,"41,080.00","41,080.00",490.00,0.00,"8,006.00",0.00,"12,019.50","12,019.50",,0.00,0.00,0.00,0.00,0.00,0.00,0.00,0.00,,,,,,,,,,,,,,,,,,,"2,187.00",73.00,67.00,0.00,0.00,0.00,0.00,0.00,-,-
2025-04-20,2025-04-14,2025-04-01,"87,571.00",0.00,706.22,234.82,25.21,225.70,"20,718.00","20,229.00","7,334.00","3,473.00","2,413.00","2,102.00",388.00,124.00,0.17,0.69,0.87,0.18,0.32,0.04,"3,473.00","2,309.00","2,009.00",281.00,0.00,0.66,0.87,0.14,0.00,0.00,"3,473.00","2,485.00","2,142.00",418.00,293.00,0.72,0.86,0.20,0.70,0.08,418.00,165.00,236.00,17.00,,293.00,279.00,14.00,,-,,,,,,,,,,,482.37,372.92,,,"87,571.00","7,625.00","79,946.00","58,957.00","20,989.00",0.00,0.00,,0.00,"7,625.00",0.00,"26,162.50","26,162.50",486.00,0.00,"6,146.00",0.00,"10,494.50","10,494.50",,0.00,0.00,0.00,0.00,0.00,0.00,0.00,0.00,,,,,,,,,,,,,,,,,,,"2,141.00",50.00,42.00,0.00,0.00,0.00,0.00,0.00,-,-
2025-04-21,2025-04-21,2025-04-01,"90,775.00",0.00,302.58,199.48,24.64,183.76,"22,863.00","22,287.00","8,385.00","3,684.00","2,636.00","2,338.00",494.00,300.00,0.16,0.72,0.89,0.21,0.61,0.08,"3,684.00","2,521.00","2,233.00",344.00,0.00,0.68,0.89,0.15,0.00,0.00,"3,684.00","2,681.00","2,360.00",525.00,383.00,0.73,0.88,0.22,0.73,0.10,525.00,241.00,266.00,18.00,,383.00,370.00,13.00,,-,,,,,,,,,,,586.09,455.07,,,"90,775.00","12,613.00","78,162.00","60,800.00","17,362.00",0.00,0.00,,0.00,"12,613.00",0.00,"27,032.00","27,032.00",471.00,0.00,"6,265.00",0.00,"8,681.00","8,681.00",,0.00,0.00,0.00,0.00,0.00,0.00,0.00,0.00,,,,,,,,,,,,,,,,,,,"2,972.00",77.00,62.00,0.00,0.00,0.00,0.00,0.00,-,-
2025-04-22,2025-04-21,2025-04-01,"103,158.00",0.00,276.56,235.39,28.28,211.82,"23,461.00","22,768.00","9,191.00","3,648.00","2,728.00","2,410.00",487.00,373.00,0.16,0.75,0.88,0.20,0.77,0.10,"3,648.00","2,610.00","2,298.00",339.00,0.00,0.72,0.88,0.15,0.00,0.00,"3,648.00","2,761.00","2,413.00",524.00,362.00,0.76,0.87,0.22,0.69,0.10,524.00,216.00,295.00,13.00,,362.00,352.00,10.00,,-,,,,,,,,,,,564.96,438.25,,,"103,158.00","12,863.00","90,295.00","75,254.00","15,041.00",0.00,0.00,,0.00,"12,863.00",0.00,"34,486.00","34,486.00",70.00,0.00,"6,212.00",0.00,"7,520.50","7,520.50",,0.00,0.00,0.00,0.00,0.00,0.00,0.00,0.00,,,,,,,,,,,,,,,,,,,"3,590.00",67.00,58.00,0.00,0.00,0.00,0.00,0.00,-,-
2025-04-23,2025-04-21,2025-04-01,"128,508.00",0.00,341.78,264.53,30.90,248.56,"25,336.00","24,591.00","9,666.00","4,159.00","3,021.00","2,399.00",517.00,376.00,0.16,0.73,0.79,0.22,0.73,0.09,"4,159.00","2,916.00","2,307.00",374.00,1.00,0.70,0.79,0.16,0.00,0.00,"4,159.00","3,095.00","2,445.00",552.00,387.00,0.74,0.79,0.23,0.70,0.09,552.00,246.00,287.00,19.00,,387.00,375.00,12.00,,-,,,,,,,,,,,626.76,485.80,,,"128,508.00","20,250.00","108,258.00","88,845.00","19,413.00",0.00,0.00,,0.00,"20,250.00",0.00,"39,047.50","39,047.50",0.00,0.00,"10,750.00",0.00,"9,706.50","9,706.50",,0.00,0.00,0.00,0.00,0.00,0.00,0.00,0.00,,,,,,,,,,,,,,,,,,,"3,590.00",90.00,75.00,0.00,0.00,0.00,0.00,0.00,-,-
2025-04-24,2025-04-21,2025-04-01,"126,528.00",0.00,332.09,274.21,29.81,251.05,"25,370.00","24,535.00","9,797.00","4,244.00","3,182.00","2,397.00",504.00,381.00,0.17,0.75,0.75,0.21,0.76,0.09,"4,244.00","3,062.00","2,302.00",360.00,8.00,0.72,0.75,0.16,0.02,0.00,"4,244.00","3,232.00","2,436.00",535.00,377.00,0.76,0.75,0.22,0.70,0.09,535.00,202.00,321.00,12.00,,377.00,369.00,8.00,,-,,,,,,,,,,,596.48,461.43,,,"126,528.00","18,209.00","108,319.00","89,099.00","19,220.00",0.00,0.00,,0.00,"18,209.00",0.00,"40,784.50","40,784.50",78.00,0.00,"7,452.00",0.00,"9,610.00","9,610.00",,0.00,0.00,0.00,0.00,0.00,0.00,0.00,0.00,,,,,,,,,,,,,,,,,,,"3,617.00",78.00,68.00,0.00,0.00,0.00,0.00,0.00,-,-
2025-04-25,2025-04-21,2025-04-01,"111,162.00",0.00,374.28,232.19,27.88,181.34,"24,939.00","24,198.00","10,267.00","3,987.00","3,135.00","2,409.00",613.00,297.00,0.16,0.79,0.77,0.25,0.48,0.07,"3,987.00","2,941.00","2,246.00",374.00,0.00,0.74,0.76,0.17,0.00,0.00,"3,987.00","3,143.00","2,402.00",517.00,376.00,0.79,0.76,0.22,0.73,0.09,517.00,214.00,292.00,11.00,,376.00,368.00,8.00,,-,,,,,,,,,,,621.51,478.76,,,"111,162.00","20,017.00","91,145.00","72,539.00","18,606.00",0.00,0.00,,0.00,"20,017.00",0.00,"34,371.50","34,371.50",698.00,0.00,"3,098.00",0.00,"9,303.00","9,303.00",,0.00,0.00,0.00,0.00,0.00,0.00,0.00,0.00,,,,,,,,,,,,,,,,,,,"4,442.00",238.00,210.00,0.00,0.00,0.00,0.00,0.00,-,-
2025-04-26,2025-04-21,2025-04-01,"99,127.00",0.00,425.44,194.34,23.64,170.61,"23,720.00","23,058.00","9,489.00","4,194.00","3,216.00","2,439.00",581.00,233.00,0.18,0.77,0.76,0.24,0.40,0.06,"4,194.00","3,059.00","2,313.00",391.00,0.00,0.73,0.76,0.17,0.00,0.00,"4,194.00","3,253.00","2,467.00",552.00,398.00,0.78,0.76,0.22,0.72,0.09,552.00,215.00,328.00,9.00,,398.00,394.00,4.00,,-,,,,,,,,,,,660.50,510.08,,,"99,127.00","10,301.00","88,826.00","70,725.00","18,101.00",0.00,0.00,,0.00,"10,301.00",0.00,"33,407.00","33,407.00",840.00,0.00,"3,071.00",0.00,"9,050.50","9,050.50",,0.00,0.00,0.00,0.00,0.00,0.00,0.00,0.00,,,,,,,,,,,,,,,,,,,"3,517.00",194.00,165.00,0.00,0.00,0.00,0.00,0.00,-,-
2025-04-27,2025-04-21,2025-04-01,"108,355.00",0.00,528.56,195.99,26.26,166.70,"22,521.00","21,871.00","9,228.00","4,126.00","3,211.00","2,410.00",650.00,205.00,0.18,0.78,0.75,0.27,0.32,0.05,"4,126.00","3,066.00","2,300.00",444.00,0.00,0.74,0.75,0.19,0.00,0.00,"4,126.00","3,259.00","2,452.00",630.00,456.00,0.79,0.75,0.26,0.72,0.11,630.00,273.00,343.00,14.00,,456.00,449.00,7.00,,-,,,,,,,,,,,715.45,552.85,,,"108,355.00","9,778.00","98,577.00","82,585.00","15,992.00",0.00,0.00,,0.00,"9,778.00",0.00,"38,834.00","38,834.00",423.00,0.00,"4,494.00",0.00,"7,996.00","7,996.00",,0.00,0.00,0.00,0.00,0.00,0.00,0.00,0.00,,,,,,,,,,,,,,,,,,,"3,318.00",167.00,141.00,0.00,0.00,0.00,0.00,0.00,-,-
2025-04-28,2025-04-28,2025-04-01,"135,135.00",0.00,332.84,239.38,28.29,198.73,"27,841.00","26,979.00","11,245.00","4,776.00","3,635.00","2,780.00",680.00,406.00,0.17,0.76,0.76,0.24,0.60,0.09,"4,776.00","3,458.00","2,629.00",431.00,19.00,0.72,0.76,0.16,0.04,0.00,"4,776.00","3,650.00","2,776.00",609.00,450.00,0.76,0.76,0.22,0.74,0.09,609.00,266.00,327.00,16.00,,450.00,439.00,11.00,,-,,,,,,,,,,,731.25,564.51,,,"135,135.00","21,042.00","114,093.00","93,596.00","20,497.00",0.00,0.00,,0.00,"21,042.00",0.00,"44,263.50","44,263.50",435.00,0.00,"4,634.00",0.00,"10,248.50","10,248.50",,0.00,0.00,0.00,0.00,0.00,0.00,0.00,0.00,,,,,,,,,,,,,,,,,,,"4,476.00",159.00,137.00,0.00,0.00,0.00,0.00,0.00,-,-
2025-04-29,2025-04-28,2025-04-01,"132,134.00",0.00,282.94,253.73,29.48,209.74,"26,719.00","25,848.00","10,857.00","4,482.00","3,517.00","2,661.00",630.00,467.00,0.17,0.78,0.76,0.24,0.74,0.10,"4,482.00","3,350.00","2,528.00",407.00,5.00,0.75,0.75,0.16,0.01,0.00,"4,482.00","3,545.00","2,682.00",587.00,409.00,0.79,0.76,0.22,0.70,0.09,587.00,262.00,309.00,16.00,,409.00,397.00,12.00,,-,,,,,,,,,,,673.75,520.76,,,"132,134.00","16,033.00","116,101.00","95,593.00","20,508.00",0.00,0.00,,0.00,"16,033.00",0.00,"45,176.50","45,176.50",700.00,0.00,"4,540.00",0.00,"10,254.00","10,254.00",,0.00,0.00,0.00,0.00,0.00,0.00,0.00,0.00,,,,,,,,,,,,,,,,,,,"4,552.00",161.00,128.00,0.00,0.00,0.00,0.00,0.00,-,-
2025-04-30,2025-04-28,2025-04-01,"126,975.00",0.00,349.79,232.85,29.32,179.60,"25,563.00","24,746.00","10,684.00","4,331.00","3,459.00","2,621.00",707.00,363.00,0.17,0.80,0.76,0.27,0.51,0.08,"4,331.00","3,279.00","2,480.00",427.00,5.00,0.76,0.76,0.17,0.01,0.00,"4,331.00","3,447.00","2,606.00",589.00,426.00,0.80,0.76,0.23,0.72,0.10,589.00,255.00,328.00,6.00,,426.00,423.00,3.00,,-,,,,,,,,,,,704.74,545.31,,,"126,975.00","16,402.00","110,573.00","92,244.00","18,329.00",0.00,0.00,,0.00,"16,402.00",0.00,"43,525.50","43,525.50",855.00,0.00,"4,338.00",0.00,"9,164.50","9,164.50",,0.00,0.00,0.00,0.00,0.00,0.00,0.00,0.00,,,,,,,,,,,,,,,,,,,"4,543.00",210.00,178.00,0.00,0.00,0.00,0.00,0.00,-,-
2025-05-01,2025-04-28,2025-05-01,"98,285.00",0.00,189.01,229.16,25.80,178.05,"24,544.00","23,750.00","10,132.00","3,810.00","3,058.00","2,303.00",552.00,520.00,0.16,0.80,0.75,0.24,0.94,0.14,"3,810.00","2,900.00","2,172.00",328.00,2.00,0.76,0.75,0.15,0.01,0.00,"3,810.00","3,037.00","2,277.00",450.00,338.00,0.80,0.75,0.20,0.75,0.09,450.00,211.00,226.00,13.00,,338.00,332.00,6.00,,-,,,,,,,,,,,554.31,428.88,,,"98,285.00","9,150.00","89,135.00","70,837.00","18,298.00",0.00,0.00,,0.00,"9,150.00",0.00,"32,700.50","32,700.50",936.00,0.00,"4,500.00",0.00,"9,149.00","9,149.00",,0.00,0.00,0.00,0.00,0.00,0.00,0.00,0.00,,,,,,,,,,,,,,,,,,,"4,558.00",200.00,168.00,0.00,0.00,0.00,0.00,0.00,-,-
2025-05-02,2025-04-28,2025-05-01,"117,253.00",0.00,249.47,247.22,29.35,178.74,"24,739.00","23,983.00","10,202.00","3,995.00","3,155.00","2,441.00",656.00,470.00,0.16,0.79,0.77,0.27,0.72,0.12,"3,995.00","3,003.00","2,321.00",367.00,0.00,0.75,0.77,0.16,0.00,0.00,"3,995.00","3,172.00","2,453.00",519.00,371.00,0.79,0.77,0.21,0.71,0.09,519.00,269.00,238.00,12.00,,371.00,362.00,9.00,,-,,,,,,,,,,,614.71,474.28,,,"117,253.00","17,259.00","99,994.00","82,944.00","17,050.00",0.00,0.00,,0.00,"17,259.00",0.00,"38,710.50","38,710.50",948.00,0.00,"4,575.00",0.00,"8,525.00","8,525.00",,0.00,0.00,0.00,0.00,0.00,0.00,0.00,0.00,,,,,,,,,,,,,,,,,,,"4,337.00",186.00,156.00,0.00,0.00,0.00,0.00,0.00,-,-
2025-05-03,2025-04-28,2025-05-01,"115,878.00",0.00,442.28,278.13,29.64,266.39,"22,968.00","22,311.00","8,891.00","3,910.00","3,037.00","2,294.00",435.00,262.00,0.17,0.78,0.76,0.19,0.60,0.07,"3,910.00","2,921.00","2,200.00",322.00,0.00,0.75,0.75,0.15,0.00,0.00,"3,910.00","3,063.00","2,307.00",448.00,323.00,0.78,0.75,0.19,0.72,0.08,448.00,169.00,259.00,20.00,,323.00,306.00,17.00,,-,,,,,,,,,,,540.93,416.64,,,"115,878.00","13,002.00","102,876.00","85,180.00","17,696.00",0.00,0.00,,0.00,"13,002.00",0.00,"39,770.00","39,770.00","1,066.00",0.00,"4,574.00",0.00,"8,848.00","8,848.00",,0.00,0.00,0.00,0.00,0.00,0.00,0.00,0.00,,,,,,,,,,,,,,,,,,,"3,002.00",93.00,79.00,0.00,0.00,0.00,0.00,0.00,-,-
2025-05-04,2025-04-28,2025-05-01,"110,639.00",0.00,363.94,304.87,28.91,288.87,"22,459.00","21,881.00","8,592.00","3,827.00","2,934.00","2,177.00",383.00,304.00,0.17,0.77,0.74,0.18,0.79,0.08,"3,827.00","2,818.00","2,086.00",278.00,0.00,0.74,0.74,0.13,0.00,0.00,"3,827.00","2,969.00","2,199.00",428.00,294.00,0.78,0.74,0.19,0.69,0.08,428.00,179.00,234.00,15.00,,294.00,282.00,12.00,,-,,,,,,,,,,,471.18,362.90,,,"110,639.00","13,702.00","96,937.00","77,716.00","19,221.00",0.00,0.00,,0.00,"13,702.00",0.00,"36,073.00","36,073.00",957.00,0.00,"4,613.00",0.00,"9,610.50","9,610.50",,0.00,0.00,0.00,0.00,0.00,0.00,0.00,0.00,,,,,,,,,,,,,,,,,,,"2,998.00",69.00,55.00,0.00,0.00,0.00,0.00,0.00,-,-
2025-05-05,2025-05-05,2025-05-01,"113,272.00",0.00,283.89,294.82,29.01,272.94,"23,211.00","22,550.00","9,084.00","3,904.00","3,049.00","2,349.00",415.00,399.00,0.17,0.78,0.77,0.18,0.96,0.10,"3,904.00","2,919.00","2,239.00",295.00,1.00,0.75,0.77,0.13,0.00,0.00,"3,904.00","3,091.00","2,360.00",447.00,320.00,0.79,0.76,0.19,0.72,0.08,447.00,200.00,237.00,10.00,,320.00,315.00,5.00,,-,,,,,,,,,,,498.83,384.21,,,"113,272.00","21,240.00","92,032.00","73,735.00","18,297.00",0.00,0.00,,0.00,"21,240.00",0.00,"34,050.50","34,050.50","1,036.00",0.00,"4,598.00",0.00,"9,148.50","9,148.50",,0.00,0.00,0.00,0.00,0.00,0.00,0.00,0.00,,,,,,,,,,,,,,,,,,,"3,429.00",81.00,73.00,0.00,0.00,0.00,0.00,0.00,-,-
2025-05-06,2025-05-05,2025-05-01,"96,946.00",0.00,204.10,295.18,30.59,252.46,"21,570.00","20,860.00","8,770.00","3,169.00","2,529.00","1,907.00",384.00,475.00,0.15,0.80,0.75,0.20,1.24,0.15,"3,169.00","2,412.00","1,818.00",251.00,7.00,0.76,0.75,0.14,0.03,0.00,"3,169.00","2,542.00","1,914.00",366.00,260.00,0.80,0.75,0.19,0.71,0.08,366.00,175.00,184.00,7.00,,260.00,253.00,7.00,,-,,,,,,,,,,,426.03,328.43,,,"96,946.00","19,324.00","77,622.00","60,162.00","17,460.00",0.00,0.00,,0.00,"19,324.00",0.00,"27,351.50","27,351.50",773.00,0.00,"4,686.00",0.00,"8,730.00","8,730.00",,0.00,0.00,0.00,0.00,0.00,0.00,0.00,0.00,,,,,,,,,,,,,,,,,,,"3,960.00",84.00,70.00,0.00,0.00,0.00,0.00,0.00,-,-
2025-05-07,2025-05-05,2025-05-01,"84,470.00",0.00,233.99,298.75,28.50,255.97,"20,975.00","20,336.00","8,380.00","2,964.00","2,242.00","1,684.00",330.00,361.00,0.14,0.76,0.75,0.20,1.09,0.12,"2,964.00","2,128.00","1,596.00",215.00,14.00,0.72,0.75,0.13,0.07,0.00,"2,964.00","2,256.00","1,697.00",352.00,257.00,0.76,0.75,0.21,0.73,0.09,352.00,157.00,183.00,12.00,,257.00,249.00,8.00,,-,,,,,,,,,,,367.50,282.75,,,"84,470.00","14,715.00","69,755.00","52,155.00","17,600.00",0.00,0.00,,0.00,"14,715.00",0.00,"23,196.00","23,196.00","1,181.00",0.00,"4,582.00",0.00,"8,800.00","8,800.00",,0.00,0.00,0.00,0.00,0.00,0.00,0.00,0.00,,,,,,,,,,,,,,,,,,,"3,790.00",54.00,46.00,0.00,0.00,0.00,0.00,0.00,-,-
2025-05-08,2025-05-05,2025-05-01,"75,333.00",0.00,175.60,261.33,26.31,236.90,"20,043.00","19,352.00","7,847.00","2,863.00","2,111.00","1,555.00",318.00,429.00,0.14,0.74,0.74,0.20,1.35,0.15,"2,863.00","2,012.00","1,476.00",215.00,6.00,0.70,0.73,0.15,0.03,0.00,"2,863.00","2,127.00","1,569.00",324.00,234.00,0.74,0.74,0.21,0.72,0.08,324.00,144.00,167.00,13.00,,234.00,226.00,8.00,,-,,,,,,,,,,,374.75,288.27,,,"75,333.00","13,735.00","61,598.00","43,095.00","18,503.00",0.00,0.00,,0.00,"13,735.00",0.00,"18,721.00","18,721.00","1,034.00",0.00,"4,619.00",0.00,"9,251.50","9,251.50",,0.00,0.00,0.00,0.00,0.00,0.00,0.00,0.00,,,,,,,,,,,,,,,,,,,"3,499.00",47.00,34.00,0.00,0.00,0.00,0.00,0.00,-,-
2025-05-09,2025-05-05,2025-05-01,"82,852.00",0.00,343.78,259.17,29.54,243.68,"19,838.00","19,214.00","7,600.00","2,805.00","2,086.00","1,564.00",340.00,241.00,0.14,0.74,0.75,0.22,0.71,0.09,"2,805.00","2,005.00","1,497.00",233.00,8.00,0.71,0.75,0.16,0.03,0.00,"2,805.00","2,142.00","1,604.00",336.00,239.00,0.76,0.75,0.21,0.71,0.09,336.00,153.00,167.00,16.00,,239.00,225.00,14.00,,-,,,,,,,,,,,415.82,319.68,,,"82,852.00","18,507.00","64,345.00","41,562.00","22,783.00",0.00,0.00,,0.00,"18,507.00",0.00,"17,939.00","17,939.00","1,123.00",0.00,"4,561.00",0.00,"11,391.50","11,391.50",,0.00,0.00,0.00,0.00,0.00,0.00,0.00,0.00,,,,,,,,,,,,,,,,,,,"3,110.00",44.00,31.00,0.00,0.00,0.00,0.00,0.00,-,-
2025-05-10,2025-05-05,2025-05-01,"86,701.00",0.00,489.84,262.71,27.12,270.94,"21,054.00","20,514.00","7,581.00","3,197.00","2,386.00","1,748.00",320.00,177.00,0.15,0.75,0.73,0.18,0.55,0.06,"3,197.00","2,272.00","1,654.00",239.00,8.00,0.71,0.73,0.14,0.03,0.00,"3,197.00","2,398.00","1,744.00",361.00,282.00,0.75,0.73,0.21,0.78,0.09,361.00,171.00,172.00,18.00,,282.00,269.00,13.00,,-,,,,,,,,,,,430.41,330.03,,,"86,701.00","10,681.00","76,020.00","49,910.00","26,110.00",0.00,0.00,,0.00,"10,681.00",0.00,"22,257.50","22,257.50",971.00,0.00,"4,424.00",0.00,"13,055.00","13,055.00",,0.00,0.00,0.00,0.00,0.00,0.00,0.00,0.00,,,,,,,,,,,,,,,,,,,"2,614.00",55.00,45.00,0.00,0.00,0.00,0.00,0.00,-,-
2025-05-11,2025-05-05,2025-05-01,"115,477.00",0.00,589.17,291.11,25.83,287.97,"24,508.00","23,936.00","9,029.00","4,470.00","3,239.00","2,300.00",401.00,196.00,0.18,0.72,0.71,0.17,0.49,0.04,"4,470.00","3,127.00","2,216.00",293.00,0.00,0.70,0.71,0.13,0.00,0.00,"4,470.00","3,321.00","2,361.00",460.00,356.00,0.74,0.71,0.19,0.77,0.08,460.00,197.00,248.00,15.00,,356.00,346.00,10.00,,-,,,,,,,,,,,518.12,396.68,,,"115,477.00","13,078.00","102,399.00","73,427.00","28,972.00",0.00,0.00,,0.00,"13,078.00",0.00,"33,892.00","33,892.00","1,056.00",0.00,"4,587.00",0.00,"14,486.00","14,486.00",,0.00,0.00,0.00,0.00,0.00,0.00,0.00,0.00,,,,,,,,,,,,,,,,,,,"2,636.00",61.00,50.00,0.00,0.00,0.00,0.00,0.00,-,-
2025-05-12,2025-05-12,2025-05-01,"213,598.00",0.00,605.09,306.22,33.57,302.55,"32,534.00","31,646.00","12,474.00","6,363.00","4,742.00","3,563.00",706.00,353.00,0.20,0.75,0.75,0.20,0.50,0.06,"6,363.00","4,574.00","3,432.00",547.00,8.00,0.72,0.75,0.16,0.01,0.00,"6,363.00","4,786.00","3,596.00",772.00,532.00,0.75,0.75,0.21,0.69,0.08,772.00,315.00,439.00,18.00,,532.00,518.00,14.00,,-,,,,,,,,,,,913.17,697.53,,,"213,598.00","14,050.00","199,548.00","172,061.00","27,487.00",0.00,0.00,,0.00,"14,050.00",0.00,"83,336.50","83,336.50",814.00,0.00,"4,574.00",0.00,"13,743.50","13,743.50",,0.00,0.00,0.00,0.00,0.00,0.00,0.00,0.00,,,,,,,,,,,,,,,,,,,"3,892.00",91.00,80.00,0.00,0.00,0.00,0.00,0.00,-,-
2025-05-13,2025-05-12,2025-05-01,"133,466.00",0.00,349.39,245.52,27.15,229.72,"27,618.00","26,759.00","11,092.00","4,915.00","3,624.00","2,696.00",581.00,382.00,0.18,0.74,0.74,0.22,0.66,0.08,"4,915.00","3,475.00","2,573.00",418.00,5.00,0.71,0.74,0.16,0.01,0.00,"4,915.00","3,664.00","2,723.00",595.00,436.00,0.75,0.74,0.22,0.73,0.09,595.00,256.00,320.00,19.00,,436.00,421.00,15.00,,-,,,,,,,,,,,713.51,543.60,,,"133,466.00","9,447.00","124,019.00","98,903.00","25,116.00",0.00,0.00,,0.00,"9,447.00",0.00,"46,300.50","46,300.50","1,781.00",0.00,"4,521.00",0.00,"12,558.00","12,558.00",,0.00,0.00,0.00,0.00,0.00,0.00,0.00,0.00,,,,,,,,,,,,,,,,,,,"4,197.00",94.00,66.00,0.00,0.00,0.00,0.00,0.00,-,-
2025-05-14,2025-05-12,2025-05-01,"126,578.00",0.00,362.69,269.93,25.77,245.78,"27,621.00","26,802.00","11,058.00","4,911.00","3,609.00","2,703.00",515.00,349.00,0.18,0.73,0.75,0.19,0.68,0.07,"4,911.00","3,460.00","2,588.00",356.00,7.00,0.70,0.75,0.14,0.02,0.00,"4,911.00","3,641.00","2,734.00",522.00,352.00,0.74,0.75,0.19,0.67,0.07,522.00,210.00,296.00,16.00,,352.00,346.00,6.00,,-,,,,,,,,,,,616.81,468.94,,,"126,578.00","11,044.00","115,534.00","90,676.00","24,858.00",0.00,0.00,,0.00,"11,044.00",0.00,"41,532.00","41,532.00","3,117.00",0.00,"4,495.00",0.00,"12,429.00","12,429.00",,0.00,0.00,0.00,0.00,0.00,0.00,0.00,0.00,,,,,,,,,,,,,,,,,,,"4,027.00",83.00,64.00,0.00,0.00,0.00,0.00,0.00,-,-
2025-05-15,2025-05-12,2025-05-01,"101,645.00",0.00,307.08,244.74,26.75,221.93,"24,135.00","23,303.00","9,426.00","3,800.00","2,839.00","2,143.00",458.00,331.00,0.16,0.75,0.75,0.21,0.72,0.09,"3,800.00","2,716.00","2,033.00",319.00,1.00,0.71,0.75,0.16,0.00,0.00,"3,800.00","2,855.00","2,142.00",469.00,327.00,0.75,0.75,0.22,0.70,0.09,469.00,219.00,237.00,13.00,,327.00,315.00,12.00,,-,,,,,,,,,,,546.98,415.32,,,"101,645.00","14,129.00","87,516.00","67,448.00","20,068.00",0.00,0.00,,0.00,"14,129.00",0.00,"30,653.50","30,653.50","1,704.00",0.00,"4,437.00",0.00,"10,034.00","10,034.00",,0.00,0.00,0.00,0.00,0.00,0.00,0.00,0.00,,,,,,,,,,,,,,,,,,,"3,791.00",83.00,58.00,0.00,0.00,0.00,0.00,0.00,-,-
2025-05-16,2025-05-12,2025-05-01,"93,744.00",0.00,313.53,261.53,28.69,240.99,"21,279.00","20,602.00","8,306.00","3,268.00","2,382.00","1,791.00",389.00,299.00,0.15,0.73,0.75,0.22,0.77,0.09,"3,268.00","2,277.00","1,712.00",273.00,2.00,0.70,0.75,0.16,0.01,0.00,"3,268.00","2,399.00","1,806.00",391.00,265.00,0.73,0.75,0.22,0.68,0.08,391.00,172.00,207.00,12.00,,265.00,258.00,7.00,,-,,,,,,,,,,,472.89,358.45,,,"93,744.00","9,855.00","83,889.00","65,967.00","17,922.00",0.00,0.00,,0.00,"9,855.00",0.00,"30,009.00","30,009.00","1,415.00",0.00,"4,534.00",0.00,"8,961.00","8,961.00",,0.00,0.00,0.00,0.00,0.00,0.00,0.00,0.00,,,,,,,,,,,,,,,,,,,"3,366.00",76.00,56.00,0.00,0.00,0.00,0.00,0.00,-,-
2025-05-17,2025-05-12,2025-05-01,"91,336.00",0.00,468.39,274.97,25.68,259.48,"20,970.00","20,370.00","7,817.00","3,557.00","2,608.00","1,907.00",352.00,195.00,0.17,0.73,0.73,0.18,0.55,0.05,"3,557.00","2,519.00","1,838.00",249.00,0.00,0.71,0.73,0.14,0.00,0.00,"3,557.00","2,664.00","1,956.00",373.00,265.00,0.75,0.73,0.19,0.71,0.07,373.00,167.00,190.00,16.00,,265.00,255.00,10.00,,-,,,,,,,,,,,438.74,332.16,,,"91,336.00","7,854.00","83,482.00","65,530.00","17,952.00",0.00,0.00,,0.00,"7,854.00",0.00,"29,632.00","29,632.00","1,884.00",0.00,"4,382.00",0.00,"8,976.00","8,976.00",,0.00,0.00,0.00,0.00,0.00,0.00,0.00,0.00,,,,,,,,,,,,,,,,,,,"2,700.00",58.00,49.00,0.00,0.00,0.00,0.00,0.00,-,-
2025-05-18,2025-05-12,2025-05-01,"33,090.00",0.00,147.07,205.00,19.42,193.51,"15,723.00","15,258.00","5,916.00","1,704.00","1,180.00",904.00,171.00,225.00,0.11,0.69,0.77,0.19,1.32,0.13,"1,704.00","1,093.00",836.00,96.00,0.00,0.64,0.76,0.11,0.00,0.00,"1,704.00","1,172.00",903.00,168.00,138.00,0.69,0.77,0.19,0.82,0.08,168.00,141.00,14.00,13.00,,138.00,127.00,11.00,,-,,,,,,,,,,,214.16,161.42,,,"33,090.00","10,954.00","22,136.00","1,341.00","20,795.00",0.00,0.00,,0.00,"10,954.00",0.00,637.50,637.50,48.00,0.00,18.00,0.00,"10,397.50","10,397.50",,0.00,0.00,0.00,0.00,0.00,0.00,0.00,0.00,,,,,,,,,,,,,,,,,,,"2,597.00",28.00,21.00,0.00,0.00,0.00,0.00,0.00,-,-
2025-05-19,2025-05-19,2025-05-01,"96,077.00",0.00,320.26,276.84,29.09,233.20,"21,453.00","20,805.00","8,809.00","3,303.00","2,526.00","1,846.00",412.00,300.00,0.15,0.76,0.73,0.22,0.73,0.09,"3,303.00","2,419.00","1,756.00",278.00,0.00,0.73,0.73,0.16,0.00,0.00,"3,303.00","2,556.00","1,858.00",418.00,302.00,0.77,0.73,0.22,0.72,0.09,418.00,183.00,222.00,13.00,,302.00,291.00,11.00,,-,,,,,,,,,,,462.30,347.05,,,"96,077.00","14,585.00","81,492.00","63,822.00","17,670.00",0.00,0.00,,0.00,"14,585.00",0.00,"26,516.50","26,516.50","2,102.00",0.00,"8,687.00",0.00,"8,835.00","8,835.00",,0.00,0.00,0.00,0.00,0.00,0.00,0.00,0.00,,,,,,,,,,,,,,,,,,,"3,871.00",71.00,53.00,0.00,0.00,0.00,0.00,0.00,-,-
2025-05-20,2025-05-19,2025-05-01,"91,425.00",0.00,277.89,283.45,31.36,241.23,"20,517.00","19,828.00","8,386.00","2,915.00","2,272.00","1,696.00",379.00,329.00,0.14,0.78,0.75,0.22,0.87,0.11,"2,915.00","2,161.00","1,605.00",261.00,5.00,0.74,0.74,0.16,0.02,0.00,"2,915.00","2,287.00","1,711.00",370.00,275.00,0.78,0.75,0.22,0.74,0.09,370.00,166.00,198.00,6.00,,275.00,271.00,4.00,,-,,,,,,,,,,,431.16,322.54,,,"91,425.00","13,305.00","78,120.00","64,954.00","13,166.00",0.00,0.00,,0.00,"13,305.00",0.00,"28,585.50","28,585.50","2,846.00",0.00,"4,937.00",0.00,"6,583.00","6,583.00",,0.00,0.00,0.00,0.00,0.00,0.00,0.00,0.00,,,,,,,,,,,,,,,,,,,"3,774.00",65.00,53.00,0.00,0.00,0.00,0.00,0.00,-,-
2025-05-21,2025-05-19,2025-05-01,"93,073.00",0.00,408.21,236.91,26.53,220.03,"21,226.00","20,557.00","8,683.00","3,508.00","2,673.00","1,829.00",423.00,228.00,0.17,0.76,0.68,0.23,0.54,0.06,"3,508.00","2,575.00","1,751.00",308.00,2.00,0.73,0.68,0.18,0.01,0.00,"3,508.00","2,728.00","1,875.00",445.00,329.00,0.78,0.69,0.24,0.74,0.09,445.00,222.00,212.00,11.00,,329.00,320.00,9.00,,-,,,,,,,,,,,527.65,392.86,,,"93,073.00","18,307.00","74,766.00","56,956.00","17,810.00",0.00,0.00,,0.00,"18,307.00",0.00,"24,242.50","24,242.50","3,668.00",0.00,"4,803.00",0.00,"8,905.00","8,905.00",,0.00,0.00,0.00,0.00,0.00,0.00,0.00,0.00,,,,,,,,,,,,,,,,,,,"3,568.00",78.00,65.00,0.00,0.00,0.00,0.00,0.00,-,-
2025-05-22,2025-05-19,2025-05-01,"74,734.00",0.00,243.43,252.00,27.80,215.99,"19,182.00","18,576.00","7,752.00","2,688.00","2,109.00","1,566.00",346.00,307.00,0.14,0.78,0.74,0.22,0.89,0.11,"2,688.00","2,004.00","1,478.00",229.00,2.00,0.75,0.74,0.15,0.01,0.00,"2,688.00","2,094.00","1,549.00",334.00,254.00,0.78,0.74,0.22,0.76,0.09,334.00,151.00,176.00,7.00,,254.00,248.00,6.00,,-,,,,,,,,,,,399.63,296.56,,,"74,734.00","11,762.00","62,972.00","47,946.00","15,026.00",0.00,0.00,,0.00,"11,762.00",0.00,"20,352.00","20,352.00","2,523.00",0.00,"4,719.00",0.00,"7,513.00","7,513.00",,0.00,0.00,0.00,0.00,0.00,0.00,0.00,0.00,,,,,,,,,,,,,,,,,,,"3,549.00",62.00,47.00,0.00,0.00,0.00,0.00,0.00,-,-
2025-05-23,2025-05-19,2025-05-01,"69,057.00",0.00,272.95,213.37,23.53,190.77,"19,938.00","19,304.00","7,990.00","2,935.00","2,082.00","1,548.00",362.00,253.00,0.15,0.71,0.74,0.23,0.70,0.09,"2,935.00","1,982.00","1,465.00",234.00,5.00,0.68,0.74,0.16,0.02,0.00,"2,935.00","2,115.00","1,568.00",320.00,237.00,0.72,0.74,0.20,0.74,0.08,320.00,167.00,142.00,11.00,,237.00,228.00,9.00,,-,,,,,,,,,,,437.10,323.65,,,"69,057.00","11,818.00","57,239.00","43,214.00","14,025.00",0.00,0.00,,0.00,"11,818.00",0.00,"18,694.00","18,694.00","1,189.00",0.00,"4,637.00",0.00,"7,012.50","7,012.50",,0.00,0.00,0.00,0.00,0.00,0.00,0.00,0.00,,,,,,,,,,,,,,,,,,,"3,415.00",44.00,35.00,0.00,0.00,0.00,0.00,0.00,-,-
2025-05-24,2025-05-19,2025-05-01,"101,769.00",0.00,325.14,264.52,23.31,269.23,"24,502.00","23,894.00","9,179.00","4,366.00","3,018.00","2,101.00",378.00,313.00,0.18,0.69,0.70,0.18,0.83,0.07,"4,366.00","2,901.00","2,011.00",270.00,2.00,0.66,0.69,0.13,0.01,0.00,"4,366.00","3,070.00","2,139.00",388.00,288.00,0.70,0.70,0.18,0.74,0.07,388.00,176.00,192.00,20.00,,288.00,273.00,15.00,,-,,,,,,,,,,,519.65,384.73,,,"101,769.00","6,048.00","95,721.00","52,072.00","43,649.00",0.00,0.00,,0.00,"6,048.00",0.00,"22,176.50","22,176.50","3,184.00",0.00,"4,535.00",0.00,"21,824.50","21,824.50",,0.00,0.00,0.00,0.00,0.00,0.00,0.00,0.00,,,,,,,,,,,,,,,,,,,"3,009.00",51.00,40.00,0.00,0.00,0.00,0.00,0.00,-,-
2025-05-25,2025-05-19,2025-05-01,"105,274.00",0.00,451.82,293.94,25.14,288.42,"23,042.00","22,436.00","8,743.00","4,188.00","2,921.00","2,109.00",365.00,233.00,0.18,0.70,0.72,0.17,0.64,0.06,"4,188.00","2,803.00","2,016.00",259.00,0.00,0.67,0.72,0.13,0.00,0.00,"4,188.00","2,993.00","2,161.00",401.00,294.00,0.71,0.72,0.19,0.73,0.07,401.00,182.00,201.00,18.00,,294.00,280.00,14.00,,-,,,,,,,,,,,483.82,358.15,,,"105,274.00","9,206.00","96,068.00","60,990.00","35,078.00",0.00,0.00,,0.00,"9,206.00",0.00,"26,751.00","26,751.00","3,032.00",0.00,"4,456.00",0.00,"17,539.00","17,539.00",,0.00,0.00,0.00,0.00,0.00,0.00,0.00,0.00,,,,,,,,,,,,,,,,,,,"2,811.00",53.00,48.00,0.00,0.00,0.00,0.00,0.00,-,-
2025-05-26,2025-05-26,2025-05-01,"100,420.00",0.00,393.80,318.56,27.72,295.35,"22,462.00","21,868.00","8,606.00","3,623.00","2,550.00","1,797.00",340.00,255.00,0.16,0.70,0.70,0.19,0.75,0.07,"3,623.00","2,451.00","1,720.00",229.00,0.00,0.68,0.70,0.13,0.00,0.00,"3,623.00","2,600.00","1,829.00",371.00,271.00,0.72,0.70,0.20,0.73,0.07,371.00,167.00,195.00,9.00,,271.00,264.00,7.00,,-,,,,,,,,,,,427.77,315.23,,,"100,420.00","13,483.00","86,937.00","56,063.00","30,874.00",0.00,0.00,,0.00,"13,483.00",0.00,"24,386.00","24,386.00","2,948.00",0.00,"4,343.00",0.00,"15,437.00","15,437.00",,0.00,0.00,0.00,0.00,0.00,0.00,0.00,0.00,,,,,,,,,,,,,,,,,,,"3,202.00",39.00,31.00,0.00,0.00,0.00,0.00,0.00,-,-
2025-05-27,2025-05-26,2025-05-01,"97,480.00",0.00,269.28,323.55,26.06,233.21,"24,681.00","24,000.00","10,688.00","3,741.00","2,808.00","2,144.00",418.00,362.00,0.15,0.75,0.76,0.19,0.87,0.10,"3,741.00","2,610.00","1,999.00",226.00,4.00,0.70,0.77,0.11,0.02,0.00,"3,741.00","2,767.00","2,130.00",384.00,276.00,0.74,0.77,0.18,0.72,0.07,384.00,224.00,150.00,10.00,,276.00,270.00,6.00,,-,,,,,,,,,,,409.70,301.28,,,"97,480.00","11,989.00","85,491.00","57,601.00","27,890.00",0.00,0.00,,0.00,"11,989.00",0.00,"25,877.50","25,877.50","2,145.00",0.00,"3,701.00",0.00,"13,945.00","13,945.00",,0.00,0.00,0.00,0.00,0.00,0.00,0.00,0.00,,,,,,,,,,,,,,,,,,,"5,248.00",391.00,325.00,0.00,0.00,0.00,0.00,0.00,-,-
2025-05-28,2025-05-26,2025-05-01,"84,900.00",0.00,289.76,365.76,27.33,242.57,"22,892.00","22,109.00","9,438.00","3,106.00","2,291.00","1,823.00",350.00,293.00,0.14,0.74,0.80,0.19,0.84,0.09,"3,106.00","2,123.00","1,697.00",172.00,0.00,0.68,0.80,0.10,0.00,0.00,"3,106.00","2,265.00","1,812.00",289.00,215.00,0.73,0.80,0.16,0.74,0.07,289.00,154.00,121.00,14.00,,215.00,207.00,8.00,,-,,,,,,,,,,,316.59,232.12,,,"84,900.00","8,887.00","76,013.00","47,197.00","28,816.00",0.00,0.00,,0.00,"8,887.00",0.00,"20,332.50","20,332.50","2,819.00",0.00,"3,713.00",0.00,"14,408.00","14,408.00",,0.00,0.00,0.00,0.00,0.00,0.00,0.00,0.00,,,,,,,,,,,,,,,,,,,"4,409.00",173.00,142.00,0.00,0.00,0.00,0.00,0.00,-,-
2025-05-29,2025-05-26,2025-05-01,"96,751.00",0.00,334.78,354.02,29.95,272.54,"22,635.00","21,915.00","9,223.00","3,230.00","2,325.00","1,851.00",355.00,289.00,0.14,0.72,0.80,0.19,0.81,0.09,"3,230.00","2,175.00","1,741.00",204.00,1.00,0.67,0.80,0.12,0.00,0.00,"3,230.00","2,317.00","1,857.00",317.00,230.00,0.72,0.80,0.17,0.73,0.07,317.00,178.00,123.00,16.00,,230.00,216.00,14.00,,-,,,,,,,,,,,374.98,273.29,,,"96,751.00","19,651.00","77,100.00","46,918.00","30,182.00",0.00,0.00,,0.00,"19,651.00",0.00,"20,337.50","20,337.50","2,527.00",0.00,"3,716.00",0.00,"15,091.00","15,091.00",,0.00,0.00,0.00,0.00,0.00,0.00,0.00,0.00,,,,,,,,,,,,,,,,,,,"3,972.00",149.00,117.00,0.00,0.00,0.00,0.00,0.00,-,-
2025-05-30,2025-05-26,2025-05-01,"81,968.00",0.00,264.41,306.73,29.26,205.43,"21,162.00","20,521.00","8,387.00","2,801.00","2,028.00","1,628.00",399.00,310.00,0.13,0.72,0.80,0.25,0.78,0.11,"2,801.00","1,898.00","1,529.00",199.00,1.00,0.68,0.81,0.13,0.01,0.00,"2,801.00","2,018.00","1,624.00",316.00,237.00,0.72,0.80,0.19,0.75,0.08,316.00,165.00,138.00,13.00,,237.00,227.00,10.00,,-,,,,,,,,,,,368.53,267.23,,,"81,968.00","14,654.00","67,314.00","42,164.00","25,150.00",0.00,0.00,,0.00,"14,654.00",0.00,"18,010.50","18,010.50","2,398.00",0.00,"3,745.00",0.00,"12,575.00","12,575.00",,0.00,0.00,0.00,0.00,0.00,0.00,0.00,0.00,,,,,,,,,,,,,,,,,,,"3,707.00",124.00,103.00,0.00,0.00,0.00,0.00,0.00,-,-
2025-05-31,2025-05-26,2025-05-01,"77,452.00",0.00,432.69,266.69,24.36,196.58,"20,998.00","20,426.00","7,947.00","3,180.00","2,185.00","1,751.00",394.00,179.00,0.15,0.69,0.80,0.23,0.45,0.06,"3,180.00","2,059.00","1,654.00",208.00,0.00,0.65,0.80,0.13,0.00,0.00,"3,180.00","2,206.00","1,771.00",301.00,217.00,0.69,0.80,0.17,0.72,0.07,301.00,155.00,134.00,12.00,,217.00,208.00,9.00,,-,,,,,,,,,,,402.82,290.42,,,"77,452.00","5,643.00","71,809.00","43,224.00","28,585.00",0.00,0.00,,0.00,"5,643.00",0.00,"18,934.50","18,934.50","1,749.00",0.00,"3,606.00",0.00,"14,292.50","14,292.50",,0.00,0.00,0.00,0.00,0.00,0.00,0.00,0.00,,,,,,,,,,,,,,,,,,,"2,914.00",95.00,72.00,0.00,0.00,0.00,0.00,0.00,-,-
2025-06-01,2025-05-26,2025-06-01,"82,904.00",0.00,567.84,281.79,23.58,208.83,"22,065.00","21,538.00","8,235.00","3,516.00","2,473.00","1,936.00",397.00,146.00,0.16,0.70,0.78,0.21,0.37,0.04,"3,516.00","2,322.00","1,818.00",214.00,0.00,0.66,0.78,0.12,0.00,0.00,"3,516.00","2,464.00","1,926.00",315.00,227.00,0.70,0.78,0.16,0.72,0.06,315.00,166.00,136.00,13.00,,227.00,217.00,10.00,,-,,,,,,,,,,,408.03,294.20,,,"82,904.00",54.00,"82,850.00","51,608.00","31,242.00",0.00,0.00,,0.00,54.00,0.00,"22,166.50","22,166.50","2,493.00",0.00,"4,782.00",0.00,"15,621.00","15,621.00",,0.00,0.00,0.00,0.00,0.00,0.00,0.00,0.00,,,,,,,,,,,,,,,,,,,"2,757.00",89.00,68.00,0.00,0.00,0.00,0.00,0.00,-,-
2025-06-02,2025-06-02,2025-06-01,"85,596.00",0.00,180.58,298.94,24.41,183.29,"23,970.00","23,255.00","10,168.00","3,507.00","2,600.00","2,183.00",467.00,474.00,0.15,0.74,0.84,0.21,1.01,0.14,"3,507.00","2,416.00","2,042.00",217.00,0.00,0.69,0.85,0.11,0.00,0.00,"3,507.00","2,562.00","2,165.00",345.00,249.00,0.73,0.85,0.16,0.72,0.07,345.00,210.00,123.00,12.00,,249.00,240.00,9.00,,-,,,,,,,,,,,397.22,286.34,,,"85,596.00",0.00,"85,596.00","61,860.00","23,736.00",0.00,0.00,,0.00,0.00,0.00,"26,118.00","26,118.00","1,485.00",0.00,"8,139.00",0.00,"11,868.00","11,868.00",,0.00,0.00,0.00,0.00,0.00,0.00,0.00,0.00,,,,,,,,,,,,,,,,,,,"4,702.00",214.00,174.00,0.00,0.00,0.00,0.00,0.00,-,-
2025-06-03,2025-06-02,2025-06-01,"73,719.00",0.00,167.54,258.97,26.47,219.40,"21,990.00","21,255.00","8,769.00","2,785.00","1,987.00","1,682.00",336.00,440.00,0.13,0.71,0.85,0.20,1.31,0.16,"2,785.00","1,882.00","1,601.00",215.00,1.00,0.68,0.85,0.13,0.00,0.00,"2,785.00","2,014.00","1,706.00",312.00,222.00,0.72,0.85,0.18,0.71,0.08,312.00,163.00,136.00,13.00,,222.00,213.00,9.00,,-,,,,,,,,,,,396.98,284.66,,,"73,719.00","5,789.00","67,930.00","50,236.00","17,694.00",0.00,0.00,,0.00,"5,789.00",0.00,"19,449.00","19,449.00","2,681.00",0.00,"8,657.00",0.00,"8,847.00","8,847.00",,0.00,0.00,0.00,0.00,0.00,0.00,0.00,0.00,,,,,,,,,,,,,,,,,,,"4,153.00",77.00,61.00,0.00,0.00,0.00,0.00,0.00,-,-
2025-06-04,2025-06-02,2025-06-01,"62,718.00",0.00,145.18,240.22,23.42,228.07,"20,952.00","20,278.00","8,060.00","2,678.00","1,911.00","1,617.00",275.00,432.00,0.13,0.71,0.85,0.17,1.57,0.16,"2,678.00","1,807.00","1,540.00",195.00,2.00,0.67,0.85,0.13,0.01,0.00,"2,678.00","1,925.00","1,637.00",292.00,199.00,0.72,0.85,0.18,0.68,0.07,292.00,132.00,149.00,11.00,,199.00,192.00,7.00,,-,,,,,,,,,,,365.21,261.08,,,"62,718.00",0.00,"62,718.00","45,255.00","17,463.00",0.00,0.00,,0.00,0.00,0.00,"17,125.50","17,125.50","2,714.00",0.00,"8,290.00",0.00,"8,731.50","8,731.50",,0.00,0.00,0.00,0.00,0.00,0.00,0.00,0.00,,,,,,,,,,,,,,,,,,,"3,820.00",52.00,40.00,0.00,0.00,0.00,0.00,0.00,-,-
2025-06-05,2025-06-02,2025-06-01,"77,256.00",0.00,158.96,351.84,25.98,328.75,"21,428.00","20,753.00","8,270.00","2,974.00","2,108.00","1,779.00",235.00,486.00,0.14,0.71,0.84,0.13,2.07,0.16,"2,974.00","2,014.00","1,705.00",170.00,3.00,0.68,0.85,0.10,0.02,0.00,"2,974.00","2,146.00","1,821.00",289.00,208.00,0.72,0.85,0.16,0.72,0.07,289.00,117.00,160.00,12.00,,208.00,200.00,8.00,,-,,,,,,,,,,,307.48,219.57,,,"77,256.00",0.00,"77,256.00","59,698.00","17,558.00",0.00,0.00,,0.00,0.00,0.00,"25,165.50","25,165.50","1,340.00",0.00,"8,027.00",0.00,"8,779.00","8,779.00",,0.00,0.00,0.00,0.00,0.00,0.00,0.00,0.00,,,,,,,,,,,,,,,,,,,"3,985.00",38.00,27.00,0.00,0.00,0.00,0.00,0.00,-,-
2025-06-06,2025-06-02,2025-06-01,"68,040.00",0.00,167.17,266.53,26.14,216.69,"19,524.00","18,897.00","7,639.00","2,603.00","1,931.00","1,650.00",314.00,407.00,0.13,0.74,0.85,0.19,1.30,0.16,"2,603.00","1,809.00","1,553.00",196.00,6.00,0.69,0.86,0.13,0.03,0.00,"2,603.00","1,893.00","1,620.00",304.00,211.00,0.73,0.86,0.19,0.69,0.08,304.00,170.00,128.00,6.00,,211.00,206.00,5.00,,-,,,,,,,,,,,358.39,255.28,,,"68,040.00",0.00,"68,040.00","50,671.00","17,369.00",0.00,0.00,,0.00,0.00,0.00,"20,048.00","20,048.00","2,244.00",0.00,"8,331.00",0.00,"8,684.50","8,684.50",,0.00,0.00,0.00,0.00,0.00,0.00,0.00,0.00,,,,,,,,,,,,,,,,,,,"3,913.00",141.00,117.00,0.00,0.00,0.00,0.00,0.00,-,-
2025-06-07,2025-06-02,2025-06-01,"68,570.00",0.00,394.08,212.43,24.04,192.07,"19,278.00","18,750.00","7,212.00","2,852.00","2,011.00","1,711.00",357.00,174.00,0.15,0.71,0.85,0.21,0.49,0.06,"2,852.00","1,911.00","1,636.00",244.00,0.00,0.67,0.86,0.15,0.00,0.00,"2,852.00","2,030.00","1,735.00",349.00,268.00,0.71,0.85,0.20,0.77,0.09,349.00,180.00,162.00,7.00,,268.00,263.00,5.00,,-,,,,,,,,,,,454.67,322.79,,,"68,570.00",0.00,"68,570.00","51,679.00","16,891.00",0.00,0.00,,0.00,0.00,0.00,"20,329.00","20,329.00","2,704.00",0.00,"8,317.00",0.00,"8,445.50","8,445.50",,0.00,0.00,0.00,0.00,0.00,0.00,0.00,0.00,,,,,,,,,,,,,,,,,,,"3,149.00",165.00,140.00,0.00,0.00,0.00,0.00,0.00,-,-
2025-06-08,2025-06-02,2025-06-01,"81,325.00",0.00,495.88,228.24,25.12,189.57,"20,388.00","19,852.00","7,480.00","3,238.00","2,303.00","1,946.00",429.00,164.00,0.16,0.71,0.84,0.22,0.38,0.05,"3,238.00","2,197.00","1,872.00",271.00,0.00,0.68,0.85,0.14,0.00,0.00,"3,238.00","2,318.00","1,974.00",406.00,293.00,0.72,0.85,0.21,0.72,0.09,406.00,222.00,174.00,10.00,,293.00,288.00,5.00,,-,,,,,,,,,,,502.98,356.32,,,"81,325.00","15,097.00","66,228.00","48,115.00","18,113.00",0.00,0.00,,0.00,"15,097.00",0.00,"18,757.00","18,757.00","2,302.00",0.00,"8,299.00",0.00,"9,056.50","9,056.50",,0.00,0.00,0.00,0.00,0.00,0.00,0.00,0.00,,,,,,,,,,,,,,,,,,,"2,953.00",183.00,158.00,0.00,0.00,0.00,0.00,0.00,-,-
2025-06-09,2025-06-09,2025-06-01,"80,937.00",0.00,208.60,256.46,28.39,215.26,"21,511.00","20,799.00","8,493.00","2,851.00","2,021.00","1,714.00",376.00,388.00,0.13,0.71,0.85,0.22,1.03,0.14,"2,851.00","1,924.00","1,638.00",244.00,5.00,0.67,0.85,0.15,0.02,0.00,"2,851.00","2,049.00","1,736.00",355.00,270.00,0.72,0.85,0.20,0.76,0.09,355.00,195.00,152.00,8.00,,270.00,265.00,5.00,,-,,,,,,,,,,,446.68,315.60,,,"80,937.00","14,943.00","65,994.00","46,367.00","19,627.00",0.00,0.00,,0.00,"14,943.00",0.00,"17,990.00","17,990.00","3,861.00",0.00,"6,526.00",0.00,"9,813.50","9,813.50",,0.00,0.00,0.00,0.00,0.00,0.00,0.00,0.00,,,,,,,,,,,,,,,,,,,"4,236.00",67.00,56.00,0.00,0.00,0.00,0.00,0.00,-,-
2025-06-10,2025-06-09,2025-06-01,"86,532.00",0.00,215.25,286.53,32.30,250.09,"21,553.00","20,813.00","8,304.00","2,679.00","1,966.00","1,684.00",346.00,402.00,0.12,0.73,0.86,0.21,1.16,0.15,"2,679.00","1,868.00","1,603.00",239.00,1.00,0.70,0.86,0.15,0.00,0.00,"2,679.00","1,973.00","1,687.00",369.00,283.00,0.74,0.86,0.22,0.77,0.11,369.00,192.00,169.00,8.00,,283.00,279.00,4.00,,-,,,,,,,,,,,428.01,302.00,,,"86,532.00","11,224.00","75,308.00","57,573.00","17,735.00",0.00,0.00,,0.00,"11,224.00",0.00,"21,771.50","21,771.50","7,331.00",0.00,"6,699.00",0.00,"8,867.50","8,867.50",,0.00,0.00,0.00,0.00,0.00,0.00,0.00,0.00,,,,,,,,,,,,,,,,,,,"4,325.00",57.00,43.00,0.00,0.00,0.00,0.00,0.00,-,-
2025-06-11,2025-06-09,2025-06-01,"131,438.00",0.00,311.46,297.83,37.64,281.45,"22,605.00","21,837.00","8,734.00","3,492.00","2,666.00","2,260.00",467.00,422.00,0.15,0.76,0.85,0.21,0.90,0.12,"3,492.00","2,547.00","2,172.00",360.00,1.00,0.73,0.85,0.17,0.00,0.00,"3,492.00","2,669.00","2,262.00",497.00,356.00,0.76,0.85,0.22,0.72,0.10,497.00,241.00,251.00,5.00,,356.00,351.00,5.00,,-,,,,,,,,,,,626.17,441.32,,,"131,438.00","11,870.00","119,568.00","102,601.00","16,967.00",0.00,0.00,,0.00,"11,870.00",0.00,"42,783.00","42,783.00","10,485.00",0.00,"6,550.00",0.00,"8,483.50","8,483.50",,0.00,0.00,0.00,0.00,0.00,0.00,0.00,0.00,,,,,,,,,,,,,,,,,,,"3,934.00",61.00,52.00,0.00,0.00,0.00,0.00,0.00,-,-
2025-06-12,2025-06-09,2025-06-01,"146,650.00",0.00,338.68,310.62,41.08,282.56,"23,068.00","22,321.00","8,921.00","3,570.00","2,723.00","2,269.00",519.00,433.00,0.15,0.76,0.83,0.23,0.83,0.12,"3,570.00","2,624.00","2,192.00",395.00,4.00,0.74,0.84,0.18,0.01,0.00,"3,570.00","2,796.00","2,327.00",576.00,416.00,0.78,0.83,0.25,0.72,0.12,576.00,281.00,287.00,8.00,,416.00,411.00,5.00,,-,,,,,,,,,,,671.08,472.12,,,"146,650.00","11,058.00","135,592.00","119,092.00","16,500.00",0.00,0.00,,0.00,"11,058.00",0.00,"50,309.50","50,309.50","11,820.00",0.00,"6,653.00",0.00,"8,250.00","8,250.00",,0.00,0.00,0.00,0.00,0.00,0.00,0.00,0.00,,,,,,,,,,,,,,,,,,,"4,060.00",94.00,85.00,0.00,0.00,0.00,0.00,0.00,-,-
2025-06-13,2025-06-09,2025-06-01,"145,201.00",0.00,308.28,320.20,39.66,281.40,"22,910.00","22,155.00","8,706.00","3,661.00","2,788.00","2,091.00",516.00,471.00,0.16,0.76,0.75,0.25,0.91,0.13,"3,661.00","2,667.00","1,986.00",379.00,6.00,0.73,0.74,0.19,0.02,0.00,"3,661.00","2,828.00","2,115.00",517.00,370.00,0.77,0.75,0.24,0.72,0.10,517.00,223.00,287.00,7.00,,370.00,364.00,6.00,,-,,,,,,,,,,,644.61,453.47,,,"145,201.00","8,784.00","136,417.00","120,695.00","15,722.00",0.00,0.00,,0.00,"8,784.00",0.00,"51,338.50","51,338.50","12,980.00",0.00,"5,038.00",0.00,"7,861.00","7,861.00",,0.00,0.00,0.00,0.00,0.00,0.00,0.00,0.00,,,,,,,,,,,,,,,,,,,"3,778.00",61.00,53.00,0.00,0.00,0.00,0.00,0.00,-,-
2025-06-14,2025-06-09,2025-06-01,"151,830.00",0.00,665.92,374.46,37.51,349.84,"23,300.00","22,656.00","8,598.00","4,048.00","3,041.00","2,147.00",434.00,228.00,0.17,0.75,0.71,0.20,0.53,0.06,"4,048.00","2,897.00","2,039.00",335.00,0.00,0.72,0.70,0.16,0.00,0.00,"4,048.00","3,063.00","2,170.00",479.00,359.00,0.76,0.71,0.22,0.75,0.09,479.00,205.00,270.00,4.00,,359.00,356.00,3.00,,-,,,,,,,,,,,577.58,405.47,,,"151,830.00","8,929.00","142,901.00","127,295.00","15,606.00",0.00,0.00,,0.00,"8,929.00",0.00,"53,843.50","53,843.50","14,382.00",0.00,"5,226.00",0.00,"7,803.00","7,803.00",,0.00,0.00,0.00,0.00,0.00,0.00,0.00,0.00,,,,,,,,,,,,,,,,,,,"2,978.00",44.00,35.00,0.00,0.00,0.00,0.00,0.00,-,-
2025-06-15,2025-06-09,2025-06-01,"177,789.00",0.00,"1,260.91",389.88,39.07,352.76,"24,783.00","24,159.00","9,062.00","4,550.00","3,448.00","2,429.00",504.00,141.00,0.18,0.76,0.70,0.21,0.28,0.03,"4,550.00","3,304.00","2,321.00",380.00,0.00,0.73,0.70,0.16,0.00,0.00,"4,550.00","3,479.00","2,458.00",555.00,405.00,0.76,0.71,0.23,0.73,0.09,555.00,255.00,293.00,7.00,,405.00,400.00,5.00,,-,,,,,,,,,,,650.18,456.01,,,"177,789.00","12,575.00","165,214.00","147,793.00","17,421.00",0.00,0.00,,0.00,"12,575.00",0.00,"63,887.50","63,887.50","14,851.00",0.00,"5,167.00",0.00,"8,710.50","8,710.50",,0.00,0.00,0.00,0.00,0.00,0.00,0.00,0.00,,,,,,,,,,,,,,,,,,,"2,632.00",57.00,49.00,0.00,0.00,0.00,0.00,0.00,-,-
2025-06-16,2025-06-16,2025-06-01,"178,648.00",0.00,348.92,383.56,40.31,344.88,"27,083.00","26,283.00","10,344.00","4,432.00","3,348.00","2,429.00",518.00,512.00,0.16,0.76,0.73,0.21,0.99,0.12,"4,432.00","3,226.00","2,332.00",391.00,7.00,0.73,0.72,0.17,0.02,0.00,"4,432.00","3,400.00","2,464.00",514.00,379.00,0.77,0.72,0.21,0.74,0.09,514.00,244.00,265.00,5.00,,379.00,377.00,2.00,,-,,,,,,,,,,,665.29,465.76,,,"178,648.00","16,976.00","161,672.00","144,537.00","17,135.00",0.00,0.00,,0.00,"16,976.00",0.00,"63,107.00","63,107.00","13,127.00",0.00,"5,196.00",0.00,"8,567.50","8,567.50",,0.00,0.00,0.00,0.00,0.00,0.00,0.00,0.00,,,,,,,,,,,,,,,,,,,"4,207.00",69.00,57.00,0.00,0.00,0.00,0.00,0.00,-,-
2025-06-17,2025-06-16,2025-06-01,"183,483.00",0.00,283.15,392.88,42.88,362.61,"27,410.00","26,514.00","10,098.00","4,279.00","3,222.00","2,535.00",506.00,648.00,0.16,0.75,0.79,0.20,1.28,0.15,"4,279.00","3,090.00","2,433.00",395.00,46.00,0.72,0.79,0.16,0.12,0.01,"4,279.00","3,246.00","2,557.00",580.00,416.00,0.76,0.79,0.23,0.72,0.10,580.00,237.00,333.00,10.00,,416.00,410.00,6.00,,-,,,,,,,,,,,666.54,467.02,,,"183,483.00","10,440.00","173,043.00","156,385.00","16,658.00",0.00,0.00,,0.00,"10,440.00",0.00,"67,137.00","67,137.00","16,939.00",0.00,"5,172.00",0.00,"8,329.00","8,329.00",,0.00,0.00,0.00,0.00,0.00,0.00,0.00,0.00,,,,,,,,,,,,,,,,,,,"4,248.00",88.00,70.00,0.00,0.00,0.00,0.00,0.00,-,-
2025-06-18,2025-06-16,2025-06-01,"138,537.00",0.00,299.22,302.77,39.19,269.00,"24,182.00","23,383.00","8,738.00","3,535.00","2,719.00","2,305.00",515.00,463.00,0.15,0.77,0.85,0.22,0.90,0.13,"3,535.00","2,605.00","2,221.00",384.00,44.00,0.74,0.85,0.17,0.11,0.01,"3,535.00","2,731.00","2,319.00",533.00,374.00,0.77,0.85,0.23,0.70,0.11,533.00,216.00,310.00,7.00,,374.00,370.00,4.00,,-,,,,,,,,,,,652.67,457.57,,,"138,537.00","11,016.00","127,521.00","111,491.00","16,030.00",0.00,0.00,,0.00,"11,016.00",0.00,"50,838.00","50,838.00","5,829.00",0.00,"3,986.00",0.00,"8,015.00","8,015.00",,0.00,0.00,0.00,0.00,0.00,0.00,0.00,0.00,,,,,,,,,,,,,,,,,,,"3,828.00",50.00,45.00,0.00,0.00,0.00,0.00,0.00,-,-
2025-06-19,2025-06-16,2025-06-01,"127,065.00",0.00,285.54,314.64,37.11,265.27,"23,346.00","22,601.00","8,359.00","3,424.00","2,620.00","2,014.00",479.00,445.00,0.15,0.77,0.77,0.24,0.93,0.13,"3,424.00","2,497.00","1,923.00",339.00,49.00,0.73,0.77,0.18,0.14,0.01,"3,424.00","2,642.00","2,037.00",487.00,364.00,0.77,0.77,0.24,0.75,0.11,487.00,218.00,264.00,5.00,,364.00,359.00,5.00,,-,,,,,,,,,,,577.48,403.84,,,"127,065.00","12,913.00","114,152.00","98,656.00","15,496.00",0.00,0.00,,0.00,"12,913.00",0.00,"46,629.50","46,629.50","1,226.00",0.00,"4,171.00",0.00,"7,748.00","7,748.00",,0.00,0.00,0.00,0.00,0.00,0.00,0.00,0.00,,,,,,,,,,,,,,,,,,,"3,620.00",62.00,50.00,0.00,0.00,0.00,0.00,0.00,-,-
2025-06-20,2025-06-16,2025-06-01,"117,116.00",0.00,357.06,361.37,37.86,283.57,"20,339.00","19,739.00","7,308.00","3,093.00","2,366.00","1,755.00",413.00,328.00,0.15,0.76,0.74,0.24,0.79,0.11,"3,093.00","2,259.00","1,672.00",272.00,34.00,0.73,0.74,0.16,0.13,0.01,"3,093.00","2,400.00","1,777.00",399.00,304.00,0.78,0.74,0.22,0.76,0.10,399.00,169.00,225.00,5.00,,304.00,303.00,1.00,,-,,,,,,,,,,,463.59,324.09,,,"117,116.00","11,499.00","105,617.00","88,189.00","17,428.00",0.00,0.00,,0.00,"11,499.00",0.00,"40,632.50","40,632.50","3,404.00",0.00,"3,520.00",0.00,"8,714.00","8,714.00",,0.00,0.00,0.00,0.00,0.00,0.00,0.00,0.00,,,,,,,,,,,,,,,,,,,"3,423.00",53.00,42.00,0.00,0.00,0.00,0.00,0.00,-,-
2025-06-21,2025-06-16,2025-06-01,"127,973.00",0.00,561.29,331.00,34.50,290.85,"21,224.00","20,826.00","7,348.00","3,709.00","2,781.00","1,938.00",440.00,228.00,0.17,0.75,0.70,0.23,0.52,0.06,"3,709.00","2,685.00","1,874.00",323.00,4.00,0.72,0.70,0.17,0.01,0.00,"3,709.00","2,818.00","1,968.00",454.00,360.00,0.76,0.70,0.23,0.79,0.10,454.00,172.00,270.00,12.00,,360.00,351.00,9.00,,-,,,,,,,,,,,553.39,386.62,,,"127,973.00","9,642.00","118,331.00","100,348.00","17,983.00",0.00,0.00,,0.00,"9,642.00",0.00,"46,400.50","46,400.50","3,935.00",0.00,"3,612.00",0.00,"8,991.50","8,991.50",,0.00,0.00,0.00,0.00,0.00,0.00,0.00,0.00,,,,,,,,,,,,,,,,,,,"2,621.00",62.00,45.00,0.00,0.00,0.00,0.00,0.00,-,-
2025-06-22,2025-06-16,2025-06-01,"130,876.00",0.00,543.05,333.98,32.57,292.13,"22,612.00","22,178.00","7,913.00","4,018.00","3,094.00","2,169.00",448.00,241.00,0.18,0.77,0.70,0.21,0.54,0.06,"4,018.00","2,975.00","2,078.00",329.00,0.00,0.74,0.70,0.16,0.00,0.00,"4,018.00","3,133.00","2,207.00",502.00,380.00,0.78,0.70,0.23,0.76,0.09,502.00,206.00,281.00,15.00,,380.00,367.00,13.00,,-,,,,,,,,,,,560.55,391.87,,,"130,876.00","12,065.00","118,811.00","99,376.00","19,435.00",0.00,0.00,,0.00,"12,065.00",0.00,"45,885.50","45,885.50","3,967.00",0.00,"3,638.00",0.00,"9,717.50","9,717.50",,0.00,0.00,0.00,0.00,0.00,0.00,0.00,0.00,,,,,,,,,,,,,,,,,,,"2,799.00",52.00,44.00,0.00,0.00,0.00,0.00,0.00,-,-
2025-06-23,2025-06-23,2025-06-01,"160,401.00",0.00,257.05,363.99,35.67,304.94,"26,143.00","25,554.00","9,469.00","4,497.00","3,403.00","2,384.00",526.00,624.00,0.17,0.76,0.70,0.22,1.19,0.14,"4,497.00","3,258.00","2,272.00",377.00,100.00,0.72,0.70,0.17,0.27,0.02,"4,497.00","3,445.00","2,411.00",518.00,388.00,0.77,0.70,0.21,0.75,0.09,518.00,227.00,286.00,5.00,,388.00,384.00,4.00,,-,,,,,,,,,,,630.62,440.67,,,"160,401.00","16,632.00","143,769.00","124,866.00","18,903.00",0.00,0.00,,0.00,"16,632.00",0.00,"59,096.50","59,096.50","3,063.00",0.00,"3,610.00",0.00,"9,451.50","9,451.50",,0.00,0.00,0.00,0.00,0.00,0.00,0.00,0.00,,,,,,,,,,,,,,,,,,,"4,369.00",104.00,82.00,0.00,0.00,0.00,0.00,0.00,-,-
2025-06-24,2025-06-23,2025-06-01,"111,174.00",0.00,254.40,336.31,32.63,277.24,"21,558.00","21,009.00","7,837.00","3,407.00","2,615.00","1,874.00",401.00,437.00,0.16,0.77,0.72,0.21,1.09,0.13,"3,407.00","2,494.00","1,780.00",275.00,83.00,0.73,0.71,0.15,0.30,0.02,"3,407.00","2,652.00","1,908.00",425.00,316.00,0.78,0.72,0.22,0.74,0.09,425.00,191.00,227.00,7.00,,316.00,309.00,7.00,,-,,,,,,,,,,,472.58,330.57,,,"111,174.00","13,038.00","98,136.00","80,144.00","17,992.00",0.00,0.00,,0.00,"13,038.00",0.00,"35,312.00","35,312.00","1,951.00",0.00,"7,569.00",0.00,"8,996.00","8,996.00",,0.00,0.00,0.00,0.00,0.00,0.00,0.00,0.00,,,,,,,,,,,,,,,,,,,"4,005.00",96.00,74.00,0.00,0.00,0.00,0.00,0.00,-,-
2025-06-25,2025-06-23,2025-06-01,"92,893.00",0.00,268.48,295.44,31.30,232.23,"19,587.00","19,120.00","7,101.00","2,968.00","2,240.00","1,610.00",400.00,346.00,0.15,0.75,0.72,0.25,0.87,0.12,"2,968.00","2,134.00","1,527.00",258.00,82.00,0.72,0.72,0.17,0.32,0.03,"2,968.00","2,261.00","1,616.00",358.00,269.00,0.76,0.71,0.22,0.75,0.09,358.00,170.00,180.00,8.00,,269.00,263.00,6.00,,-,,,,,,,,,,,449.38,314.43,,,"92,893.00","12,421.00","80,472.00","62,637.00","17,835.00",0.00,0.00,,0.00,"12,421.00",0.00,"26,216.50","26,216.50","2,486.00",0.00,"7,718.00",0.00,"8,917.50","8,917.50",,0.00,0.00,0.00,0.00,0.00,0.00,0.00,0.00,,,,,,,,,,,,,,,,,,,"3,583.00",100.00,87.00,0.00,0.00,0.00,0.00,0.00,-,-
2025-06-26,2025-06-23,2025-06-01,"78,801.00",0.00,252.57,289.99,26.38,197.00,"20,575.00","20,150.00","8,258.00","2,987.00","2,354.00","1,712.00",400.00,312.00,0.15,0.79,0.73,0.23,0.78,0.10,"2,987.00","2,185.00","1,579.00",221.00,61.00,0.73,0.72,0.14,0.28,0.02,"2,987.00","2,325.00","1,688.00",324.00,229.00,0.78,0.73,0.19,0.71,0.08,324.00,197.00,122.00,5.00,,229.00,225.00,4.00,,-,,,,,,,,,,,389.92,271.74,,,"78,801.00","11,239.00","67,562.00","49,296.00","18,266.00",0.00,0.00,,0.00,"11,239.00",0.00,"19,503.00","19,503.00","3,801.00",0.00,"6,489.00",0.00,"9,133.00","9,133.00",,0.00,0.00,0.00,0.00,0.00,0.00,0.00,0.00,,,,,,,,,,,,,,,,,,,"4,554.00",355.00,307.00,0.00,0.00,0.00,0.00,0.00,-,-
2025-06-27,2025-06-23,2025-06-01,"63,626.00",0.00,187.14,228.00,26.37,143.30,"17,644.00","17,206.00","6,785.00","2,413.00","1,911.00","1,383.00",444.00,340.00,0.14,0.79,0.72,0.32,0.77,0.14,"2,413.00","1,779.00","1,265.00",224.00,68.00,0.74,0.71,0.18,0.30,0.03,"2,413.00","1,883.00","1,342.00",311.00,233.00,0.78,0.71,0.23,0.75,0.10,311.00,188.00,118.00,5.00,,233.00,230.00,3.00,,-,,,,,,,,,,,400.08,279.06,,,"63,626.00","9,491.00","54,135.00","35,956.00","18,179.00",0.00,0.00,,0.00,"9,491.00",0.00,"13,840.50","13,840.50","2,817.00",0.00,"5,458.00",0.00,"9,089.50","9,089.50",,0.00,0.00,0.00,0.00,0.00,0.00,0.00,0.00,,,,,,,,,,,,,,,,,,,"3,898.00",168.00,145.00,0.00,0.00,0.00,0.00,0.00,-,-
2025-06-28,2025-06-23,2025-06-01,"64,158.00",0.00,214.58,217.54,27.24,172.93,"16,366.00","16,031.00","5,814.00","2,355.00","1,806.00","1,318.00",371.00,299.00,0.14,0.77,0.73,0.28,0.81,0.13,"2,355.00","1,690.00","1,227.00",232.00,71.00,0.72,0.73,0.19,0.31,0.03,"2,355.00","1,804.00","1,319.00",332.00,256.00,0.77,0.73,0.25,0.77,0.11,332.00,188.00,135.00,9.00,,256.00,249.00,7.00,,-,,,,,,,,,,,422.18,294.93,,,"64,158.00","7,331.00","56,827.00","37,741.00","19,086.00",0.00,0.00,,0.00,"7,331.00",0.00,"13,279.50","13,279.50","2,818.00",0.00,"8,364.00",0.00,"9,543.00","9,543.00",,0.00,0.00,0.00,0.00,0.00,0.00,0.00,0.00,,,,,,,,,,,,,,,,,,,"3,078.00",115.00,98.00,0.00,0.00,0.00,0.00,0.00,-,-
2025-06-29,2025-06-23,2025-06-01,"75,873.00",0.00,364.77,252.43,25.88,137.45,"19,113.00","18,668.00","7,588.00","2,932.00","2,379.00","1,722.00",552.00,208.00,0.15,0.81,0.72,0.32,0.38,0.07,"2,932.00","2,200.00","1,570.00",241.00,23.00,0.75,0.71,0.15,0.10,0.01,"2,932.00","2,330.00","1,673.00",355.00,279.00,0.79,0.72,0.21,0.79,0.10,355.00,196.00,152.00,7.00,,279.00,274.00,5.00,,-,,,,,,,,,,,431.28,300.57,,,"75,873.00","7,521.00","68,352.00","48,135.00","20,217.00",0.00,0.00,,0.00,"7,521.00",0.00,"17,744.50","17,744.50","3,051.00",0.00,"9,595.00",0.00,"10,108.50","10,108.50",,0.00,0.00,0.00,0.00,0.00,0.00,0.00,0.00,,,,,,,,,,,,,,,,,,,"3,546.00",235.00,203.00,0.00,0.00,0.00,0.00,0.00,-,-
2025-06-30,2025-06-30,2025-06-01,"88,444.00",0.00,183.49,224.12,28.44,148.90,"20,946.00","20,395.00","8,405.00","3,110.00","2,558.00","1,908.00",594.00,482.00,0.15,0.82,0.75,0.31,0.81,0.15,"3,110.00","2,418.00","1,796.00",327.00,79.00,0.78,0.74,0.18,0.24,0.03,"3,110.00","2,533.00","1,890.00",454.00,355.00,0.81,0.75,0.24,0.78,0.11,454.00,253.00,194.00,7.00,,355.00,350.00,5.00,,-,,,,,,,,,,,565.74,394.63,,,"88,444.00","10,401.00","78,043.00","58,448.00","19,595.00",0.00,0.00,,0.00,"10,401.00",0.00,"23,668.50","23,668.50","4,186.00",0.00,"6,925.00",0.00,"9,797.50","9,797.50",,0.00,0.00,0.00,0.00,0.00,0.00,0.00,0.00,,,,,,,,,,,,,,,,,,,"4,931.00",222.00,197.00,0.00,0.00,0.00,0.00,0.00,-,-
2025-07-01,2025-06-30,2025-07-01,"79,980.00",0.00,172.00,241.65,25.84,159.96,"20,408.00","19,878.00","8,042.00","3,095.00","2,586.00","1,911.00",500.00,465.00,0.15,0.84,0.74,0.26,0.93,0.15,"3,095.00","2,443.00","1,805.00",278.00,80.00,0.79,0.74,0.15,0.29,0.03,"3,095.00","2,531.00","1,874.00",388.00,283.00,0.82,0.74,0.21,0.73,0.09,388.00,231.00,150.00,7.00,,283.00,277.00,6.00,,-,,,,,,,,,,,476.69,330.98,,,"79,980.00",39.00,"79,941.00","60,212.00","19,729.00",0.00,0.00,,0.00,39.00,0.00,"24,539.50","24,539.50","2,948.00",0.00,"8,185.00",0.00,"9,864.50","9,864.50",,0.00,0.00,0.00,0.00,0.00,0.00,0.00,0.00,,,,,,,,,,,,,,,,,,,"4,478.00",242.00,216.00,0.00,0.00,0.00,0.00,0.00,-,-
2025-07-02,2025-06-30,2025-07-01,"79,246.00",0.00,218.31,227.32,26.35,134.77,"20,835.00","20,246.00","8,630.00","3,007.00","2,576.00","1,923.00",588.00,363.00,0.14,0.86,0.75,0.31,0.62,0.12,"3,007.00","2,394.00","1,781.00",294.00,59.00,0.80,0.74,0.17,0.20,0.02,"3,007.00","2,518.00","1,875.00",410.00,286.00,0.84,0.74,0.22,0.70,0.10,410.00,227.00,177.00,6.00,0.00,286.00,280.00,6.00,0.00,-,,,,,,,,,,,502.38,348.60,,,"79,246.00",0.00,"79,246.00","60,274.00","18,972.00",0.00,0.00,,0.00,0.00,0.00,"25,833.50","25,833.50","4,124.00",0.00,"4,483.00",0.00,"9,486.00","9,486.00",,0.00,0.00,0.00,0.00,0.00,0.00,0.00,0.00,,,,,,,,,,,,,,,,,,,"4,616.00",224.00,198.00,0.00,0.00,0.00,0.00,0.00,-,-
2025-07-03,2025-06-30,2025-07-01,"83,130.00",0.00,207.31,298.73,31.54,227.13,"18,704.00","18,220.00","6,852.00","2,636.00","2,160.00","1,566.00",366.00,401.00,0.14,0.82,0.73,0.23,1.10,0.15,"2,636.00","2,065.00","1,488.00",235.00,72.00,0.78,0.72,0.16,0.31,0.03,"2,636.00","2,147.00","1,549.00",335.00,271.00,0.81,0.72,0.22,0.81,0.10,335.00,171.00,149.00,15.00,,271.00,259.00,12.00,,-,,,,,,,,,,,400.41,278.27,,,"83,130.00",0.00,"83,130.00","64,324.00","18,806.00",0.00,0.00,,0.00,0.00,0.00,"28,724.00","28,724.00","3,326.00",0.00,"3,550.00",0.00,"9,403.00","9,403.00",,0.00,0.00,0.00,0.00,0.00,0.00,0.00,0.00,,,,,,,,,,,,,,,,,,,"3,614.00",90.00,79.00,0.00,0.00,0.00,0.00,0.00,-,-
2025-07-04,2025-06-30,2025-07-01,"81,873.00",0.00,260.74,349.05,34.23,289.30,"17,230.00","16,835.00","5,902.00","2,392.00","1,925.00","1,406.00",283.00,314.00,0.14,0.80,0.73,0.20,1.11,0.13,"2,392.00","1,849.00","1,346.00",198.00,62.00,0.77,0.73,0.15,0.31,0.03,"2,392.00","1,952.00","1,428.00",291.00,219.00,0.82,0.73,0.20,0.75,0.09,291.00,164.00,123.00,4.00,,219.00,216.00,3.00,,-,,,,,,,,,,,337.26,234.56,,,"81,873.00",0.00,"81,873.00","59,905.00","21,968.00",0.00,0.00,,0.00,0.00,0.00,"26,448.50","26,448.50","3,433.00",0.00,"3,575.00",0.00,"10,984.00","10,984.00",,0.00,0.00,0.00,0.00,0.00,0.00,0.00,0.00,,,,,,,,,,,,,,,,,,,"3,075.00",85.00,76.00,0.00,0.00,0.00,0.00,0.00,-,-
2025-07-05,2025-06-30,2025-07-01,"67,064.00",0.00,287.83,278.36,28.38,250.24,"15,880.00","15,572.00","5,408.00","2,363.00","1,876.00","1,314.00",268.00,233.00,0.15,0.79,0.70,0.20,0.87,0.10,"2,363.00","1,802.00","1,254.00",198.00,68.00,0.76,0.70,0.16,0.34,0.03,"2,363.00","1,879.00","1,308.00",279.00,218.00,0.80,0.70,0.21,0.78,0.09,279.00,142.00,128.00,9.00,,218.00,211.00,7.00,,-,,,,,,,,,,,347.08,240.92,,,"67,064.00",0.00,"67,064.00","45,194.00","21,870.00",0.00,0.00,,0.00,0.00,0.00,"18,777.00","18,777.00","4,067.00",0.00,"3,573.00",0.00,"10,935.00","10,935.00",,0.00,0.00,0.00,0.00,0.00,0.00,0.00,0.00,,,,,,,,,,,,,,,,,,,"2,487.00",64.00,53.00,0.00,0.00,0.00,0.00,0.00,-,-
2025-07-06,2025-06-30,2025-07-01,"75,293.00",0.00,307.32,252.37,29.37,228.85,"16,920.00","16,611.00","5,840.00","2,564.00","2,083.00","1,510.00",329.00,245.00,0.15,0.81,0.72,0.22,0.74,0.10,"2,564.00","2,001.00","1,446.00",247.00,72.00,0.78,0.72,0.17,0.29,0.03,"2,564.00","2,096.00","1,512.00",341.00,253.00,0.82,0.72,0.23,0.74,0.10,341.00,162.00,169.00,10.00,,253.00,246.00,7.00,,-,,,,,,,,,,,429.73,298.34,,,"75,293.00",0.00,"75,293.00","51,748.00","23,545.00",0.00,0.00,,0.00,0.00,0.00,"22,493.50","22,493.50","3,198.00",0.00,"3,563.00",0.00,"11,772.50","11,772.50",,0.00,0.00,0.00,0.00,0.00,0.00,0.00,0.00,,,,,,,,,,,,,,,,,,,"2,613.00",60.00,51.00,0.00,0.00,0.00,0.00,0.00,-,-
2025-07-07,2025-07-07,2025-07-01,"86,193.00",0.00,307.83,342.06,37.54,290.21,"16,737.00","16,361.00","6,111.00","2,296.00","1,860.00","1,351.00",297.00,280.00,0.14,0.81,0.73,0.22,0.94,0.12,"2,296.00","1,795.00","1,301.00",210.00,83.00,0.78,0.72,0.16,0.40,0.04,"2,296.00","1,864.00","1,350.00",285.00,224.00,0.81,0.72,0.21,0.79,0.10,285.00,162.00,117.00,6.00,,224.00,219.00,5.00,,-,,,,,,,,,,,361.84,251.98,,,"86,193.00","18,510.00","67,683.00","45,701.00","21,982.00",0.00,0.00,,0.00,"18,510.00",0.00,"19,321.00","19,321.00","3,508.00",0.00,"3,551.00",0.00,"10,991.00","10,991.00",,0.00,0.00,0.00,0.00,0.00,0.00,0.00,0.00,,,,,,,,,,,,,,,,,,,"3,257.00",98.00,87.00,0.00,0.00,0.00,0.00,0.00,-,-
2025-07-08,2025-07-07,2025-07-01,"102,672.00",0.00,468.82,328.94,38.14,295.03,"17,092.00","16,714.00","6,132.00","2,692.00","2,208.00","1,664.00",348.00,219.00,0.16,0.82,0.75,0.21,0.63,0.08,"2,692.00","2,122.00","1,601.00",267.00,68.00,0.79,0.75,0.17,0.25,0.03,"2,692.00","2,202.00","1,667.00",384.00,297.00,0.82,0.76,0.23,0.77,0.11,384.00,194.00,177.00,13.00,,297.00,288.00,9.00,,-,,,,,,,,,,,447.14,312.13,,,"102,672.00","13,902.00","88,770.00","67,487.00","21,283.00",0.00,0.00,,0.00,"13,902.00",0.00,"30,541.50","30,541.50","2,852.00",0.00,"3,552.00",0.00,"10,641.50","10,641.50",,0.00,0.00,0.00,0.00,0.00,0.00,0.00,0.00,,,,,,,,,,,,,,,,,,,"2,902.00",90.00,82.00,0.00,0.00,0.00,0.00,0.00,-,-
2025-07-09,2025-07-07,2025-07-01,"109,909.00",0.00,395.36,422.18,43.56,351.15,"17,728.00","17,361.00","6,167.00","2,523.00","2,025.00","1,488.00",313.00,278.00,0.14,0.80,0.73,0.21,0.89,0.11,"2,523.00","1,939.00","1,421.00",221.00,62.00,0.77,0.73,0.16,0.28,0.02,"2,523.00","2,056.00","1,513.00",315.00,226.00,0.81,0.74,0.21,0.72,0.09,315.00,157.00,148.00,10.00,,226.00,218.00,8.00,,-,,,,,,,,,,,372.58,260.34,,,"109,909.00","13,863.00","96,046.00","75,569.00","20,477.00",0.00,0.00,,0.00,"13,863.00",0.00,"33,914.50","33,914.50","4,194.00",0.00,"3,546.00",0.00,"10,238.50","10,238.50",,0.00,0.00,0.00,0.00,0.00,0.00,0.00,0.00,,,,,,,,,,,,,,,,,,,"2,964.00",88.00,74.00,0.00,0.00,0.00,0.00,0.00,-,-
2025-07-10,2025-07-07,2025-07-01,"97,488.00",0.00,342.06,319.95,32.04,287.58,"16,540.00","16,166.00","6,318.00","3,043.00","2,505.00","1,837.00",339.00,285.00,0.18,0.82,0.73,0.18,0.84,0.09,"3,043.00","2,416.00","1,767.00",266.00,90.00,0.79,0.73,0.15,0.34,0.03,"3,043.00","2,540.00","1,857.00",385.00,304.00,0.83,0.73,0.21,0.79,0.10,385.00,203.00,178.00,4.00,,304.00,301.00,3.00,,-,,,,,,,,,,,435.38,304.70,,,"97,488.00","7,410.00","90,078.00","72,136.00","17,942.00",0.00,0.00,,0.00,"7,410.00",0.00,"32,599.50","32,599.50","3,402.00",0.00,"3,535.00",0.00,"8,971.00","8,971.00",,0.00,0.00,0.00,0.00,0.00,0.00,0.00,0.00,,,,,,,,,,,,,,,,,,,"2,899.00",94.00,90.00,0.00,0.00,0.00,0.00,0.00,-,-
2025-07-11,2025-07-07,2025-07-01,"82,746.00",0.00,281.45,276.33,34.22,239.15,"14,367.00","14,030.00","5,389.00","2,418.00","2,025.00","1,506.00",346.00,294.00,0.17,0.84,0.74,0.23,0.85,0.12,"2,418.00","1,919.00","1,426.00",251.00,98.00,0.79,0.74,0.18,0.39,0.04,"2,418.00","1,985.00","1,478.00",339.00,258.00,0.82,0.74,0.23,0.76,0.11,339.00,204.00,127.00,8.00,,258.00,252.00,6.00,,-,,,,,,,,,,,428.19,299.45,,,"82,746.00","9,573.00","73,173.00","53,423.00","19,750.00",0.00,0.00,,0.00,"9,573.00",0.00,"23,349.50","23,349.50","3,198.00",0.00,"3,526.00",0.00,"9,875.00","9,875.00",,0.00,0.00,0.00,0.00,0.00,0.00,0.00,0.00,,,,,,,,,,,,,,,,,,,"2,665.00",119.00,107.00,0.00,0.00,0.00,0.00,0.00,-,-
2025-07-12,2025-07-07,2025-07-01,"62,214.00",0.00,252.90,289.27,28.51,244.94,"13,002.00","12,723.00","4,763.00","2,182.00","1,734.00","1,265.00",254.00,246.00,0.17,0.79,0.73,0.20,0.97,0.11,"2,182.00","1,666.00","1,218.00",173.00,86.00,0.76,0.73,0.14,0.50,0.04,"2,182.00","1,745.00","1,272.00",255.00,204.00,0.80,0.73,0.20,0.80,0.09,255.00,158.00,86.00,11.00,,204.00,196.00,8.00,,-,,,,,,,,,,,308.33,215.07,,,"62,214.00","6,123.00","56,091.00","36,113.00","19,978.00",0.00,0.00,,0.00,"6,123.00",0.00,"14,502.00","14,502.00","3,590.00",0.00,"3,519.00",0.00,"9,989.00","9,989.00",,0.00,0.00,0.00,0.00,0.00,0.00,0.00,0.00,,,,,,,,,,,,,,,,,,,"2,242.00",95.00,83.00,0.00,0.00,0.00,0.00,0.00,-,-
2025-07-13,2025-07-07,2025-07-01,"98,464.00",0.00,441.54,294.12,32.69,269.76,"18,194.00","17,891.00","5,903.00","3,012.00","2,457.00","1,786.00",365.00,223.00,0.17,0.82,0.73,0.20,0.61,0.07,"3,012.00","2,373.00","1,725.00",278.00,91.00,0.79,0.73,0.16,0.33,0.03,"3,012.00","2,481.00","1,811.00",384.00,305.00,0.82,0.73,0.21,0.79,0.10,384.00,201.00,160.00,23.00,,305.00,288.00,17.00,,-,,,,,,,,,,,481.00,334.77,,,"98,464.00","20,089.00","78,375.00","56,858.00","21,517.00",0.00,0.00,,0.00,"20,089.00",0.00,"24,757.00","24,757.00","3,836.00",0.00,"3,508.00",0.00,"10,758.50","10,758.50",,0.00,0.00,0.00,0.00,0.00,0.00,0.00,0.00,,,,,,,,,,,,,,,,,,,"2,401.00",85.00,78.00,0.00,0.00,0.00,0.00,0.00,-,-
2025-07-14,2025-07-14,2025-07-01,"99,333.00",0.00,389.54,294.54,29.12,268.47,"20,656.00","20,265.00","7,131.00","3,411.00","2,764.00","2,084.00",370.00,255.00,0.17,0.81,0.75,0.18,0.69,0.07,"3,411.00","2,649.00","1,990.00",275.00,82.00,0.78,0.75,0.14,0.30,0.02,"3,411.00","2,780.00","2,096.00",392.00,299.00,0.82,0.75,0.19,0.76,0.09,392.00,212.00,166.00,14.00,,299.00,290.00,9.00,,-,,,,,,,,,,,484.60,337.25,,,"99,333.00","16,117.00","83,216.00","58,136.00","25,080.00",0.00,0.00,,0.00,"16,117.00",0.00,"25,734.50","25,734.50","3,169.00",0.00,"3,498.00",0.00,"12,540.00","12,540.00",,0.00,0.00,0.00,0.00,0.00,0.00,0.00,0.00,,,,,,,,,,,,,,,,,,,"3,088.00",119.00,107.00,0.00,0.00,0.00,0.00,0.00,-,-
2025-07-15,2025-07-14,2025-07-01,"106,383.00",0.00,406.04,276.67,26.64,270.01,"22,102.00","21,683.00","7,811.00","3,993.00","3,220.00","2,375.00",394.00,262.00,0.18,0.81,0.74,0.17,0.66,0.07,"3,993.00","3,118.00","2,297.00",302.00,68.00,0.78,0.74,0.13,0.23,0.02,"3,993.00","3,259.00","2,403.00",440.00,302.00,0.82,0.74,0.18,0.69,0.08,440.00,217.00,206.00,17.00,,302.00,289.00,13.00,,-,,,,,,,,,,,551.31,384.51,,,"106,383.00","11,787.00","94,596.00","64,100.00","30,496.00",0.00,0.00,,0.00,"11,787.00",0.00,"28,625.00","28,625.00","2,363.00",0.00,"4,487.00",0.00,"15,248.00","15,248.00",,0.00,0.00,0.00,0.00,0.00,0.00,0.00,0.00,,,,,,,,,,,,,,,,,,,"3,076.00",91.00,83.00,0.00,0.00,0.00,0.00,0.00,-,-
2025-07-16,2025-07-14,2025-07-01,"98,020.00",0.00,321.38,288.77,28.02,256.60,"20,438.00","20,015.00","7,320.00","3,498.00","2,867.00","2,183.00",382.00,305.00,0.17,0.82,0.76,0.17,0.80,0.09,"3,498.00","2,769.00","2,104.00",281.00,90.00,0.79,0.76,0.13,0.32,0.03,"3,498.00","2,875.00","2,183.00",424.00,316.00,0.82,0.76,0.19,0.75,0.09,424.00,194.00,211.00,19.00,,316.00,301.00,15.00,,-,,,,,,,,,,,485.92,339.44,,,"98,020.00","8,889.00","89,131.00","66,703.00","22,428.00",0.00,0.00,,0.00,"8,889.00",0.00,"29,325.00","29,325.00","3,352.00",0.00,"4,701.00",0.00,"11,214.00","11,214.00",,0.00,0.00,0.00,0.00,0.00,0.00,0.00,0.00,,,,,,,,,,,,,,,,,,,"3,168.00",91.00,79.00,0.00,0.00,0.00,0.00,0.00,-,-
2025-07-17,2025-07-14,2025-07-01,"103,451.00",0.00,313.49,284.48,31.42,259.93,"19,442.00","19,036.00","6,835.00","3,293.00","2,700.00","2,033.00",398.00,330.00,0.17,0.82,0.75,0.20,0.83,0.10,"3,293.00","2,599.00","1,953.00",302.00,123.00,0.79,0.75,0.15,0.41,0.04,"3,293.00","2,719.00","2,045.00",415.00,318.00,0.83,0.75,0.20,0.77,0.10,415.00,216.00,183.00,16.00,,318.00,307.00,11.00,,-,,,,,,,,,,,519.27,363.65,,,"103,451.00","20,111.00","83,340.00","63,557.00","19,783.00",0.00,0.00,,0.00,"20,111.00",0.00,"28,685.00","28,685.00","3,253.00",0.00,"2,934.00",0.00,"9,891.50","9,891.50",,0.00,0.00,0.00,0.00,0.00,0.00,0.00,0.00,,,,,,,,,,,,,,,,,,,"3,060.00",101.00,92.00,0.00,0.00,0.00,0.00,0.00,-,-
2025-07-18,2025-07-14,2025-07-01,"59,658.00",0.00,206.43,280.08,25.85,211.55,"15,844.00","15,496.00","5,556.00","2,308.00","1,748.00","1,353.00",282.00,289.00,0.15,0.76,0.77,0.21,1.02,0.13,"2,308.00","1,676.00","1,297.00",186.00,71.00,0.73,0.77,0.14,0.38,0.03,"2,308.00","1,784.00","1,379.00",285.00,213.00,0.77,0.77,0.21,0.75,0.09,285.00,146.00,125.00,14.00,,213.00,202.00,11.00,,-,,,,,,,,,,,304.13,213.00,,,"59,658.00","7,734.00","51,924.00","38,246.00","13,678.00",0.00,0.00,,0.00,"7,734.00",0.00,"17,061.00","17,061.00","3,374.00",0.00,750.00,0.00,"6,839.00","6,839.00",,0.00,0.00,0.00,0.00,0.00,0.00,0.00,0.00,,,,,,,,,,,,,,,,,,,"2,815.00",89.00,78.00,0.00,0.00,0.00,0.00,0.00,-,-
2025-07-19,2025-07-14,2025-07-01,"53,084.00",0.00,268.10,288.99,23.25,245.76,"15,451.00","15,138.00","5,169.00","2,283.00","1,594.00","1,198.00",216.00,198.00,0.15,0.70,0.75,0.18,0.92,0.09,"2,283.00","1,524.00","1,142.00",161.00,60.00,0.67,0.75,0.14,0.37,0.03,"2,283.00","1,644.00","1,241.00",252.00,193.00,0.72,0.75,0.20,0.77,0.08,252.00,133.00,113.00,6.00,,193.00,190.00,3.00,,-,,,,,,,,,,,261.56,183.69,,,"53,084.00","9,031.00","44,053.00","37,739.00","6,314.00",0.00,0.00,,0.00,"9,031.00",0.00,"17,189.50","17,189.50","3,360.00",0.00,0.00,0.00,"3,157.00","3,157.00",,0.00,0.00,0.00,0.00,0.00,0.00,0.00,0.00,,,,,,,,,,,,,,,,,,,"2,335.00",58.00,51.00,0.00,0.00,0.00,0.00,0.00,-,-
2025-07-20,2025-07-14,2025-07-01,"52,590.00",0.00,264.27,237.02,20.86,187.82,"16,679.00","16,392.00","5,795.00","2,521.00","1,717.00","1,307.00",280.00,199.00,0.15,0.68,0.76,0.21,0.71,0.08,"2,521.00","1,634.00","1,241.00",194.00,70.00,0.65,0.76,0.16,0.36,0.03,"2,521.00","1,791.00","1,376.00",307.00,244.00,0.71,0.77,0.22,0.79,0.10,307.00,141.00,157.00,9.00,,244.00,237.00,7.00,,-,,,,,,,,,,,315.52,221.88,,,"52,590.00","9,486.00","43,104.00","35,662.00","7,442.00",0.00,0.00,,0.00,"9,486.00",0.00,"15,806.50","15,806.50","4,049.00",0.00,0.00,0.00,"3,721.00","3,721.00",,0.00,0.00,0.00,0.00,0.00,0.00,0.00,0.00,,,,,,,,,,,,,,,,,,,"2,494.00",50.00,40.00,0.00,0.00,0.00,0.00,0.00,-,-
2025-07-21,2025-07-21,2025-07-01,"48,765.00",0.00,215.77,281.92,24.37,190.49,"16,189.00","15,833.00","5,890.00","2,001.00","1,596.00","1,386.00",256.00,226.00,0.12,0.80,0.87,0.18,0.88,0.11,"2,001.00","1,499.00","1,306.00",152.00,50.00,0.75,0.87,0.12,0.33,0.02,"2,001.00","1,595.00","1,386.00",252.00,185.00,0.80,0.87,0.18,0.73,0.09,252.00,136.00,111.00,5.00,,185.00,183.00,2.00,,-,,,,,,,,,,,245.73,172.97,,,"48,765.00","14,962.00","33,803.00","27,135.00","6,668.00",0.00,0.00,,0.00,"14,962.00",0.00,"12,317.00","12,317.00","2,501.00",0.00,0.00,0.00,"3,334.00","3,334.00",,0.00,0.00,0.00,0.00,0.00,0.00,0.00,0.00,,,,,,,,,,,,,,,,,,,"3,204.00",59.00,49.00,0.00,0.00,0.00,0.00,0.00,-,-
2025-07-22,2025-07-21,2025-07-01,"28,462.00",0.00,162.64,194.23,18.29,131.77,"14,752.00","14,395.00","5,172.00","1,556.00","1,534.00","1,514.00",216.00,175.00,0.11,0.99,0.99,0.14,0.81,0.11,"1,556.00","1,469.00","1,458.00",124.00,34.00,0.94,0.99,0.09,0.27,0.02,"1,556.00","1,482.00","1,469.00",201.00,136.00,0.95,0.99,0.14,0.68,0.09,201.00,115.00,74.00,12.00,,136.00,132.00,4.00,,-,,,,,,,,,,,208.49,146.54,,,"28,462.00","6,840.00","21,622.00","15,349.00","6,273.00",0.00,0.00,,0.00,"6,840.00",0.00,"6,448.00","6,448.00","2,453.00",0.00,0.00,0.00,"3,136.50","3,136.50",,0.00,0.00,0.00,0.00,0.00,0.00,0.00,0.00,,,,,,,,,,,,,,,,,,,"3,037.00",60.00,50.00,0.00,0.00,0.00,0.00,0.00,-,-
2025-07-23,2025-07-21,2025-07-01,"17,030.00",0.00,119.93,138.52,13.15,96.21,"13,792.00","13,468.00","4,749.00","1,295.00","1,276.00","1,260.00",177.00,142.00,0.09,0.99,0.99,0.14,0.80,0.11,"1,295.00","1,232.00","1,225.00",111.00,25.00,0.95,0.99,0.09,0.23,0.02,"1,295.00","1,247.00","1,240.00",177.00,122.00,0.96,0.99,0.14,0.69,0.09,177.00,103.00,70.00,4.00,,122.00,119.00,3.00,,-,,,,,,,,,,,174.83,122.94,,,"17,030.00",273.00,"16,757.00","12,872.00","3,885.00",0.00,0.00,,0.00,273.00,0.00,"4,579.50","4,579.50","3,713.00",0.00,0.00,0.00,"1,942.50","1,942.50",,0.00,0.00,0.00,0.00,0.00,0.00,0.00,0.00,,,,,,,,,,,,,,,,,,,"2,911.00",42.00,34.00,0.00,0.00,0.00,0.00,0.00,-,-
2025-07-24,2025-07-21,2025-07-01,"9,134.00",0.00,61.30,111.37,9.14,57.81,"12,751.00","12,457.00","4,196.00",999.00,984.00,975.00,158.00,149.00,0.08,0.98,0.99,0.16,0.94,0.15,999.00,943.00,938.00,80.00,17.00,0.94,0.99,0.09,0.21,0.02,999.00,960.00,954.00,143.00,91.00,0.96,0.99,0.15,0.64,0.09,143.00,93.00,49.00,1.00,,91.00,90.00,1.00,,-,,,,,,,,,,,116.86,82.01,,,"9,134.00","1,074.00","8,060.00","8,060.00",0.00,0.00,0.00,,0.00,"1,074.00",0.00,"3,213.00","3,213.00","1,634.00",0.00,0.00,0.00,0.00,0.00,,0.00,0.00,0.00,0.00,0.00,0.00,0.00,0.00,,,,,,,,,,,,,,,,,,,"2,697.00",50.00,45.00,0.00,0.00,0.00,0.00,0.00,-,-
2025-07-25,2025-07-21,2025-07-01,"10,826.00",0.00,64.83,92.78,10.63,53.07,"12,298.00","11,991.00","4,186.00","1,018.00","1,003.00",990.00,204.00,167.00,0.08,0.99,0.99,0.21,0.82,0.16,"1,018.00",972.00,963.00,114.00,40.00,0.95,0.99,0.12,0.35,0.04,"1,018.00",984.00,971.00,170.00,113.00,0.97,0.99,0.18,0.66,0.11,170.00,115.00,55.00,0.00,,113.00,113.00,0.00,,-,,,,,,,,,,,166.05,116.69,,,"10,826.00",567.00,"10,259.00","10,259.00",0.00,0.00,0.00,,0.00,567.00,0.00,"4,054.50","4,054.50","2,150.00",0.00,0.00,0.00,0.00,0.00,,0.00,0.00,0.00,0.00,0.00,0.00,0.00,0.00,,,,,,,,,,,,,,,,,,,"2,736.00",81.00,72.00,0.00,0.00,0.00,0.00,0.00,-,-
2025-07-26,2025-07-21,2025-07-01,"10,383.00",0.00,82.40,86.35,10.39,63.31,"11,336.00","11,090.00","3,425.00",999.00,997.00,985.00,164.00,126.00,0.09,1.00,0.99,0.17,0.77,0.13,999.00,965.00,958.00,117.00,43.00,0.97,0.99,0.12,0.37,0.04,999.00,973.00,966.00,191.00,129.00,0.97,0.99,0.20,0.68,0.13,191.00,138.00,53.00,0.00,,129.00,129.00,0.00,,-,,,,,,,,,,,170.37,120.24,,,"10,383.00",511.00,"9,872.00","9,872.00",0.00,0.00,0.00,,0.00,511.00,0.00,"3,934.00","3,934.00","2,004.00",0.00,0.00,0.00,0.00,0.00,,0.00,0.00,0.00,0.00,0.00,0.00,0.00,0.00,,,,,,,,,,,,,,,,,,,"2,049.00",64.00,62.00,0.00,0.00,0.00,0.00,0.00,-,-
2025-07-27,2025-07-21,2025-07-01,"9,479.00",0.00,80.33,82.60,9.26,51.24,"11,637.00","11,413.00","3,668.00","1,024.00","1,027.00","1,015.00",185.00,118.00,0.09,1.00,0.99,0.18,0.64,0.12,"1,024.00",983.00,981.00,111.00,41.00,0.96,1.00,0.11,0.37,0.04,"1,024.00",992.00,989.00,187.00,126.00,0.97,1.00,0.19,0.67,0.12,187.00,129.00,58.00,0.00,,126.00,126.00,0.00,,-,,,,,,,,,,,162.24,114.76,,,"9,479.00",739.00,"8,740.00","8,740.00",0.00,0.00,0.00,,0.00,739.00,0.00,"3,407.00","3,407.00","1,926.00",0.00,0.00,0.00,0.00,0.00,,0.00,0.00,0.00,0.00,0.00,0.00,0.00,0.00,,,,,,,,,,,,,,,,,,,"2,135.00",56.00,48.00,0.00,0.00,0.00,0.00,0.00,-,-
2025-07-28,2025-07-28,2025-07-01,"15,293.00",0.00,92.13,107.40,14.15,75.33,"13,188.00","12,885.00","4,325.00","1,081.00","1,063.00","1,051.00",203.00,166.00,0.08,0.98,0.99,0.19,0.82,0.15,"1,081.00","1,033.00","1,028.00",129.00,52.00,0.96,1.00,0.13,0.40,0.05,"1,081.00","1,047.00","1,040.00",207.00,136.00,0.97,0.99,0.20,0.66,0.13,207.00,134.00,72.00,1.00,,136.00,135.00,1.00,,-,,,,,,,,,,,201.06,142.40,,,"15,293.00",745.00,"14,548.00","14,548.00",0.00,0.00,0.00,,0.00,745.00,0.00,"7,092.00","7,092.00",364.00,0.00,0.00,0.00,0.00,0.00,,0.00,0.00,0.00,0.00,0.00,0.00,0.00,0.00,,,,,,,,,,,,,,,,,,,"2,713.00",68.00,64.00,0.00,0.00,0.00,0.00,0.00,-,-
2025-07-29,2025-07-28,2025-07-01,"22,233.00",0.00,153.33,115.59,19.23,89.65,"14,064.00","13,731.00","4,546.00","1,156.00","1,125.00","1,112.00",248.00,145.00,0.08,0.97,0.99,0.22,0.58,0.13,"1,156.00","1,081.00","1,073.00",166.00,47.00,0.94,0.99,0.15,0.28,0.04,"1,156.00","1,099.00","1,089.00",253.00,159.00,0.95,0.99,0.23,0.63,0.14,253.00,166.00,81.00,6.00,,159.00,155.00,4.00,,-,,,,,,,,,,,270.60,192.34,,,"22,233.00",850.00,"21,383.00","19,874.00","1,509.00",0.00,0.00,,0.00,850.00,0.00,"8,252.50","8,252.50","3,369.00",0.00,0.00,0.00,754.50,754.50,,0.00,0.00,0.00,0.00,0.00,0.00,0.00,0.00,,,,,,,,,,,,,,,,,,,"2,810.00",74.00,67.00,0.00,0.00,0.00,0.00,0.00,-,-
2025-07-30,2025-07-28,2025-07-01,"21,281.00",0.00,144.77,128.28,21.47,87.94,"13,590.00","13,277.00","4,414.00",991.00,965.00,950.00,242.00,147.00,0.07,0.97,0.98,0.25,0.61,0.15,991.00,932.00,923.00,144.00,38.00,0.94,0.99,0.16,0.26,0.04,991.00,943.00,933.00,202.00,115.00,0.95,0.99,0.22,0.57,0.12,202.00,118.00,83.00,1.00,,115.00,115.00,0.00,,-,,,,,,,,,,,232.90,165.89,,,"21,281.00",523.00,"20,758.00","19,337.00","1,421.00",0.00,0.00,,0.00,523.00,0.00,"8,743.50","8,743.50","1,850.00",0.00,0.00,0.00,710.50,710.50,,0.00,0.00,0.00,0.00,0.00,0.00,0.00,0.00,,,,,,,,,,,,,,,,,,,"2,736.00",54.00,46.00,0.00,0.00,0.00,0.00,0.00,-,-
2025-07-31,2025-07-28,2025-07-01,"32,272.00",0.00,165.50,122.54,16.98,93.81,"17,024.00","16,697.00","5,610.00","1,901.00","1,783.00","1,757.00",344.00,195.00,0.11,0.94,0.99,0.20,0.57,0.10,"1,901.00","1,751.00","1,727.00",194.00,63.00,0.92,0.99,0.11,0.32,0.03,"1,901.00","1,779.00","1,754.00",303.00,184.00,0.94,0.99,0.17,0.61,0.10,303.00,170.00,115.00,18.00,,184.00,174.00,10.00,,-,,,,,,,,,,,368.84,263.36,,,"32,272.00",427.00,"31,845.00","25,930.00","5,915.00",0.00,0.00,,0.00,427.00,0.00,"10,599.00","10,599.00","2,232.00",0.00,"2,500.00",0.00,"2,957.50","2,957.50",,0.00,0.00,0.00,0.00,0.00,0.00,0.00,0.00,,,,,,,,,,,,,,,,,,,"2,930.00",76.00,68.00,0.00,0.00,0.00,0.00,0.00,-,-
2025-08-01,2025-07-28,2025-08-01,"43,965.00",0.00,219.83,203.79,20.06,178.00,"17,687.00","17,375.00","5,469.00","2,192.00","2,052.00","2,024.00",247.00,200.00,0.12,0.94,0.99,0.12,0.81,0.09,"2,192.00","2,002.00","1,982.00",148.00,53.00,0.91,0.99,0.07,0.36,0.02,"2,192.00","2,035.00","2,014.00",256.00,160.00,0.93,0.99,0.13,0.63,0.07,256.00,159.00,74.00,23.00,,160.00,148.00,12.00,,-,,,,,,,,,,,301.96,215.74,,,"43,965.00",68.00,"43,897.00","23,820.00","20,077.00",0.00,0.00,,0.00,68.00,0.00,"9,409.50","9,409.50","2,557.00",0.00,"2,444.00",0.00,"10,038.50","10,038.50",,0.00,0.00,0.00,0.00,0.00,0.00,0.00,0.00,,,,,,,,,,,,,,,,,,,"2,595.00",73.00,66.00,0.00,0.00,0.00,0.00,0.00,-,-
2025-08-02,2025-07-28,2025-08-01,"48,160.00",0.00,301.00,184.02,21.10,181.74,"17,733.00","17,466.00","5,270.00","2,283.00","2,131.00","2,108.00",265.00,160.00,0.13,0.93,0.99,0.13,0.60,0.07,"2,283.00","2,074.00","2,059.00",180.00,59.00,0.91,0.99,0.09,0.33,0.03,"2,283.00","2,099.00","2,084.00",271.00,157.00,0.92,0.99,0.13,0.58,0.07,271.00,149.00,94.00,28.00,,157.00,144.00,13.00,,-,,,,,,,,,,,366.42,261.72,,,"48,160.00",0.00,"48,160.00","26,938.00","21,222.00",0.00,0.00,,0.00,0.00,0.00,"9,601.50","9,601.50","5,172.00",0.00,"2,563.00",0.00,"10,611.00","10,611.00",,0.00,0.00,0.00,0.00,0.00,0.00,0.00,0.00,,,,,,,,,,,,,,,,,,,"2,138.00",72.00,67.00,0.00,0.00,0.00,0.00,0.00,-,-
2025-08-03,2025-07-28,2025-08-01,"35,603.00",0.00,247.24,132.90,14.85,124.05,"18,321.00","18,052.00","5,720.00","2,398.00","2,263.00","2,232.00",287.00,144.00,0.13,0.94,0.99,0.13,0.50,0.06,"2,398.00","2,203.00","2,178.00",190.00,44.00,0.92,0.99,0.09,0.23,0.02,"2,398.00","2,231.00","2,205.00",319.00,194.00,0.93,0.99,0.14,0.61,0.08,319.00,154.00,123.00,42.00,,194.00,168.00,26.00,,-,,,,,,,,,,,375.58,267.90,,,"35,603.00",0.00,"35,603.00","28,632.00","6,971.00",0.00,0.00,,0.00,0.00,0.00,"10,747.50","10,747.50","4,571.00",0.00,"2,566.00",0.00,"3,485.50","3,485.50",,0.00,0.00,0.00,0.00,0.00,0.00,0.00,0.00,,,,,,,,,,,,,,,,,,,"2,306.00",61.00,60.00,0.00,0.00,0.00,0.00,0.00,-,-
2025-08-04,2025-08-04,2025-08-01,"44,959.00",0.00,204.36,173.61,17.52,140.06,"18,961.00","18,571.00","6,471.00","2,566.00","2,415.00","2,381.00",321.00,220.00,0.14,0.94,0.99,0.13,0.69,0.09,"2,566.00","2,365.00","2,342.00",193.00,58.00,0.92,0.99,0.08,0.30,0.02,"2,566.00","2,390.00","2,366.00",289.00,180.00,0.93,0.99,0.12,0.62,0.07,289.00,169.00,99.00,21.00,,180.00,168.00,12.00,,-,,,,,,,,,,,362.31,258.96,,,"44,959.00",0.00,"44,959.00","26,157.00","18,802.00",0.00,0.00,,0.00,0.00,0.00,"9,666.00","9,666.00","4,263.00",0.00,"2,562.00",0.00,"9,401.00","9,401.00",,0.00,0.00,0.00,0.00,0.00,0.00,0.00,0.00,,,,,,,,,,,,,,,,,,,"3,062.00",85.00,74.00,0.00,0.00,0.00,0.00,0.00,-,-
2025-08-05,2025-08-04,2025-08-01,"48,148.00",0.00,273.57,172.01,16.47,148.60,"19,470.00","19,075.00","6,664.00","2,924.00","2,786.00","2,746.00",324.00,176.00,0.15,0.95,0.99,0.12,0.54,0.06,"2,924.00","2,722.00","2,693.00",213.00,41.00,0.93,0.99,0.08,0.19,0.01,"2,924.00","2,753.00","2,724.00",351.00,204.00,0.94,0.99,0.13,0.58,0.07,351.00,200.00,124.00,27.00,,204.00,190.00,14.00,,-,,,,,,,,,,,391.43,279.92,,,"48,148.00",0.00,"48,148.00","28,892.00","19,256.00",0.00,0.00,,0.00,0.00,0.00,"9,781.00","9,781.00","6,775.00",0.00,"2,555.00",0.00,"9,628.00","9,628.00",,0.00,0.00,0.00,0.00,0.00,0.00,0.00,0.00,,,,,,,,,,,,,,,,,,,"2,986.00",85.00,78.00,0.00,0.00,0.00,0.00,0.00,-,-
2025-08-06,2025-08-04,2025-08-01,"46,377.00",0.00,328.91,193.81,16.49,175.01,"19,316.00","18,919.00","6,617.00","2,813.00","2,656.00","2,622.00",265.00,141.00,0.15,0.94,0.99,0.10,0.53,0.05,"2,813.00","2,602.00","2,576.00",178.00,25.00,0.92,0.99,0.07,0.14,0.01,"2,813.00","2,627.00","2,601.00",308.00,177.00,0.93,0.99,0.12,0.57,0.06,308.00,171.00,118.00,19.00,,177.00,167.00,10.00,,-,,,,,,,,,,,334.57,239.29,,,"46,377.00",0.00,"46,377.00","24,677.00","21,700.00",0.00,0.00,,0.00,0.00,0.00,"8,500.00","8,500.00","5,123.00",0.00,"2,554.00",0.00,"10,850.00","10,850.00",,0.00,0.00,0.00,0.00,0.00,0.00,0.00,0.00,,,,,,,,,,,,,,,,,,,"2,780.00",59.00,50.00,0.00,0.00,0.00,0.00,0.00,-,-
2025-08-07,2025-08-04,2025-08-01,"55,004.00",0.00,410.48,200.48,19.93,178.01,"19,901.00","19,545.00","6,681.00","2,760.00","2,635.00","2,586.00",309.00,134.00,0.14,0.95,0.98,0.12,0.43,0.05,"2,760.00","2,558.00","2,518.00",204.00,10.00,0.93,0.98,0.08,0.05,0.00,"2,760.00","2,590.00","2,550.00",324.00,169.00,0.94,0.98,0.13,0.52,0.06,324.00,165.00,131.00,28.00,,169.00,153.00,16.00,,-,,,,,,,,,,,383.48,274.36,,,"55,004.00",0.00,"55,004.00","33,638.00","21,366.00",0.00,0.00,,0.00,0.00,0.00,"10,339.00","10,339.00","10,415.00",0.00,"2,545.00",0.00,"10,683.00","10,683.00",,0.00,0.00,0.00,0.00,0.00,0.00,0.00,0.00,,,,,,,,,,,,,,,,,,,"2,709.00",64.00,56.00,0.00,0.00,0.00,0.00,0.00,-,-
2025-08-08,2025-08-04,2025-08-01,"55,005.00",0.00,486.77,236.79,20.65,187.73,"19,545.00","19,198.00","6,455.00","2,664.00","2,531.00","2,506.00",293.00,113.00,0.14,0.95,0.99,0.12,0.39,0.04,"2,664.00","2,481.00","2,460.00",182.00,1.00,0.93,0.99,0.07,0.01,0.00,"2,664.00","2,504.00","2,483.00",334.00,170.00,0.94,0.99,0.13,0.51,0.06,334.00,161.00,153.00,20.00,,170.00,160.00,10.00,,-,,,,,,,,,,,323.68,232.29,,,"55,005.00",0.00,"55,005.00","35,290.00","19,715.00",0.00,0.00,,0.00,0.00,0.00,"12,824.50","12,824.50","7,098.00",0.00,"2,543.00",0.00,"9,857.50","9,857.50",,0.00,0.00,0.00,0.00,0.00,0.00,0.00,0.00,,,,,,,,,,,,,,,,,,,"2,802.00",48.00,41.00,0.00,0.00,0.00,0.00,0.00,-,-
2025-08-09,2025-08-04,2025-08-01,"57,014.00",0.00,919.58,212.43,20.58,190.68,"19,088.00","18,771.00","6,102.00","2,770.00","2,637.00","2,604.00",299.00,62.00,0.15,0.95,0.99,0.11,0.21,0.02,"2,770.00","2,588.00","2,555.00",208.00,0.00,0.93,0.99,0.08,0.00,0.00,"2,770.00","2,616.00","2,583.00",348.00,193.00,0.94,0.99,0.13,0.55,0.07,348.00,147.00,164.00,37.00,,193.00,169.00,24.00,,-,,,,,,,,,,,373.85,268.39,,,"57,014.00",0.00,"57,014.00","37,031.00","19,983.00",0.00,0.00,,0.00,0.00,0.00,"13,615.00","13,615.00","7,267.00",0.00,"2,534.00",0.00,"9,991.50","9,991.50",,0.00,0.00,0.00,0.00,0.00,0.00,0.00,0.00,,,,,,,,,,,,,,,,,,,"2,115.00",52.00,49.00,0.00,0.00,0.00,0.00,0.00,-,-
2025-08-10,2025-08-04,2025-08-01,"64,519.00",0.00,759.05,215.54,19.04,180.22,"21,212.00","20,859.00","6,976.00","3,388.00","3,216.00","3,189.00",358.00,85.00,0.16,0.95,0.99,0.11,0.24,0.03,"3,388.00","3,162.00","3,136.00",238.00,1.00,0.93,0.99,0.08,0.00,0.00,"3,388.00","3,202.00","3,176.00",414.00,215.00,0.95,0.99,0.13,0.52,0.06,414.00,205.00,177.00,32.00,,215.00,203.00,12.00,,-,,,,,,,,,,,415.97,299.33,,,"64,519.00",0.00,"64,519.00","42,804.00","21,715.00",0.00,0.00,,0.00,0.00,0.00,"16,584.50","16,584.50","7,103.00",0.00,"2,532.00",0.00,"10,857.50","10,857.50",,0.00,0.00,0.00,0.00,0.00,0.00,0.00,0.00,,,,,,,,,,,,,,,,,,,"2,156.00",49.00,46.00,0.00,0.00,0.00,0.00,0.00,-,-
2025-08-11,2025-08-11,2025-08-01,"59,895.00",0.00,179.33,191.57,16.88,171.62,"22,303.00","21,823.00","8,044.00","3,548.00","3,383.00","3,357.00",349.00,334.00,0.16,0.95,0.99,0.10,0.96,0.09,"3,548.00","3,325.00","3,299.00",249.00,48.00,0.94,0.99,0.08,0.19,0.01,"3,548.00","3,354.00","3,327.00",404.00,235.00,0.95,0.99,0.12,0.58,0.07,404.00,183.00,204.00,17.00,,235.00,229.00,6.00,,-,,,,,,,,,,,431.56,312.65,,,"59,895.00",0.00,"59,895.00","38,642.00","21,253.00",0.00,0.00,,0.00,0.00,0.00,"14,791.00","14,791.00","6,536.00",0.00,"2,524.00",0.00,"10,626.50","10,626.50",,0.00,0.00,0.00,0.00,0.00,0.00,0.00,0.00,,,,,,,,,,,,,,,,,,,"3,884.00",70.00,56.00,0.00,0.00,0.00,0.00,0.00,-,-
2025-08-12,2025-08-11,2025-08-01,"56,455.00",0.00,241.26,202.60,17.58,166.53,"20,831.00","20,369.00","7,446.00","3,211.00","3,091.00","3,057.00",339.00,234.00,0.15,0.96,0.99,0.11,0.69,0.07,"3,211.00","3,026.00","2,992.00",219.00,40.00,0.94,0.99,0.07,0.18,0.01,"3,211.00","3,047.00","3,013.00",353.00,204.00,0.95,0.99,0.12,0.58,0.06,353.00,189.00,144.00,20.00,,204.00,189.00,15.00,,-,,,,,,,,,,,383.75,278.65,,,"56,455.00",0.00,"56,455.00","34,408.00","22,047.00",0.00,0.00,,0.00,0.00,0.00,"12,171.50","12,171.50","8,068.00",0.00,"1,997.00",0.00,"11,023.50","11,023.50",,0.00,0.00,0.00,0.00,0.00,0.00,0.00,0.00,,,,,,,,,,,,,,,,,,,"3,563.00",91.00,82.00,0.00,0.00,0.00,0.00,0.00,-,-
2025-08-13,2025-08-11,2025-08-01,"53,272.00",0.00,300.97,189.32,17.09,162.91,"20,778.00","20,359.00","7,481.00","3,118.00","3,008.00","2,978.00",327.00,177.00,0.15,0.96,0.99,0.11,0.54,0.06,"3,118.00","2,946.00","2,916.00",226.00,29.00,0.94,0.99,0.08,0.13,0.01,"3,118.00","2,983.00","2,952.00",367.00,211.00,0.96,0.99,0.12,0.57,0.07,367.00,187.00,157.00,23.00,,211.00,200.00,11.00,,-,,,,,,,,,,,386.25,281.39,,,"53,272.00",0.00,"53,272.00","34,547.00","18,725.00",0.00,0.00,,0.00,0.00,0.00,"12,866.00","12,866.00","6,724.00",0.00,"2,091.00",0.00,"9,362.50","9,362.50",,0.00,0.00,0.00,0.00,0.00,0.00,0.00,0.00,,,,,,,,,,,,,,,,,,,"3,131.00",73.00,67.00,0.00,0.00,0.00,0.00,0.00,-,-
2025-08-14,2025-08-11,2025-08-01,"72,919.00",0.00,372.04,211.23,15.14,194.45,"30,039.00","29,410.00","12,687.00","4,815.00","4,663.00","4,628.00",375.00,196.00,0.16,0.97,0.99,0.08,0.52,0.04,"4,815.00","4,576.00","4,541.00",287.00,32.00,0.95,0.99,0.06,0.11,0.01,"4,815.00","4,610.00","4,574.00",522.00,332.00,0.96,0.99,0.11,0.64,0.07,522.00,261.00,220.00,41.00,,332.00,310.00,22.00,,-,,,,,,,,,,,474.78,345.20,,,"72,919.00",515.00,"72,404.00","50,976.00","21,428.00",0.00,0.00,,515.00,0.00,0.00,"20,432.50","20,432.50","7,505.00",0.00,"2,091.00",515.00,"10,714.00","10,714.00",,0.00,0.00,0.00,0.00,0.00,0.00,0.00,0.00,,,,,,,,,,,,,,,,,,,"4,354.00",183.00,173.00,0.00,0.00,0.00,0.00,0.00,-,-
2025-08-15,2025-08-11,2025-08-01,"72,317.00",0.00,592.76,145.42,12.01,135.43,"38,533.00","37,330.00","15,581.00","6,019.00","5,790.00","5,744.00",534.00,122.00,0.16,0.96,0.99,0.09,0.23,0.02,"6,019.00","5,687.00","5,641.00",395.00,0.00,0.94,0.99,0.07,0.00,0.00,"6,019.00","5,736.00","5,690.00",715.00,487.00,0.95,0.99,0.13,0.68,0.08,715.00,452.00,196.00,67.00,,487.00,441.00,46.00,,-,,,,,,,,,,,683.83,497.29,,,"72,317.00",488.00,"71,829.00","44,618.00","27,211.00",0.00,0.00,,488.00,0.00,0.00,"15,304.50","15,304.50","11,435.00",0.00,"2,086.00",488.00,"13,605.50","13,605.50",,0.00,0.00,0.00,0.00,0.00,0.00,0.00,0.00,,,,,,,,,,,,,,,,,,,"5,467.00",252.00,232.00,0.00,0.00,0.00,0.00,0.00,-,-
2025-08-16,2025-08-11,2025-08-01,"63,713.00",0.00,436.39,153.23,15.15,155.78,"32,981.00","32,123.00","11,623.00","4,205.00","3,918.00","3,892.00",409.00,146.00,0.13,0.93,0.99,0.11,0.36,0.03,"4,205.00","3,835.00","3,809.00",299.00,0.00,0.91,0.99,0.08,0.00,0.00,"4,205.00","3,928.00","3,900.00",557.00,365.00,0.93,0.99,0.14,0.66,0.09,557.00,350.00,117.00,90.00,,365.00,304.00,61.00,,-,,,,,,,,,,,572.50,415.79,,,"63,713.00",831.00,"62,882.00","40,792.00","22,090.00",0.00,0.00,,831.00,0.00,0.00,"14,864.00","14,864.00","8,455.00",0.00,"2,083.00",526.00,"11,045.00","11,045.00",,0.00,0.00,0.00,0.00,0.00,0.00,0.00,0.00,,,,,,,,,,,,,,,,,,,"4,034.00",158.00,147.00,0.00,0.00,0.00,0.00,0.00,-,-
2025-08-17,2025-08-11,2025-08-01,"72,588.00",0.00,241.96,135.26,14.07,142.05,"35,982.00","34,960.00","12,823.00","5,160.00","4,048.00","4,008.00",511.00,300.00,0.14,0.78,0.99,0.13,0.59,0.06,"5,160.00","3,986.00","3,947.00",377.00,6.00,0.77,0.99,0.10,0.02,0.00,"5,160.00","4,287.00","4,246.00",742.00,496.00,0.83,0.99,0.17,0.67,0.10,742.00,500.00,107.00,135.00,,496.00,403.00,93.00,,-,,,,,,,,,,,737.54,536.64,,,"72,588.00",868.00,"71,720.00","43,770.00","27,950.00",0.00,0.00,,868.00,0.00,0.00,"13,246.50","13,246.50","14,648.00",0.00,"2,109.00",520.00,"13,975.00","13,975.00",,0.00,0.00,0.00,0.00,0.00,0.00,0.00,0.00,,,,,,,,,,,,,,,,,,,"4,647.00",180.00,168.00,0.00,0.00,0.00,0.00,0.00,-,-
2025-08-18,2025-08-18,2025-08-01,"76,557.00",0.00,171.65,123.64,14.77,122.69,"38,355.00","37,281.00","14,209.00","5,182.00","4,075.00","4,026.00",624.00,446.00,0.14,0.79,0.99,0.15,0.71,0.09,"5,182.00","3,979.00","3,932.00",447.00,91.00,0.77,0.99,0.11,0.20,0.02,"5,182.00","4,298.00","4,246.00",804.00,541.00,0.83,0.99,0.19,0.67,0.10,804.00,555.00,129.00,120.00,,541.00,461.00,80.00,,-,,,,,,,,,,,848.44,619.17,,,"76,557.00","1,216.00","75,341.00","48,645.00","26,696.00",0.00,0.00,,"1,216.00",0.00,0.00,"14,472.00","14,472.00","17,168.00",0.00,"2,070.00",463.00,"13,348.00","13,348.00",,0.00,0.00,0.00,0.00,0.00,0.00,0.00,0.00,,,,,,,,,,,,,,,,,,,"5,709.00",202.00,185.00,0.00,0.00,0.00,0.00,0.00,-,-
2025-08-19,2025-08-18,2025-08-01,"88,591.00",0.00,224.85,159.90,16.36,155.70,"39,111.00","37,984.00","14,481.00","5,416.00","4,220.00","4,185.00",569.00,394.00,0.14,0.78,0.99,0.14,0.69,0.07,"5,416.00","4,101.00","4,067.00",395.00,86.00,0.76,0.99,0.10,0.22,0.02,"5,416.00","4,411.00","4,375.00",763.00,492.00,0.81,0.99,0.17,0.64,0.09,763.00,535.00,104.00,124.00,,492.00,424.00,68.00,,-,,,,,,,,,,,759.01,554.05,,,"88,591.00","1,281.00","87,310.00","53,522.00","33,788.00",0.00,0.00,,"1,281.00",0.00,0.00,"15,480.00","15,480.00","19,368.00",0.00,"2,615.00",579.00,"16,894.00","16,894.00",,0.00,0.00,0.00,0.00,0.00,0.00,0.00,0.00,,,,,,,,,,,,,,,,,,,"5,585.00",191.00,171.00,0.00,0.00,0.00,0.00,0.00,-,-
2025-08-20,2025-08-18,2025-08-01,"88,886.00",0.00,262.20,154.04,16.94,139.98,"36,440.00","35,419.00","13,694.00","5,248.00","4,170.00","4,123.00",635.00,339.00,0.14,0.79,0.99,0.15,0.53,0.06,"5,248.00","4,051.00","4,004.00",419.00,71.00,0.77,0.99,0.10,0.17,0.01,"5,248.00","4,336.00","4,288.00",749.00,493.00,0.83,0.99,0.17,0.66,0.09,749.00,519.00,139.00,91.00,,493.00,437.00,56.00,,-,,,,,,,,,,,790.23,577.04,,,"88,886.00","1,496.00","87,390.00","54,301.00","33,089.00",0.00,0.00,,"1,496.00",0.00,0.00,"16,031.00","16,031.00","19,034.00",0.00,"2,716.00",489.00,"16,544.50","16,544.50",,0.00,0.00,0.00,0.00,0.00,0.00,0.00,0.00,,,,,,,,,,,,,,,,,,,"5,111.00",214.00,201.00,0.00,0.00,0.00,0.00,0.00,-,-
2025-08-21,2025-08-18,2025-08-01,"99,171.00",0.00,209.66,111.41,13.94,105.95,"39,108.00","38,031.00","15,548.00","7,115.00","5,756.00","5,717.00",936.00,473.00,0.18,0.81,0.99,0.16,0.51,0.07,"7,115.00","5,593.00","5,554.00",696.00,140.00,0.79,0.99,0.13,0.20,0.02,"7,115.00","5,947.00","5,906.00","1,226.00",885.00,0.84,0.99,0.21,0.72,0.12,"1,226.00",752.00,364.00,110.00,,885.00,808.00,77.00,,-,,,,,,,,,,,"1,215.14",890.14,,,"99,171.00","1,556.00","97,615.00","61,659.00","35,956.00",0.00,0.00,,"1,556.00",0.00,0.00,"20,210.00","20,210.00","18,007.00",0.00,"2,718.00",514.00,"17,978.00","17,978.00",,0.00,0.00,0.00,0.00,0.00,0.00,0.00,0.00,,,,,,,,,,,,,,,,,,,"5,173.00",305.00,287.00,0.00,0.00,0.00,0.00,0.00,-,-
2025-08-22,2025-08-18,2025-08-01,"150,098.00",0.00,303.23,137.58,17.46,119.70,"49,890.00","48,416.00","18,786.00","8,598.00","7,824.00","7,767.00","1,254.00",495.00,0.17,0.91,0.99,0.16,0.39,0.06,"8,598.00","7,618.00","7,562.00",875.00,79.00,0.89,0.99,0.12,0.09,0.01,"8,598.00","7,826.00","7,769.00","1,471.00","1,065.00",0.91,0.99,0.19,0.72,0.12,"1,471.00",931.00,438.00,102.00,,"1,065.00","1,002.00",63.00,,-,,,,,,,,,,,"1,489.29","1,091.00",,,"150,098.00","1,334.00","148,764.00","101,815.00","46,949.00",0.00,0.00,,"1,334.00",0.00,0.00,"38,032.00","38,032.00","22,542.00",0.00,"2,687.00",522.00,"23,474.50","23,474.50",,0.00,0.00,0.00,0.00,0.00,0.00,0.00,0.00,,,,,,,,,,,,,,,,,,,"5,623.00",420.00,396.00,0.00,0.00,0.00,0.00,0.00,-,-
2025-08-23,2025-08-18,2025-08-01,"159,728.00",0.00,368.89,153.21,17.63,139.50,"52,344.00","50,787.00","19,384.00","9,059.00","8,809.00","8,756.00","1,145.00",433.00,0.17,0.97,0.99,0.13,0.38,0.05,"9,059.00","8,563.00","8,510.00",803.00,0.00,0.95,0.99,0.09,0.00,0.00,"9,059.00","8,658.00","8,602.00","1,318.00",902.00,0.96,0.99,0.15,0.68,0.10,"1,318.00",778.00,413.00,127.00,,902.00,821.00,81.00,,-,,,,,,,,,,,"1,421.93","1,042.54",,,"159,728.00",820.00,"158,908.00","108,292.00","50,616.00",0.00,0.00,,820.00,0.00,0.00,"39,250.00","39,250.00","26,301.00",0.00,"3,001.00",490.00,"25,308.00","25,308.00",,0.00,0.00,0.00,0.00,0.00,0.00,0.00,0.00,,,,,,,,,,,,,,,,,,,"5,334.00",398.00,377.00,0.00,0.00,0.00,0.00,0.00,-,-
2025-08-24,2025-08-18,2025-08-01,"175,022.00",0.00,469.23,171.62,18.68,156.55,"52,854.00","51,289.00","19,578.00","9,371.00","9,055.00","8,995.00","1,118.00",373.00,0.18,0.97,0.99,0.12,0.33,0.04,"9,371.00","8,855.00","8,796.00",778.00,1.00,0.94,0.99,0.09,0.00,0.00,"9,371.00","8,925.00","8,861.00","1,331.00",917.00,0.95,0.99,0.15,0.69,0.10,"1,331.00",772.00,430.00,129.00,,917.00,829.00,88.00,,-,,,,,,,,,,,"1,387.57","1,019.83",,,"175,022.00",819.00,"174,203.00","111,836.00","62,367.00",0.00,0.00,,819.00,0.00,0.00,"41,395.00","41,395.00","25,431.00",0.00,"3,128.00",487.00,"31,183.50","31,183.50",,0.00,0.00,0.00,0.00,0.00,0.00,0.00,0.00,,,,,,,,,,,,,,,,,,,"5,022.00",366.00,351.00,0.00,0.00,0.00,0.00,0.00,-,-
2025-08-25,2025-08-25,2025-08-01,"176,415.00",0.00,257.92,164.12,18.53,139.90,"56,020.00","54,320.00","21,476.00","9,523.00","9,173.00","9,092.00","1,261.00",684.00,0.17,0.96,0.99,0.14,0.54,0.07,"9,523.00","8,982.00","8,901.00",842.00,1.00,0.94,0.99,0.09,0.00,0.00,"9,523.00","9,064.00","8,977.00","1,369.00",922.00,0.95,0.99,0.15,0.67,0.10,"1,369.00",722.00,524.00,123.00,,922.00,849.00,73.00,,-,,,,,,,,,,,"1,461.16","1,074.90",,,"176,415.00","1,569.00","174,846.00","114,055.00","60,791.00",0.00,0.00,,"1,569.00",0.00,0.00,"44,523.50","44,523.50","21,399.00",0.00,"3,109.00",500.00,"30,395.50","30,395.50",,0.00,0.00,0.00,0.00,0.00,0.00,0.00,0.00,,,,,,,,,,,,,,,,,,,"6,507.00",383.00,362.00,0.00,0.00,0.00,0.00,0.00,-,-
2025-08-26,2025-08-25,2025-08-01,"155,087.00",0.00,194.59,132.85,17.16,111.09,"53,855.00","51,918.00","22,169.00","9,039.00","8,726.00","8,683.00","1,396.00",797.00,0.17,0.97,1.00,0.16,0.57,0.09,"9,039.00","8,529.00","8,487.00",913.00,0.00,0.94,1.00,0.11,0.00,0.00,"9,039.00","8,598.00","8,553.00","1,423.00",958.00,0.95,0.99,0.17,0.67,0.11,"1,423.00",865.00,454.00,104.00,,958.00,893.00,65.00,,-,,,,,,,,,,,"1,586.29","1,167.36",,,"155,087.00","1,481.00","153,606.00","95,317.00","58,289.00",0.00,0.00,,"1,481.00",0.00,0.00,"37,854.50","37,854.50","16,028.00",0.00,"3,080.00",500.00,"29,144.50","29,144.50",,0.00,0.00,0.00,0.00,0.00,0.00,0.00,0.00,,,,,,,,,,,,,,,,,,,"7,939.00",404.00,387.00,0.00,0.00,0.00,0.00,0.00,-,-
2025-08-27,2025-08-25,2025-08-01,"107,954.00",0.00,135.79,92.39,13.80,74.40,"47,605.00","45,619.00","20,720.00","7,821.00","7,607.00","7,562.00","1,451.00",795.00,0.16,0.97,0.99,0.19,0.55,0.10,"7,821.00","7,421.00","7,380.00",911.00,1.00,0.95,0.99,0.12,0.00,0.00,"7,821.00","7,470.00","7,426.00","1,291.00",918.00,0.96,0.99,0.17,0.71,0.12,"1,291.00",845.00,359.00,87.00,,918.00,865.00,53.00,,-,,,,,,,,,,,"1,583.87","1,168.42",,,"107,954.00","1,483.00","106,471.00","65,287.00","41,184.00",0.00,0.00,,"1,483.00",0.00,0.00,"26,163.50","26,163.50","10,976.00",0.00,"1,503.00",481.00,"20,592.00","20,592.00",,0.00,0.00,0.00,0.00,0.00,0.00,0.00,0.00,,,,,,,,,,,,,,,,,,,"7,941.00",397.00,382.00,0.00,0.00,0.00,0.00,0.00,-,-
2025-08-28,2025-08-25,2025-08-01,"82,263.00",0.00,90.50,75.00,11.91,57.69,"48,374.00","46,268.00","21,765.00","6,906.00","6,616.00","6,524.00","1,426.00",909.00,0.14,0.96,0.99,0.22,0.64,0.13,"6,906.00","6,471.00","6,387.00",906.00,2.00,0.94,0.99,0.14,0.00,0.00,"6,906.00","6,524.00","6,436.00","1,247.00",783.00,0.94,0.99,0.19,0.63,0.11,"1,247.00",760.00,429.00,58.00,,783.00,747.00,36.00,,-,,,,,,,,,,,"1,485.84","1,096.91",,,"82,263.00","1,505.00","80,758.00","56,292.00","24,466.00",0.00,0.00,,"1,505.00",0.00,0.00,"22,127.50","22,127.50","10,513.00",0.00,"1,042.00",482.00,"12,233.00","12,233.00",,0.00,0.00,0.00,0.00,0.00,0.00,0.00,0.00,,,,,,,,,,,,,,,,,,,"9,927.00",423.00,386.00,0.00,0.00,0.00,0.00,0.00,-,-
2025-08-29,2025-08-25,2025-08-01,"56,078.00",0.00,76.71,81.12,13.38,57.93,"37,148.00","35,208.00","17,562.00","4,190.00","3,862.00","3,789.00",968.00,731.00,0.11,0.92,0.98,0.26,0.76,0.17,"4,190.00","3,790.00","3,725.00",569.00,0.00,0.90,0.98,0.15,0.00,0.00,"4,190.00","3,847.00","3,778.00",810.00,536.00,0.92,0.98,0.21,0.66,0.13,810.00,494.00,276.00,40.00,,536.00,516.00,20.00,,-,,,,,,,,,,,936.19,691.33,,,"56,078.00",857.00,"55,221.00","34,951.00","20,270.00",0.00,0.00,,857.00,0.00,0.00,"14,140.00","14,140.00","5,134.00",0.00,"1,021.00",516.00,"10,135.00","10,135.00",,0.00,0.00,0.00,0.00,0.00,0.00,0.00,0.00,,,,,,,,,,,,,,,,,,,"9,400.00",272.00,228.00,0.00,0.00,0.00,0.00,0.00,-,-
2025-08-30,2025-08-25,2025-08-01,"50,944.00",0.00,70.17,76.71,11.83,63.84,"34,388.00","32,775.00","15,811.00","4,307.00","3,998.00","3,915.00",798.00,726.00,0.13,0.93,0.98,0.20,0.91,0.17,"4,307.00","3,909.00","3,829.00",524.00,0.00,0.91,0.98,0.14,0.00,0.00,"4,307.00","3,968.00","3,877.00",748.00,477.00,0.92,0.98,0.19,0.64,0.11,748.00,447.00,247.00,54.00,,477.00,448.00,29.00,,-,,,,,,,,,,,895.94,664.15,,,"50,944.00",799.00,"50,145.00","31,935.00","18,210.00",0.00,0.00,,799.00,0.00,0.00,"12,661.00","12,661.00","5,152.00",0.00,995.00,466.00,"9,105.00","9,105.00",,0.00,0.00,0.00,0.00,0.00,0.00,0.00,0.00,,,,,,,,,,,,,,,,,,,"8,710.00",255.00,229.00,0.00,0.00,0.00,0.00,0.00,-,-
2025-08-31,2025-08-25,2025-08-01,"53,653.00",0.00,112.72,86.42,12.52,69.95,"34,274.00","32,872.00","15,440.00","4,287.00","3,943.00","3,847.00",767.00,476.00,0.13,0.92,0.98,0.20,0.62,0.11,"4,287.00","3,861.00","3,773.00",480.00,0.00,0.90,0.98,0.13,0.00,0.00,"4,287.00","3,909.00","3,816.00",732.00,473.00,0.91,0.98,0.19,0.65,0.11,732.00,444.00,221.00,67.00,,473.00,436.00,37.00,,-,,,,,,,,,,,836.36,620.81,,,"53,653.00","1,467.00","52,186.00","31,228.00","20,958.00",0.00,0.00,,"1,467.00",0.00,0.00,"12,625.00","12,625.00","4,578.00",0.00,945.00,455.00,"10,479.00","10,479.00",,0.00,0.00,0.00,0.00,0.00,0.00,0.00,0.00,,,,,,,,,,,,,,,,,,,"7,709.00",232.00,208.00,0.00,0.00,0.00,0.00,0.00,-,-
2025-09-01,2025-09-01,2025-09-01,"76,705.00",0.00,118.19,134.62,14.57,106.68,"42,447.00","40,813.00","19,404.00","5,263.00","4,835.00","4,487.00",719.00,649.00,0.12,0.92,0.93,0.16,0.90,0.12,"5,263.00","4,710.00","4,364.00",446.00,1.00,0.89,0.93,0.10,0.00,0.00,"5,263.00","4,826.00","4,473.00",732.00,487.00,0.92,0.93,0.16,0.67,0.09,732.00,475.00,206.00,51.00,,487.00,455.00,32.00,,-,,,,,,,,,,,766.67,569.80,,,"76,705.00","1,537.00","75,168.00","55,983.00","19,185.00",0.00,0.00,,"1,537.00",0.00,0.00,"22,649.00","22,649.00","8,988.00",0.00,"1,158.00",539.00,"9,592.50","9,592.50",,0.00,0.00,0.00,0.00,0.00,0.00,0.00,0.00,,,,,,,,,,,,,,,,,,,"10,448.00",692.00,626.00,0.00,0.00,0.00,0.00,0.00,-,-
2025-09-02,2025-09-01,2025-09-01,"101,226.00",0.00,143.58,175.74,19.08,158.91,"41,987.00","40,270.00","18,537.00","5,304.00","4,794.00","4,263.00",637.00,705.00,0.13,0.90,0.89,0.15,1.11,0.13,"5,304.00","4,695.00","4,171.00",421.00,1.00,0.89,0.89,0.10,0.00,0.00,"5,304.00","4,835.00","4,290.00",749.00,532.00,0.91,0.89,0.17,0.71,0.10,749.00,499.00,152.00,98.00,,532.00,458.00,74.00,,-,,,,,,,,,,,773.44,576.01,,,"101,226.00","1,487.00","99,739.00","65,442.00","34,297.00",0.00,0.00,,"1,487.00",0.00,0.00,"23,554.00","23,554.00","16,711.00",0.00,"1,102.00",521.00,"17,148.50","17,148.50",,0.00,0.00,0.00,0.00,0.00,0.00,0.00,0.00,,,,,,,,,,,,,,,,,,,"10,271.00",449.00,400.00,0.00,0.00,0.00,0.00,0.00,-,-
2025-09-03,2025-09-01,2025-09-01,"106,299.00",0.00,186.16,178.67,21.00,152.29,"39,792.00","38,348.00","17,116.00","5,062.00","4,583.00","4,094.00",698.00,571.00,0.13,0.91,0.89,0.17,0.82,0.11,"5,062.00","4,503.00","4,019.00",437.00,0.00,0.89,0.89,0.11,0.00,0.00,"5,062.00","4,651.00","4,142.00",753.00,503.00,0.92,0.89,0.18,0.67,0.10,753.00,522.00,151.00,80.00,,503.00,450.00,53.00,,-,,,,,,,,,,,798.04,594.95,,,"106,299.00","1,065.00","105,234.00","66,585.00","38,649.00",0.00,0.00,,"1,065.00",0.00,0.00,"23,882.00","23,882.00","17,227.00",0.00,"1,081.00",513.00,"19,324.50","19,324.50",,0.00,0.00,0.00,0.00,0.00,0.00,0.00,0.00,,,,,,,,,,,,,,,,,,,"9,137.00",443.00,401.00,0.00,0.00,0.00,0.00,0.00,-,-
2025-09-04,2025-09-01,2025-09-01,"101,817.00",0.00,154.50,189.00,22.59,160.59,"36,528.00","35,092.00","15,510.00","4,508.00","4,030.00","3,507.00",634.00,659.00,0.12,0.89,0.87,0.18,1.04,0.15,"4,508.00","3,943.00","3,432.00",404.00,1.00,0.87,0.87,0.12,0.00,0.00,"4,508.00","4,066.00","3,522.00",661.00,449.00,0.90,0.87,0.19,0.68,0.10,661.00,393.00,197.00,71.00,,449.00,400.00,49.00,,-,,,,,,,,,,,721.07,538.71,,,"101,817.00",990.00,"100,827.00","60,675.00","40,152.00",0.00,0.00,,990.00,0.00,0.00,"23,025.50","23,025.50","13,081.00",0.00,"1,038.00",505.00,"20,076.00","20,076.00",,0.00,0.00,0.00,0.00,0.00,0.00,0.00,0.00,,,,,,,,,,,,,,,,,,,"8,152.00",261.00,225.00,0.00,0.00,0.00,0.00,0.00,-,-
2025-09-05,2025-09-01,2025-09-01,"110,682.00",0.00,162.05,190.76,23.39,153.30,"36,593.00","35,238.00","15,665.00","4,732.00","4,253.00","3,761.00",722.00,683.00,0.13,0.90,0.88,0.19,0.95,0.14,"4,732.00","4,139.00","3,657.00",444.00,33.00,0.87,0.88,0.12,0.07,0.01,"4,732.00","4,271.00","3,759.00",706.00,477.00,0.90,0.88,0.19,0.68,0.10,706.00,388.00,236.00,82.00,,477.00,427.00,50.00,,-,,,,,,,,,,,778.12,580.23,,,"110,682.00","1,587.00","109,095.00","65,696.00","43,399.00",0.00,0.00,,"1,587.00",0.00,0.00,"27,121.00","27,121.00","9,918.00",0.00,"1,005.00",531.00,"21,699.50","21,699.50",,0.00,0.00,0.00,0.00,0.00,0.00,0.00,0.00,,,,,,,,,,,,,,,,,,,"7,989.00",415.00,381.00,0.00,0.00,0.00,0.00,0.00,-,-
2025-09-06,2025-09-01,2025-09-01,"110,249.00",0.00,219.62,202.83,22.23,182.53,"35,728.00","34,532.00","14,819.00","4,960.00","4,391.00","3,753.00",604.00,502.00,0.14,0.89,0.85,0.16,0.83,0.10,"4,960.00","4,310.00","3,677.00",415.00,71.00,0.87,0.85,0.11,0.17,0.01,"4,960.00","4,484.00","3,812.00",687.00,471.00,0.90,0.85,0.18,0.69,0.09,687.00,358.00,235.00,94.00,,471.00,412.00,59.00,,-,,,,,,,,,,,728.34,543.56,,,"110,249.00","1,473.00","108,776.00","68,134.00","40,642.00",0.00,0.00,,"1,473.00",0.00,0.00,"27,928.50","27,928.50","10,614.00",0.00,"1,138.00",525.00,"20,321.00","20,321.00",,0.00,0.00,0.00,0.00,0.00,0.00,0.00,0.00,,,,,,,,,,,,,,,,,,,"6,539.00",284.00,274.00,0.00,0.00,0.00,0.00,0.00,-,-
2025-09-07,2025-09-01,2025-09-01,"122,787.00",0.00,255.81,197.95,20.94,181.91,"37,809.00","36,581.00","15,319.00","5,864.00","5,238.00","4,448.00",675.00,480.00,0.16,0.89,0.85,0.15,0.71,0.08,"5,864.00","5,132.00","4,353.00",471.00,64.00,0.88,0.85,0.11,0.14,0.01,"5,864.00","5,318.00","4,502.00",765.00,533.00,0.91,0.85,0.17,0.70,0.09,765.00,398.00,272.00,95.00,,533.00,471.00,62.00,,-,,,,,,,,,,,829.10,620.31,,,"122,787.00","1,508.00","121,279.00","74,116.00","47,163.00",0.00,0.00,,"1,508.00",0.00,0.00,"30,287.00","30,287.00","11,945.00",0.00,"1,056.00",541.00,"23,581.50","23,581.50",,0.00,0.00,0.00,0.00,0.00,0.00,0.00,0.00,,,,,,,,,,,,,,,,,,,"6,165.00",256.00,239.00,0.00,0.00,0.00,0.00,0.00,-,-
2025-09-08,2025-09-08,2025-09-01,"121,783.00",0.00,207.47,202.67,22.75,175.99,"37,052.00","35,821.00","15,682.00","5,352.00","4,745.00","4,103.00",692.00,587.00,0.14,0.89,0.86,0.17,0.85,0.11,"5,352.00","4,641.00","4,006.00",462.00,103.00,0.87,0.86,0.12,0.22,0.02,"5,352.00","4,814.00","4,138.00",744.00,537.00,0.90,0.86,0.18,0.72,0.10,744.00,585.00,118.00,41.00,,537.00,508.00,29.00,,-,,,,,,,,,,,800.23,600.91,,,"121,783.00","1,512.00","120,271.00","76,961.00","43,310.00",0.00,0.00,,"1,512.00",0.00,0.00,"32,788.50","32,788.50","9,792.00",0.00,"1,071.00",521.00,"21,655.00","21,655.00",,0.00,0.00,0.00,0.00,0.00,0.00,0.00,0.00,,,,,,,,,,,,,,,,,,,"7,303.00",233.00,216.00,0.00,0.00,0.00,0.00,0.00,-,-
2025-09-09,2025-09-08,2025-09-01,"116,716.00",0.00,216.94,221.47,21.90,190.40,"37,019.00","35,883.00","15,136.00","5,329.00","4,843.00","4,325.00",613.00,538.00,0.14,0.91,0.89,0.14,0.88,0.10,"5,329.00","4,691.00","4,199.00",402.00,87.00,0.88,0.90,0.10,0.22,0.02,"5,329.00","4,831.00","4,308.00",686.00,489.00,0.91,0.89,0.16,0.71,0.09,686.00,375.00,252.00,59.00,,489.00,450.00,39.00,,-,,,,,,,,,,,698.79,527.01,,,"116,716.00","1,493.00","115,223.00","73,533.00","41,690.00",0.00,0.00,,"1,493.00",0.00,0.00,"31,546.50","31,546.50","8,902.00",0.00,"1,034.00",504.00,"20,845.00","20,845.00",,0.00,0.00,0.00,0.00,0.00,0.00,0.00,0.00,,,,,,,,,,,,,,,,,,,"6,737.00",294.00,270.00,0.00,0.00,0.00,0.00,0.00,-,-
2025-09-10,2025-09-08,2025-09-01,"107,425.00",0.00,210.23,212.32,22.91,177.56,"31,764.00","30,711.00","13,864.00","4,689.00","4,345.00","3,985.00",605.00,511.00,0.15,0.93,0.92,0.15,0.84,0.11,"4,689.00","4,192.00","3,883.00",387.00,100.00,0.89,0.93,0.10,0.26,0.02,"4,689.00","4,281.00","3,957.00",659.00,427.00,0.91,0.92,0.17,0.65,0.09,659.00,380.00,219.00,60.00,,427.00,392.00,35.00,,-,,,,,,,,,,,670.81,505.96,,,"107,425.00","1,444.00","105,981.00","67,110.00","38,871.00",0.00,0.00,,"1,444.00",0.00,0.00,"27,396.00","27,396.00","10,774.00",0.00,"1,053.00",491.00,"19,435.50","19,435.50",,0.00,0.00,0.00,0.00,0.00,0.00,0.00,0.00,,,,,,,,,,,,,,,,,,,"6,123.00",242.00,231.00,0.00,0.00,0.00,0.00,0.00,-,-
2025-09-11,2025-09-08,2025-09-01,"100,483.00",0.00,216.09,180.76,24.55,156.03,"28,512.00","27,570.00","12,332.00","4,093.00","3,782.00","3,426.00",644.00,465.00,0.14,0.92,0.91,0.19,0.72,0.11,"4,093.00","3,629.00","3,321.00",419.00,122.00,0.89,0.92,0.13,0.29,0.03,"4,093.00","3,726.00","3,396.00",635.00,440.00,0.91,0.91,0.19,0.69,0.11,635.00,392.00,190.00,53.00,,440.00,399.00,41.00,,-,,,,,,,,,,,736.71,555.90,,,"100,483.00","1,508.00","98,975.00","58,865.00","40,110.00",0.00,0.00,,"1,508.00",0.00,0.00,"23,678.50","23,678.50","9,971.00",0.00,"1,029.00",508.00,"20,055.00","20,055.00",,0.00,0.00,0.00,0.00,0.00,0.00,0.00,0.00,,,,,,,,,,,,,,,,,,,"5,498.00",171.00,161.00,0.00,0.00,0.00,0.00,0.00,-,-
2025-09-12,2025-09-08,2025-09-01,"92,801.00",0.00,257.07,191.49,25.59,158.91,"26,639.00","25,746.00","11,283.00","3,626.00","3,297.00","2,950.00",584.00,361.00,0.14,0.91,0.89,0.20,0.62,0.10,"3,626.00","3,174.00","2,866.00",362.00,74.00,0.88,0.90,0.13,0.20,0.02,"3,626.00","3,266.00","2,933.00",534.00,358.00,0.90,0.90,0.18,0.67,0.10,534.00,306.00,180.00,48.00,,358.00,323.00,35.00,,-,,,,,,,,,,,642.38,484.64,,,"92,801.00","1,432.00","91,369.00","53,259.00","38,110.00",0.00,0.00,,"1,432.00",0.00,0.00,"20,104.50","20,104.50","11,574.00",0.00,"1,001.00",475.00,"19,055.00","19,055.00",,0.00,0.00,0.00,0.00,0.00,0.00,0.00,0.00,,,,,,,,,,,,,,,,,,,"4,983.00",181.00,157.00,0.00,0.00,0.00,0.00,0.00,-,-
2025-09-13,2025-09-08,2025-09-01,"87,135.00",0.00,219.48,205.25,25.18,183.44,"25,633.00","24,783.00","10,629.00","3,460.00","3,140.00","2,785.00",475.00,397.00,0.13,0.91,0.89,0.17,0.84,0.11,"3,460.00","3,010.00","2,695.00",308.00,94.00,0.87,0.90,0.11,0.31,0.03,"3,460.00","3,112.00","2,773.00",486.00,347.00,0.90,0.89,0.18,0.71,0.10,486.00,306.00,138.00,42.00,,347.00,318.00,29.00,,-,,,,,,,,,,,560.61,424.52,,,"87,135.00","1,477.00","85,658.00","46,222.00","39,436.00",0.00,0.00,,"1,477.00",0.00,0.00,"16,686.00","16,686.00","11,333.00",0.00,999.00,518.00,"19,718.00","19,718.00",,0.00,0.00,0.00,0.00,0.00,0.00,0.00,0.00,,,,,,,,,,,,,,,,,,,"4,745.00",170.00,159.00,0.00,0.00,0.00,0.00,0.00,-,-
2025-09-14,2025-09-08,2025-09-01,"94,209.00",0.00,242.81,201.38,23.75,185.45,"26,912.00","26,102.00","11,144.00","3,966.00","3,630.00","3,191.00",508.00,388.00,0.15,0.92,0.88,0.16,0.76,0.10,"3,966.00","3,488.00","3,089.00",334.00,82.00,0.88,0.89,0.11,0.25,0.02,"3,966.00","3,576.00","3,149.00",540.00,416.00,0.90,0.88,0.17,0.77,0.10,540.00,302.00,176.00,62.00,,416.00,379.00,37.00,,-,,,,,,,,,,,616.49,467.81,,,"94,209.00","1,592.00","92,617.00","50,365.00","42,252.00",0.00,0.00,,"1,592.00",0.00,0.00,"19,159.00","19,159.00","10,427.00",0.00,999.00,621.00,"21,126.00","21,126.00",,0.00,0.00,0.00,0.00,0.00,0.00,0.00,0.00,,,,,,,,,,,,,,,,,,,"4,467.00",147.00,143.00,0.00,0.00,0.00,0.00,0.00,-,-
2025-09-15,2025-09-15,2025-09-01,"91,908.00",0.00,230.92,156.24,22.24,145.19,"27,935.00","27,054.00","12,144.00","4,132.00","3,741.00","3,323.00",633.00,398.00,0.15,0.91,0.89,0.19,0.63,0.10,"4,132.00","3,590.00","3,225.00",425.00,78.00,0.87,0.90,0.13,0.18,0.02,"4,132.00","3,703.00","3,307.00",642.00,450.00,0.90,0.89,0.19,0.70,0.11,642.00,408.00,179.00,55.00,,450.00,416.00,34.00,,-,,,,,,,,,,,773.57,588.23,,,"91,908.00","1,445.00","90,463.00","50,108.00","40,355.00",0.00,0.00,,"1,445.00",0.00,0.00,"19,694.50","19,694.50","9,230.00",0.00,988.00,501.00,"20,177.50","20,177.50",,0.00,0.00,0.00,0.00,0.00,0.00,0.00,0.00,,,,,,,,,,,,,,,,,,,"5,470.00",166.00,155.00,0.00,0.00,0.00,0.00,0.00,-,-
2025-09-16,2025-09-15,2025-09-01,"94,503.00",0.00,194.85,184.23,23.59,174.68,"27,679.00","26,841.00","11,805.00","4,006.00","3,617.00","3,190.00",541.00,485.00,0.14,0.90,0.88,0.17,0.90,0.12,"4,006.00","3,491.00","3,109.00",368.00,97.00,0.87,0.89,0.12,0.26,0.02,"4,006.00","3,598.00","3,186.00",607.00,422.00,0.90,0.89,0.19,0.70,0.11,607.00,368.00,181.00,58.00,,422.00,379.00,43.00,,-,,,,,,,,,,,673.75,512.96,,,"94,503.00","1,084.00","93,419.00","46,730.00","46,689.00",0.00,0.00,,"1,084.00",0.00,0.00,"18,165.50","18,165.50","8,897.00",0.00,"1,002.00",500.00,"23,344.50","23,344.50",,0.00,0.00,0.00,0.00,0.00,0.00,0.00,0.00,,,,,,,,,,,,,,,,,,,"5,219.00",175.00,164.00,0.00,0.00,0.00,0.00,0.00,-,-
2025-09-17,2025-09-15,2025-09-01,"89,545.00",0.00,224.99,199.96,25.55,172.53,"26,027.00","25,195.00","10,946.00","3,505.00","3,183.00","2,765.00",519.00,398.00,0.13,0.91,0.87,0.19,0.77,0.11,"3,505.00","3,052.00","2,675.00",315.00,75.00,0.87,0.88,0.12,0.24,0.02,"3,505.00","3,158.00","2,753.00",499.00,346.00,0.90,0.87,0.18,0.69,0.10,499.00,281.00,158.00,60.00,,346.00,310.00,36.00,,-,,,,,,,,,,,589.77,447.82,,,"89,545.00",751.00,"88,794.00","41,921.00","46,873.00",0.00,0.00,,751.00,0.00,0.00,"15,256.50","15,256.50","9,910.00",0.00,998.00,500.00,"23,436.50","23,436.50",,0.00,0.00,0.00,0.00,0.00,0.00,0.00,0.00,,,,,,,,,,,,,,,,,,,"5,106.00",148.00,138.00,0.00,0.00,0.00,0.00,0.00,-,-
2025-09-18,2025-09-15,2025-09-01,"94,148.00",0.00,216.43,190.19,26.36,168.42,"29,851.00","28,829.00","14,181.00","3,572.00","3,233.00","2,807.00",559.00,435.00,0.12,0.91,0.87,0.20,0.78,0.12,"3,572.00","3,090.00","2,706.00",352.00,121.00,0.87,0.88,0.13,0.34,0.03,"3,572.00","3,193.00","2,776.00",529.00,387.00,0.89,0.87,0.19,0.73,0.11,529.00,317.00,156.00,56.00,,387.00,349.00,38.00,,-,,,,,,,,,,,652.29,495.01,,,"94,148.00",721.00,"93,427.00","46,992.00","46,435.00",0.00,0.00,,721.00,0.00,0.00,"16,602.50","16,602.50","11,228.00",0.00,"2,109.00",450.00,"23,217.50","23,217.50",,0.00,0.00,0.00,0.00,0.00,0.00,0.00,0.00,,,,,,,,,,,,,,,,,,,"8,707.00",167.00,151.00,0.00,0.00,0.00,0.00,0.00,-,-
2025-09-19,2025-09-15,2025-09-01,"97,073.00",0.00,237.92,199.48,25.63,175.54,"26,744.00","25,883.00","11,242.00","3,788.00","3,361.00","2,831.00",553.00,408.00,0.14,0.89,0.84,0.20,0.74,0.11,"3,788.00","3,215.00","2,735.00",341.00,98.00,0.85,0.85,0.12,0.29,0.03,"3,788.00","3,347.00","2,827.00",530.00,376.00,0.88,0.84,0.19,0.71,0.10,530.00,308.00,165.00,57.00,,376.00,341.00,35.00,,-,,,,,,,,,,,641.35,486.62,,,"97,073.00",735.00,"96,338.00","47,348.00","48,990.00",0.00,0.00,,735.00,0.00,0.00,"17,085.50","17,085.50","10,711.00",0.00,"1,992.00",474.00,"24,495.00","24,495.00",,0.00,0.00,0.00,0.00,0.00,0.00,0.00,0.00,,,,,,,,,,,,,,,,,,,"5,333.00",181.00,166.00,0.00,0.00,0.00,0.00,0.00,-,-
2025-09-20,2025-09-15,2025-09-01,"98,802.00",0.00,311.68,211.63,24.33,198.80,"26,253.00","25,443.00","10,814.00","4,061.00","3,629.00","3,025.00",497.00,317.00,0.15,0.89,0.83,0.16,0.64,0.08,"4,061.00","3,485.00","2,929.00",325.00,91.00,0.86,0.84,0.11,0.28,0.02,"4,061.00","3,618.00","3,024.00",543.00,379.00,0.89,0.84,0.18,0.70,0.09,543.00,323.00,162.00,58.00,,379.00,335.00,44.00,,-,,,,,,,,,,,616.38,466.85,,,"98,802.00",773.00,"98,029.00","49,409.00","48,620.00",0.00,0.00,,773.00,0.00,0.00,"17,763.50","17,763.50","11,248.00",0.00,"2,095.00",539.00,"24,310.00","24,310.00",,0.00,0.00,0.00,0.00,0.00,0.00,0.00,0.00,,,,,,,,,,,,,,,,,,,"4,427.00",172.00,155.00,0.00,0.00,0.00,0.00,0.00,-,-
2025-09-21,2025-09-15,2025-09-01,"106,286.00",0.00,258.60,194.47,23.65,196.10,"27,849.00","26,979.00","11,429.00","4,494.00","4,076.00","3,392.00",542.00,411.00,0.16,0.91,0.83,0.16,0.76,0.09,"4,494.00","3,930.00","3,297.00",381.00,112.00,0.87,0.84,0.12,0.29,0.02,"4,494.00","4,043.00","3,373.00",600.00,430.00,0.90,0.83,0.18,0.72,0.10,600.00,332.00,189.00,79.00,,430.00,384.00,46.00,,-,,,,,,,,,,,721.54,546.55,,,"106,286.00",758.00,"105,528.00","52,992.00","52,536.00",0.00,0.00,,758.00,0.00,0.00,"19,790.00","19,790.00","10,789.00",0.00,"2,123.00",500.00,"26,268.00","26,268.00",,0.00,0.00,0.00,0.00,0.00,0.00,0.00,0.00,,,,,,,,,,,,,,,,,,,"4,535.00",175.00,159.00,0.00,0.00,0.00,0.00,0.00,-,-
2025-09-22,2025-09-22,2025-09-01,"107,006.00",0.00,264.87,173.63,25.47,170.39,"27,998.00","27,135.00","11,889.00","4,201.00","3,817.00","3,248.00",628.00,404.00,0.15,0.91,0.85,0.19,0.64,0.10,"4,201.00","3,667.00","3,148.00",443.00,134.00,0.87,0.86,0.14,0.30,0.03,"4,201.00","3,783.00","3,232.00",701.00,486.00,0.90,0.85,0.22,0.69,0.12,701.00,410.00,216.00,75.00,,486.00,439.00,47.00,,-,,,,,,,,,,,812.53,616.27,,,"107,006.00",771.00,"106,235.00","55,942.00","50,293.00",0.00,0.00,,771.00,0.00,0.00,"22,022.00","22,022.00","9,512.00",0.00,"1,903.00",483.00,"25,146.50","25,146.50",,0.00,0.00,0.00,0.00,0.00,0.00,0.00,0.00,,,,,,,,,,,,,,,,,,,"5,157.00",207.00,194.00,0.00,0.00,0.00,0.00,0.00,-,-
2025-09-23,2025-09-22,2025-09-01,"109,284.00",0.00,251.81,185.23,26.42,174.58,"27,127.00","26,272.00","11,517.00","4,137.00","3,869.00","3,323.00",626.00,434.00,0.15,0.94,0.86,0.19,0.69,0.10,"4,137.00","3,707.00","3,222.00",423.00,109.00,0.90,0.87,0.13,0.26,0.03,"4,137.00","3,828.00","3,307.00",652.00,450.00,0.93,0.86,0.20,0.69,0.11,652.00,378.00,196.00,78.00,,450.00,398.00,52.00,,-,,,,,,,,,,,780.56,589.99,,,"109,284.00",383.00,"108,901.00","62,198.00","46,703.00",0.00,0.00,,383.00,0.00,0.00,"25,327.00","25,327.00","9,383.00",0.00,"2,161.00",0.00,"23,351.50","23,351.50",,0.00,0.00,0.00,0.00,0.00,0.00,0.00,0.00,,,,,,,,,,,,,,,,,,,"5,007.00",182.00,167.00,0.00,0.00,0.00,0.00,0.00,-,-
2025-09-24,2025-09-22,2025-09-01,"114,341.00",0.00,261.05,192.94,28.45,177.27,"26,854.00","25,955.00","11,446.00","4,019.00","3,781.00","3,429.00",645.00,438.00,0.15,0.94,0.91,0.19,0.68,0.11,"4,019.00","3,628.00","3,330.00",437.00,105.00,0.90,0.92,0.13,0.24,0.03,"4,019.00","3,723.00","3,406.00",680.00,480.00,0.93,0.91,0.20,0.71,0.12,680.00,362.00,265.00,53.00,,480.00,447.00,33.00,,-,,,,,,,,,,,785.86,592.61,,,"114,341.00",767.00,"113,574.00","74,328.00","39,246.00",0.00,0.00,,767.00,0.00,0.00,"31,522.00","31,522.00","9,290.00",0.00,"1,994.00",0.00,"19,623.00","19,623.00",,0.00,0.00,0.00,0.00,0.00,0.00,0.00,0.00,,,,,,,,,,,,,,,,,,,"4,967.00",192.00,177.00,0.00,0.00,0.00,0.00,0.00,-,-
2025-09-25,2025-09-22,2025-09-01,"90,512.00",0.00,190.15,152.06,22.92,133.11,"26,077.00","25,198.00","11,353.00","3,949.00","3,740.00","3,317.00",680.00,476.00,0.15,0.95,0.89,0.21,0.70,0.12,"3,949.00","3,577.00","3,197.00",432.00,119.00,0.91,0.89,0.14,0.28,0.03,"3,949.00","3,676.00","3,270.00",674.00,447.00,0.93,0.89,0.21,0.66,0.11,674.00,404.00,215.00,55.00,,447.00,414.00,33.00,,-,,,,,,,,,,,794.00,595.24,,,"90,512.00","1,145.00","89,367.00","52,168.00","37,199.00",0.00,0.00,,"1,145.00",0.00,0.00,"21,087.00","21,087.00","7,979.00",0.00,"2,015.00",0.00,"18,599.50","18,599.50",,0.00,0.00,0.00,0.00,0.00,0.00,0.00,0.00,,,,,,,,,,,,,,,,,,,"5,114.00",189.00,183.00,0.00,0.00,0.00,0.00,0.00,-,-
2025-09-26,2025-09-22,2025-09-01,"81,456.00",0.00,183.87,150.37,25.09,116.87,"24,020.00","23,169.00","10,202.00","3,246.00","3,012.00","2,603.00",697.00,443.00,0.14,0.93,0.86,0.27,0.64,0.14,"3,246.00","2,879.00","2,514.00",405.00,85.00,0.89,0.87,0.16,0.21,0.03,"3,246.00","2,959.00","2,571.00",572.00,400.00,0.91,0.87,0.22,0.70,0.12,572.00,334.00,196.00,42.00,,400.00,373.00,27.00,,-,,,,,,,,,,,728.52,541.69,,,"81,456.00","1,337.00","80,119.00","46,117.00","34,002.00",0.00,0.00,,"1,337.00",0.00,0.00,"17,862.00","17,862.00","8,395.00",0.00,"1,998.00",0.00,"17,001.00","17,001.00",,0.00,0.00,0.00,0.00,0.00,0.00,0.00,0.00,,,,,,,,,,,,,,,,,,,"4,777.00",190.00,168.00,0.00,0.00,0.00,0.00,0.00,-,-
2025-09-27,2025-09-22,2025-09-01,"91,761.00",0.00,241.48,151.25,23.64,142.93,"25,059.00","24,224.00","10,516.00","3,882.00","3,571.00","2,972.00",642.00,380.00,0.15,0.92,0.83,0.22,0.59,0.10,"3,882.00","3,442.00","2,902.00",452.00,92.00,0.89,0.84,0.16,0.20,0.02,"3,882.00","3,564.00","2,991.00",635.00,464.00,0.92,0.84,0.21,0.73,0.12,635.00,348.00,239.00,48.00,,464.00,432.00,32.00,,-,,,,,,,,,,,817.62,606.70,,,"91,761.00",243.00,"91,518.00","58,612.00","32,906.00",0.00,0.00,,243.00,0.00,0.00,"24,181.50","24,181.50","8,276.00",0.00,"1,973.00",0.00,"16,453.00","16,453.00",,0.00,0.00,0.00,0.00,0.00,0.00,0.00,0.00,,,,,,,,,,,,,,,,,,,"4,552.00",168.00,159.00,0.00,0.00,0.00,0.00,0.00,-,-
2025-09-28,2025-09-22,2025-09-01,"106,200.00",0.00,230.87,156.81,22.62,150.00,"26,981.00","26,146.00","11,673.00","4,694.00","4,402.00","3,715.00",708.00,460.00,0.17,0.94,0.84,0.19,0.65,0.10,"4,694.00","4,212.00","3,600.00",503.00,107.00,0.90,0.85,0.14,0.21,0.02,"4,694.00","4,331.00","3,677.00",755.00,539.00,0.92,0.85,0.21,0.71,0.11,755.00,432.00,262.00,61.00,,539.00,495.00,44.00,,-,,,,,,,,,,,915.73,677.27,,,"106,200.00",276.00,"105,924.00","67,447.00","38,477.00",0.00,0.00,,276.00,0.00,0.00,"28,818.50","28,818.50","7,870.00",0.00,"1,940.00",0.00,"19,238.50","19,238.50",,0.00,0.00,0.00,0.00,0.00,0.00,0.00,0.00,,,,,,,,,,,,,,,,,,,"4,658.00",197.00,184.00,0.00,0.00,0.00,0.00,0.00,-,-
2025-09-29,2025-09-29,2025-09-01,"127,248.00",0.00,206.24,158.17,25.73,141.39,"28,738.00","27,794.00","12,748.00","4,946.00","4,586.00","3,879.00",900.00,617.00,0.17,0.93,0.85,0.23,0.69,0.12,"4,946.00","4,424.00","3,776.00",646.00,164.00,0.89,0.85,0.17,0.25,0.03,"4,946.00","4,554.00","3,860.00",927.00,647.00,0.92,0.85,0.24,0.70,0.13,927.00,534.00,351.00,42.00,,647.00,622.00,25.00,,-,,,,,,,,,,,"1,097.46",804.49,,,"127,248.00",277.00,"126,971.00","89,483.00","37,488.00",0.00,0.00,,277.00,0.00,0.00,"39,696.50","39,696.50","8,202.00",0.00,"1,888.00",0.00,"18,744.00","18,744.00",,0.00,0.00,0.00,0.00,0.00,0.00,0.00,0.00,,,,,,,,,,,,,,,,,,,"5,461.00",233.00,218.00,0.00,0.00,0.00,0.00,0.00,-,-
2025-09-30,2025-09-29,2025-09-01,"102,376.00",0.00,154.88,135.24,23.13,109.26,"28,738.00","27,677.00","12,549.00","4,426.00","4,106.00","3,563.00",937.00,661.00,0.15,0.93,0.87,0.26,0.71,0.15,"4,426.00","3,960.00","3,466.00",577.00,182.00,0.89,0.88,0.17,0.32,0.04,"4,426.00","4,080.00","3,559.00",814.00,600.00,0.92,0.87,0.23,0.74,0.14,814.00,484.00,268.00,62.00,,600.00,561.00,39.00,,-,,,,,,,,,,,"1,039.45",757.00,,,"102,376.00","1,138.00","101,238.00","62,814.00","38,424.00",0.00,0.00,,"1,138.00",0.00,0.00,"26,852.50","26,852.50","7,304.00",0.00,"1,805.00",0.00,"19,212.00","19,212.00",,0.00,0.00,0.00,0.00,0.00,0.00,0.00,0.00,,,,,,,,,,,,,,,,,,,"5,698.00",167.00,154.00,0.00,0.00,0.00,0.00,0.00,-,-
2025-10-01,2025-09-29,2025-10-01,"100,904.00",0.00,204.26,155.21,22.81,120.84,"29,964.00","28,847.00","13,991.00","4,423.00","4,222.00","3,748.00",835.00,494.00,0.15,0.95,0.89,0.22,0.59,0.11,"4,423.00","4,008.00","3,590.00",540.00,95.00,0.91,0.90,0.15,0.18,0.02,"4,423.00","4,110.00","3,672.00",806.00,538.00,0.93,0.89,0.22,0.67,0.12,806.00,490.00,275.00,41.00,,538.00,510.00,28.00,,-,,,,,,,,,,,899.37,650.12,,,"100,904.00","1,309.00","99,595.00","71,952.00","27,643.00",0.00,0.00,,"1,309.00",0.00,0.00,"31,100.00","31,100.00","7,751.00",0.00,"2,001.00",0.00,"13,821.50","13,821.50",,0.00,0.00,0.00,0.00,0.00,0.00,0.00,0.00,,,,,,,,,,,,,,,,,,,"7,409.00",631.00,611.00,0.00,0.00,0.00,0.00,0.00,-,-
2025-10-02,2025-09-29,2025-10-01,"93,171.00",0.00,154.26,119.28,25.60,90.02,"24,594.00","23,658.00","11,271.00","3,640.00","3,447.00","3,110.00","1,035.00",604.00,0.15,0.95,0.90,0.33,0.58,0.17,"3,640.00","3,305.00","3,003.00",706.00,96.00,0.91,0.91,0.24,0.14,0.03,"3,640.00","3,381.00","3,053.00",895.00,632.00,0.93,0.90,0.29,0.71,0.17,895.00,576.00,306.00,13.00,,632.00,622.00,10.00,,-,,,,,,,,,,,"1,091.94",781.12,,,"93,171.00","1,763.00","91,408.00","75,129.00","16,279.00",0.00,0.00,,"1,763.00",0.00,0.00,"32,577.50","32,577.50","7,947.00",0.00,"2,027.00",0.00,"8,139.50","8,139.50",,0.00,0.00,0.00,0.00,0.00,0.00,0.00,0.00,,,,,,,,,,,,,,,,,,,"5,812.00",265.00,252.00,0.00,0.00,0.00,0.00,0.00,-,-
2025-10-03,2025-09-29,2025-10-01,"108,172.00",0.00,174.19,107.16,22.75,89.10,"29,212.00","28,117.00","13,287.00","4,755.00","4,453.00","3,967.00","1,214.00",621.00,0.16,0.94,0.89,0.31,0.51,0.13,"4,755.00","4,299.00","3,851.00",840.00,82.00,0.90,0.90,0.22,0.10,0.02,"4,755.00","4,412.00","3,927.00","1,067.00",796.00,0.93,0.89,0.27,0.75,0.17,"1,067.00",697.00,307.00,63.00,,796.00,752.00,44.00,,-,,,,,,,,,,,"1,425.95","1,009.48",,,"108,172.00","2,949.00","105,223.00","76,335.00","28,888.00",0.00,0.00,,"2,949.00",0.00,0.00,"33,324.00","33,324.00","7,657.00",0.00,"2,030.00",0.00,"14,444.00","14,444.00",,0.00,0.00,0.00,0.00,0.00,0.00,0.00,0.00,,,,,,,,,,,,,,,,,,,"6,243.00",359.00,335.00,0.00,0.00,0.00,0.00,0.00,-,-
2025-10-04,2025-09-29,2025-10-01,"94,424.00",0.00,134.70,111.94,23.11,93.40,"26,391.00","25,345.00","11,824.00","4,086.00","3,883.00","3,408.00","1,011.00",701.00,0.15,0.95,0.88,0.30,0.69,0.17,"4,086.00","3,719.00","3,310.00",722.00,65.00,0.91,0.89,0.22,0.09,0.02,"4,086.00","3,822.00","3,376.00",934.00,679.00,0.94,0.88,0.28,0.73,0.17,934.00,590.00,297.00,47.00,,679.00,648.00,31.00,,-,,,,,,,,,,,"1,206.98",843.54,,,"94,424.00",247.00,"94,177.00","69,366.00","24,811.00",0.00,0.00,,247.00,0.00,0.00,"31,543.00","31,543.00","4,173.00",0.00,"2,107.00",0.00,"12,405.50","12,405.50",,0.00,0.00,0.00,0.00,0.00,0.00,0.00,0.00,,,,,,,,,,,,,,,,,,,"5,722.00",223.00,203.00,0.00,0.00,0.00,0.00,0.00,-,-
2025-10-05,2025-09-29,2025-10-01,"105,064.00",0.00,148.61,118.35,23.58,96.57,"27,350.00","26,273.00","12,403.00","4,455.00","4,204.00","3,706.00","1,088.00",707.00,0.16,0.94,0.88,0.29,0.65,0.16,"4,455.00","4,044.00","3,602.00",765.00,51.00,0.91,0.89,0.21,0.07,0.01,"4,455.00","4,156.00","3,680.00","1,036.00",703.00,0.93,0.89,0.28,0.68,0.16,"1,036.00",678.00,302.00,56.00,,703.00,666.00,37.00,,-,,,,,,,,,,,"1,284.68",887.75,,,"105,064.00",259.00,"104,805.00","77,214.00","27,591.00",0.00,0.00,,259.00,0.00,0.00,"34,172.00","34,172.00","6,807.00",0.00,"2,063.00",0.00,"13,795.50","13,795.50",,0.00,0.00,0.00,0.00,0.00,0.00,0.00,0.00,,,,,,,,,,,,,,,,,,,"5,454.00",197.00,186.00,0.00,0.00,0.00,0.00,0.00,-,-
2025-10-06,2025-10-06,2025-10-01,"99,989.00",0.00,136.22,160.08,25.64,111.97,"28,054.00","26,872.00","12,840.00","3,900.00","3,629.00","3,230.00",893.00,734.00,0.14,0.93,0.89,0.28,0.82,0.19,"3,900.00","3,489.00","3,134.00",548.00,33.00,0.89,0.90,0.17,0.06,0.01,"3,900.00","3,585.00","3,202.00",767.00,521.00,0.92,0.89,0.24,0.68,0.13,767.00,472.00,249.00,46.00,,521.00,491.00,30.00,,-,,,,,,,,,,,916.82,624.62,,,"99,989.00","2,979.00","97,010.00","70,631.00","26,379.00",0.00,0.00,,"2,979.00",0.00,0.00,"31,885.50","31,885.50","4,899.00",0.00,"1,961.00",0.00,"13,189.50","13,189.50",,0.00,0.00,0.00,0.00,0.00,0.00,0.00,0.00,,,,,,,,,,,,,,,,,,,"6,537.00",201.00,181.00,0.00,0.00,0.00,0.00,0.00,-,-
2025-10-07,2025-10-06,2025-10-01,"111,970.00",0.00,158.37,240.37,31.29,168.63,"27,321.00","26,204.00","12,308.00","3,579.00","3,319.00","2,936.00",664.00,707.00,0.13,0.93,0.88,0.23,1.06,0.20,"3,579.00","3,179.00","2,838.00",425.00,79.00,0.89,0.89,0.15,0.19,0.02,"3,579.00","3,274.00","2,904.00",602.00,411.00,0.91,0.89,0.21,0.68,0.11,602.00,338.00,228.00,36.00,,411.00,390.00,21.00,,-,,,,,,,,,,,695.81,465.82,,,"111,970.00","2,990.00","108,980.00","81,578.00","27,402.00",0.00,0.00,,"2,990.00",0.00,0.00,"36,349.50","36,349.50","5,885.00",0.00,"2,994.00",0.00,"13,701.00","13,701.00",,0.00,0.00,0.00,0.00,0.00,0.00,0.00,0.00,,,,,,,,,,,,,,,,,,,"6,309.00",213.00,191.00,0.00,0.00,0.00,0.00,0.00,-,-
2025-10-08,2025-10-06,2025-10-01,"104,427.00",0.00,175.80,213.93,26.00,157.03,"28,255.00","27,230.00","12,509.00","4,017.00","3,731.00","3,274.00",665.00,594.00,0.14,0.93,0.88,0.20,0.89,0.15,"4,017.00","3,580.00","3,173.00",460.00,95.00,0.89,0.89,0.14,0.21,0.02,"4,017.00","3,679.00","3,243.00",657.00,441.00,0.92,0.88,0.20,0.67,0.11,657.00,397.00,227.00,33.00,,441.00,418.00,23.00,,-,,,,,,,,,,,738.18,488.13,,,"104,427.00","2,957.00","101,470.00","71,558.00","29,912.00",0.00,0.00,,"2,957.00",0.00,0.00,"31,320.50","31,320.50","5,774.00",0.00,"3,143.00",0.00,"14,956.00","14,956.00",,0.00,0.00,0.00,0.00,0.00,0.00,0.00,0.00,,,,,,,,,,,,,,,,,,,"5,724.00",204.00,186.00,0.00,0.00,0.00,0.00,0.00,-,-
2025-10-09,2025-10-06,2025-10-01,"104,660.00",0.00,208.49,224.60,26.66,159.54,"26,692.00","25,731.00","11,866.00","3,925.00","3,594.00","3,155.00",656.00,502.00,0.15,0.92,0.88,0.21,0.77,0.13,"3,925.00","3,473.00","3,067.00",457.00,105.00,0.88,0.88,0.15,0.23,0.03,"3,925.00","3,573.00","3,144.00",694.00,478.00,0.91,0.88,0.22,0.69,0.12,694.00,427.00,246.00,21.00,,478.00,464.00,14.00,,-,,,,,,,,,,,716.74,465.99,,,"104,660.00","2,943.00","101,717.00","72,849.00","28,868.00",0.00,0.00,,"2,943.00",0.00,0.00,"32,007.00","32,007.00","5,706.00",0.00,"3,129.00",0.00,"14,434.00","14,434.00",,0.00,0.00,0.00,0.00,0.00,0.00,0.00,0.00,,,,,,,,,,,,,,,,,,,"5,340.00",197.00,187.00,0.00,0.00,0.00,0.00,0.00,-,-
2025-10-10,2025-10-06,2025-10-01,"90,763.00",0.00,188.30,217.34,27.43,143.39,"24,517.00","23,662.00","10,520.00","3,309.00","3,015.00","2,636.00",633.00,482.00,0.13,0.91,0.87,0.24,0.76,0.15,"3,309.00","2,900.00","2,559.00",412.00,78.00,0.88,0.88,0.16,0.19,0.02,"3,309.00","3,010.00","2,648.00",601.00,420.00,0.91,0.88,0.23,0.70,0.13,601.00,347.00,229.00,25.00,,420.00,406.00,14.00,,-,,,,,,,,,,,652.29,417.61,,,"90,763.00","2,757.00","88,006.00","58,792.00","29,214.00",0.00,0.00,,"2,757.00",0.00,0.00,"25,692.50","25,692.50","4,283.00",0.00,"3,124.00",0.00,"14,607.00","14,607.00",,0.00,0.00,0.00,0.00,0.00,0.00,0.00,0.00,,,,,,,,,,,,,,,,,,,"4,703.00",148.00,137.00,0.00,0.00,0.00,0.00,0.00,-,-
2025-10-11,2025-10-06,2025-10-01,"93,130.00",0.00,176.72,220.32,25.75,155.48,"24,690.00","23,858.00","10,158.00","3,616.00","3,320.00","2,794.00",599.00,527.00,0.15,0.92,0.84,0.21,0.88,0.15,"3,616.00","3,174.00","2,698.00",413.00,156.00,0.88,0.85,0.15,0.38,0.04,"3,616.00","3,276.00","2,772.00",587.00,420.00,0.91,0.85,0.21,0.72,0.12,587.00,379.00,193.00,15.00,,420.00,411.00,9.00,,-,,,,,,,,,,,665.97,422.70,,,"93,130.00","2,866.00","90,264.00","59,341.00","30,923.00",0.00,0.00,,"2,866.00",0.00,0.00,"25,975.50","25,975.50","4,268.00",0.00,"3,122.00",0.00,"15,461.50","15,461.50",,0.00,0.00,0.00,0.00,0.00,0.00,0.00,0.00,,,,,,,,,,,,,,,,,,,"4,472.00",169.00,154.00,0.00,0.00,0.00,0.00,0.00,-,-
2025-10-12,2025-10-06,2025-10-01,"94,837.00",0.00,217.02,228.46,25.62,162.11,"24,968.00","24,154.00","10,423.00","3,701.00","3,364.00","2,881.00",585.00,437.00,0.15,0.91,0.86,0.20,0.75,0.12,"3,701.00","3,229.00","2,785.00",401.00,135.00,0.87,0.86,0.14,0.34,0.04,"3,701.00","3,359.00","2,886.00",596.00,430.00,0.91,0.86,0.21,0.72,0.12,596.00,373.00,201.00,22.00,,430.00,413.00,17.00,,-,,,,,,,,,,,657.15,415.12,,,"94,837.00","2,951.00","91,886.00","58,474.00","33,412.00",0.00,0.00,,"2,951.00",0.00,0.00,"25,450.50","25,450.50","4,458.00",0.00,"3,115.00",0.00,"16,706.00","16,706.00",,0.00,0.00,0.00,0.00,0.00,0.00,0.00,0.00,,,,,,,,,,,,,,,,,,,"4,314.00",177.00,170.00,0.00,0.00,0.00,0.00,0.00,-,-
2025-10-13,2025-10-13,2025-10-01,"120,885.00",0.00,286.46,325.04,27.18,207.71,"28,394.00","27,498.00","12,404.00","4,447.00","4,035.00","3,479.00",582.00,422.00,0.16,0.91,0.86,0.17,0.73,0.09,"4,447.00","3,876.00","3,372.00",380.00,70.00,0.87,0.87,0.11,0.18,0.02,"4,447.00","4,001.00","3,466.00",607.00,433.00,0.90,0.87,0.18,0.71,0.10,607.00,356.00,230.00,21.00,,433.00,416.00,17.00,,-,,,,,,,,,,,595.35,371.91,,,"120,885.00","2,971.00","117,914.00","87,512.00","30,402.00",0.00,0.00,,"2,971.00",0.00,0.00,"38,378.00","38,378.00","7,659.00",0.00,"3,097.00",0.00,"15,201.00","15,201.00",,0.00,0.00,0.00,0.00,0.00,0.00,0.00,0.00,,,,,,,,,,,,,,,,,,,"4,903.00",238.00,229.00,0.00,0.00,0.00,0.00,0.00,-,-
2025-10-14,2025-10-13,2025-10-01,"124,452.00",0.00,322.41,267.39,22.83,203.69,"33,155.00","32,236.00","13,997.00","5,451.00","4,928.00","4,269.00",611.00,386.00,0.16,0.90,0.87,0.14,0.63,0.07,"5,451.00","4,792.00","4,174.00",441.00,69.00,0.88,0.87,0.11,0.16,0.01,"5,451.00","4,941.00","4,288.00",695.00,483.00,0.91,0.87,0.16,0.69,0.09,695.00,422.00,235.00,38.00,,483.00,461.00,22.00,,-,,,,,,,,,,,750.35,465.43,,,"124,452.00","2,948.00","121,504.00","83,688.00","37,816.00",0.00,0.00,,"2,948.00",0.00,0.00,"33,226.50","33,226.50","13,245.00",0.00,"3,990.00",0.00,"18,908.00","18,908.00",,0.00,0.00,0.00,0.00,0.00,0.00,0.00,0.00,,,,,,,,,,,,,,,,,,,"4,743.00",191.00,184.00,0.00,0.00,0.00,0.00,0.00,-,-
2025-10-15,2025-10-13,2025-10-01,"106,955.00",0.00,237.15,230.17,21.91,167.64,"30,841.00","29,876.00","12,802.00","4,882.00","4,393.00","3,797.00",638.00,451.00,0.16,0.90,0.86,0.17,0.71,0.09,"4,882.00","4,256.00","3,698.00",428.00,97.00,0.87,0.87,0.12,0.23,0.02,"4,882.00","4,398.00","3,813.00",645.00,427.00,0.90,0.87,0.17,0.66,0.09,645.00,418.00,199.00,28.00,,427.00,414.00,13.00,,-,,,,,,,,,,,751.97,464.67,,,"106,955.00","2,952.00","104,003.00","65,108.00","38,895.00",0.00,0.00,,"2,952.00",0.00,0.00,"23,461.00","23,461.00","14,013.00",0.00,"4,173.00",0.00,"19,447.50","19,447.50",,0.00,0.00,0.00,0.00,0.00,0.00,0.00,0.00,,,,,,,,,,,,,,,,,,,"4,673.00",175.00,157.00,0.00,0.00,0.00,0.00,0.00,-,-
2025-10-16,2025-10-13,2025-10-01,"85,466.00",0.00,208.45,194.43,20.97,138.74,"28,211.00","27,328.00","11,600.00","4,076.00","3,699.00","3,221.00",616.00,410.00,0.14,0.91,0.87,0.19,0.67,0.10,"4,076.00","3,554.00","3,122.00",403.00,63.00,0.87,0.88,0.13,0.16,0.02,"4,076.00","3,674.00","3,215.00",603.00,390.00,0.90,0.88,0.19,0.65,0.10,603.00,392.00,170.00,41.00,,390.00,361.00,29.00,,-,,,,,,,,,,,717.65,439.56,,,"85,466.00","2,953.00","82,513.00","51,142.00","31,371.00",0.00,0.00,,"2,953.00",0.00,0.00,"16,819.00","16,819.00","13,336.00",0.00,"4,168.00",0.00,"15,685.50","15,685.50",,0.00,0.00,0.00,0.00,0.00,0.00,0.00,0.00,,,,,,,,,,,,,,,,,,,"4,432.00",139.00,130.00,0.00,0.00,0.00,0.00,0.00,-,-
2025-10-17,2025-10-13,2025-10-01,"89,683.00",0.00,218.74,224.41,21.74,152.78,"28,193.00","27,341.00","11,546.00","4,126.00","3,764.00","3,230.00",587.00,410.00,0.15,0.91,0.86,0.18,0.70,0.10,"4,126.00","3,629.00","3,130.00",366.00,72.00,0.88,0.86,0.12,0.20,0.02,"4,126.00","3,744.00","3,219.00",559.00,398.00,0.91,0.86,0.17,0.71,0.10,559.00,362.00,155.00,42.00,,398.00,375.00,23.00,,-,,,,,,,,,,,653.48,399.64,,,"89,683.00","2,948.00","86,735.00","50,841.00","35,894.00",0.00,0.00,,"2,948.00",0.00,0.00,"16,362.00","16,362.00","13,953.00",0.00,"4,164.00",0.00,"17,947.00","17,947.00",,0.00,0.00,0.00,0.00,0.00,0.00,0.00,0.00,,,,,,,,,,,,,,,,,,,"4,119.00",141.00,136.00,0.00,0.00,0.00,0.00,0.00,-,-
2025-10-18,2025-10-13,2025-10-01,"93,692.00",0.00,221.49,236.69,19.60,180.18,"29,652.00","28,803.00","12,003.00","4,779.00","4,326.00","3,668.00",520.00,423.00,0.16,0.91,0.85,0.14,0.81,0.09,"4,779.00","4,188.00","3,575.00",356.00,119.00,0.88,0.85,0.10,0.33,0.02,"4,779.00","4,332.00","3,680.00",553.00,409.00,0.91,0.85,0.15,0.74,0.09,553.00,354.00,173.00,26.00,,409.00,390.00,19.00,,-,,,,,,,,,,,641.67,395.85,,,"93,692.00","2,923.00","90,769.00","54,316.00","36,453.00",0.00,0.00,,"2,923.00",0.00,0.00,"20,062.50","20,062.50","10,044.00",0.00,"4,147.00",0.00,"18,226.50","18,226.50",,0.00,0.00,0.00,0.00,0.00,0.00,0.00,0.00,,,,,,,,,,,,,,,,,,,"4,275.00",171.00,164.00,0.00,0.00,0.00,0.00,0.00,-,-
2025-10-19,2025-10-13,2025-10-01,"118,204.00",0.00,268.04,246.06,18.96,183.83,"33,986.00","33,139.00","14,149.00","6,234.00","5,599.00","4,832.00",643.00,441.00,0.18,0.90,0.86,0.13,0.69,0.07,"6,234.00","5,422.00","4,711.00",438.00,142.00,0.87,0.87,0.09,0.32,0.02,"6,234.00","5,594.00","4,839.00",730.00,521.00,0.90,0.87,0.15,0.71,0.08,730.00,456.00,233.00,41.00,,521.00,494.00,27.00,,-,,,,,,,,,,,765.32,480.38,,,"118,204.00","2,744.00","115,460.00","71,482.00","43,978.00",0.00,0.00,,"2,744.00",0.00,0.00,"29,473.50","29,473.50","8,402.00",0.00,"4,133.00",0.00,"21,989.00","21,989.00",,0.00,0.00,0.00,0.00,0.00,0.00,0.00,0.00,,,,,,,,,,,,,,,,,,,"4,256.00",212.00,202.00,0.00,0.00,0.00,0.00,0.00,-,-
2025-10-20,2025-10-20,2025-10-01,"114,877.00",0.00,238.33,294.92,23.51,205.14,"29,662.00","28,870.00","12,672.00","4,887.00","4,455.00","3,879.00",560.00,482.00,0.16,0.91,0.87,0.14,0.86,0.10,"4,887.00","4,284.00","3,767.00",356.00,98.00,0.88,0.88,0.09,0.28,0.02,"4,887.00","4,421.00","3,870.00",595.00,404.00,0.90,0.88,0.15,0.68,0.08,595.00,364.00,198.00,33.00,,404.00,382.00,22.00,,-,,,,,,,,,,,615.96,389.52,,,"114,877.00","2,789.00","112,088.00","70,407.00","41,681.00",0.00,0.00,,"2,789.00",0.00,0.00,"29,034.00","29,034.00","8,153.00",0.00,"4,186.00",0.00,"20,840.50","20,840.50",,0.00,0.00,0.00,0.00,0.00,0.00,0.00,0.00,,,,,,,,,,,,,,,,,,,"4,559.00",211.00,197.00,0.00,0.00,0.00,0.00,0.00,-,-
2025-10-21,2025-10-20,2025-10-01,"111,722.00",0.00,263.50,242.16,19.76,173.48,"32,503.00","31,532.00","13,836.00","5,653.00","5,089.00","4,389.00",644.00,424.00,0.17,0.90,0.86,0.15,0.66,0.08,"5,653.00","4,916.00","4,280.00",428.00,112.00,0.87,0.87,0.10,0.26,0.02,"5,653.00","5,072.00","4,393.00",706.00,496.00,0.90,0.87,0.16,0.70,0.09,706.00,405.00,253.00,48.00,,496.00,466.00,30.00,,-,,,,,,,,,,,723.99,461.36,,,"111,722.00","2,779.00","108,943.00","67,488.00","41,455.00",0.00,0.00,,"2,779.00",0.00,0.00,"27,891.00","27,891.00","7,689.00",0.00,"4,017.00",0.00,"20,727.50","20,727.50",,0.00,0.00,0.00,0.00,0.00,0.00,0.00,0.00,,,,,,,,,,,,,,,,,,,"4,542.00",223.00,214.00,0.00,0.00,0.00,0.00,0.00,-,-
2025-10-22,2025-10-20,2025-10-01,"100,278.00",0.00,210.23,216.62,19.88,162.79,"30,880.00","29,972.00","12,967.00","5,044.00","4,572.00","3,914.00",616.00,477.00,0.16,0.91,0.86,0.16,0.77,0.09,"5,044.00","4,403.00","3,798.00",411.00,110.00,0.87,0.86,0.11,0.27,0.02,"5,044.00","4,526.00","3,888.00",635.00,424.00,0.90,0.86,0.16,0.67,0.08,635.00,398.00,189.00,48.00,,424.00,394.00,30.00,,-,,,,,,,,,,,722.97,462.93,,,"100,278.00","2,738.00","97,540.00","54,950.00","42,590.00",0.00,0.00,,"2,738.00",0.00,0.00,"22,070.50","22,070.50","6,706.00",0.00,"4,103.00",0.00,"21,295.00","21,295.00",,0.00,0.00,0.00,0.00,0.00,0.00,0.00,0.00,,,,,,,,,,,,,,,,,,,"4,369.00",156.00,148.00,0.00,0.00,0.00,0.00,0.00,-,-
2025-10-23,2025-10-20,2025-10-01,"89,378.00",0.00,199.95,216.21,20.00,162.80,"29,158.00","28,295.00","12,112.00","4,468.00","3,988.00","3,384.00",549.00,447.00,0.15,0.89,0.85,0.16,0.81,0.10,"4,468.00","3,846.00","3,293.00",352.00,118.00,0.86,0.86,0.11,0.34,0.03,"4,468.00","3,969.00","3,394.00",573.00,398.00,0.89,0.86,0.17,0.69,0.09,573.00,391.00,131.00,51.00,,398.00,368.00,30.00,,-,,,,,,,,,,,641.41,413.39,,,"89,378.00","2,334.00","87,044.00","42,151.00","44,893.00",0.00,0.00,,"2,334.00",0.00,0.00,"15,949.00","15,949.00","6,199.00",0.00,"4,054.00",0.00,"22,446.50","22,446.50",,0.00,0.00,0.00,0.00,0.00,0.00,0.00,0.00,,,,,,,,,,,,,,,,,,,"4,091.00",146.00,139.00,0.00,0.00,0.00,0.00,0.00,-,-
2025-10-24,2025-10-20,2025-10-01,"91,956.00",0.00,232.21,187.90,23.14,135.23,"26,881.00","26,114.00","10,989.00","3,974.00","3,557.00","3,061.00",680.00,396.00,0.15,0.90,0.86,0.22,0.58,0.10,"3,974.00","3,443.00","2,974.00",418.00,97.00,0.87,0.86,0.14,0.23,0.02,"3,974.00","3,567.00","3,070.00",599.00,427.00,0.90,0.86,0.20,0.71,0.11,599.00,375.00,163.00,61.00,,427.00,382.00,45.00,,-,,,,,,,,,,,752.51,489.39,,,"91,956.00","1,728.00","90,228.00","48,860.00","41,368.00",0.00,0.00,,"1,728.00",0.00,0.00,"20,626.50","20,626.50","3,565.00",0.00,"4,042.00",0.00,"20,684.00","20,684.00",,0.00,0.00,0.00,0.00,0.00,0.00,0.00,0.00,,,,,,,,,,,,,,,,,,,"3,843.00",150.00,130.00,0.00,0.00,0.00,0.00,0.00,-,-
2025-10-25,2025-10-20,2025-10-01,"84,865.00",0.00,219.29,203.03,21.43,159.52,"25,925.00","25,232.00","10,464.00","3,961.00","3,594.00","3,055.00",532.00,387.00,0.15,0.91,0.85,0.17,0.73,0.10,"3,961.00","3,453.00","2,956.00",360.00,89.00,0.87,0.86,0.12,0.25,0.02,"3,961.00","3,558.00","3,032.00",538.00,388.00,0.90,0.85,0.18,0.72,0.10,538.00,312.00,160.00,66.00,,388.00,346.00,42.00,,-,,,,,,,,,,,644.52,417.99,,,"84,865.00","1,749.00","83,116.00","48,812.00","34,304.00",0.00,0.00,,"1,749.00",0.00,0.00,"21,061.00","21,061.00","2,702.00",0.00,"3,988.00",0.00,"17,152.00","17,152.00",,0.00,0.00,0.00,0.00,0.00,0.00,0.00,0.00,,,,,,,,,,,,,,,,,,,"3,642.00",126.00,117.00,0.00,0.00,0.00,0.00,0.00,-,-
2025-10-26,2025-10-20,2025-10-01,"103,997.00",0.00,227.56,201.18,21.55,161.24,"28,332.00","27,582.00","11,624.00","4,826.00","4,413.00","3,743.00",645.00,457.00,0.17,0.91,0.85,0.17,0.71,0.09,"4,826.00","4,245.00","3,619.00",456.00,149.00,0.88,0.85,0.13,0.33,0.03,"4,826.00","4,353.00","3,694.00",675.00,490.00,0.90,0.85,0.18,0.73,0.10,675.00,339.00,260.00,76.00,,490.00,440.00,50.00,,-,,,,,,,,,,,796.04,516.94,,,"103,997.00","1,778.00","102,219.00","59,851.00","42,368.00",0.00,0.00,,"1,778.00",0.00,0.00,"26,029.00","26,029.00","3,828.00",0.00,"3,965.00",0.00,"21,184.00","21,184.00",,0.00,0.00,0.00,0.00,0.00,0.00,0.00,0.00,,,,,,,,,,,,,,,,,,,"3,710.00",24.00,20.00,0.00,0.00,0.00,0.00,0.00,-,-
2025-10-27,2025-10-27,2025-10-01,"119,158.00",0.00,269.59,220.62,26.07,165.73,"29,228.00","28,375.00","12,513.00","4,571.00","4,103.00","3,567.00",719.00,442.00,0.16,0.90,0.87,0.20,0.61,0.10,"4,571.00","3,981.00","3,475.00",490.00,113.00,0.87,0.87,0.14,0.23,0.02,"4,571.00","4,107.00","3,579.00",744.00,515.00,0.90,0.87,0.21,0.69,0.11,744.00,355.00,322.00,67.00,,515.00,471.00,44.00,,-,,,,,,,,,,,835.31,540.11,,,"119,158.00","1,750.00","117,408.00","77,513.00","39,895.00",0.00,0.00,,"1,750.00",0.00,0.00,"34,188.00","34,188.00","5,157.00",0.00,"3,980.00",0.00,"19,947.50","19,947.50",,0.00,0.00,0.00,0.00,0.00,0.00,0.00,0.00,,,,,,,,,,,,,,,,,,,"4,420.00",41.00,25.00,0.00,0.00,0.00,0.00,0.00,-,-
2025-10-28,2025-10-27,2025-10-01,"123,144.00",0.00,302.57,210.89,25.44,156.67,"29,402.00","28,499.00","12,428.00","4,840.00","4,378.00","3,755.00",786.00,407.00,0.16,0.90,0.86,0.21,0.52,0.08,"4,840.00","4,243.00","3,663.00",526.00,81.00,0.88,0.86,0.14,0.15,0.02,"4,840.00","4,363.00","3,750.00",749.00,500.00,0.90,0.86,0.20,0.67,0.10,749.00,368.00,296.00,85.00,,500.00,442.00,58.00,,-,,,,,,,,,,,903.29,583.93,,,"123,144.00","1,766.00","121,378.00","80,284.00","41,094.00",0.00,0.00,,"1,766.00",0.00,0.00,"35,581.50","35,581.50","5,285.00",0.00,"3,836.00",0.00,"20,547.00","20,547.00",,0.00,0.00,0.00,0.00,0.00,0.00,0.00,0.00,,,,,,,,,,,,,,,,,,,"4,276.00",36.00,25.00,0.00,0.00,0.00,0.00,0.00,-,-
2025-10-29,2025-10-27,2025-10-01,"125,829.00",0.00,241.98,218.49,26.37,170.04,"29,316.00","28,383.00","12,400.00","4,772.00","4,310.00","3,655.00",740.00,520.00,0.16,0.90,0.85,0.20,0.70,0.11,"4,772.00","4,193.00","3,570.00",522.00,96.00,0.88,0.85,0.15,0.18,0.02,"4,772.00","4,309.00","3,653.00",745.00,502.00,0.90,0.85,0.20,0.67,0.11,745.00,370.00,296.00,79.00,,502.00,455.00,47.00,,-,,,,,,,,,,,890.51,575.90,,,"125,829.00","1,715.00","124,114.00","84,133.00","39,981.00",0.00,0.00,,"1,715.00",0.00,0.00,"37,408.00","37,408.00","5,496.00",0.00,"3,821.00",0.00,"19,990.50","19,990.50",,0.00,0.00,0.00,0.00,0.00,0.00,0.00,0.00,,,,,,,,,,,,,,,,,,,"4,393.00",42.00,30.00,0.00,0.00,0.00,0.00,0.00,-,-
2025-10-30,2025-10-27,2025-10-01,"114,024.00",0.00,221.84,214.65,25.22,155.56,"28,771.00","27,837.00","12,109.00","4,521.00","4,049.00","3,431.00",733.00,514.00,0.16,0.90,0.85,0.21,0.70,0.11,"4,521.00","3,920.00","3,342.00",477.00,89.00,0.87,0.85,0.14,0.19,0.02,"4,521.00","4,061.00","3,454.00",721.00,492.00,0.90,0.85,0.21,0.68,0.11,721.00,358.00,288.00,75.00,,492.00,448.00,44.00,,-,,,,,,,,,,,819.71,531.21,,,"114,024.00","1,437.00","112,587.00","78,045.00","34,542.00",0.00,0.00,,"1,437.00",0.00,0.00,"34,246.00","34,246.00","5,835.00",0.00,"3,718.00",0.00,"17,271.00","17,271.00",,0.00,0.00,0.00,0.00,0.00,0.00,0.00,0.00,,,,,,,,,,,,,,,,,,,"4,328.00",46.00,33.00,0.00,0.00,0.00,0.00,0.00,-,-
2025-10-31,2025-10-27,2025-10-01,"110,973.00",0.00,292.03,212.51,25.68,134.19,"27,731.00","26,868.00","11,700.00","4,321.00","3,846.00","3,193.00",827.00,380.00,0.16,0.89,0.83,0.26,0.46,0.09,"4,321.00","3,698.00","3,088.00",469.00,63.00,0.86,0.84,0.15,0.13,0.01,"4,321.00","3,816.00","3,175.00",649.00,436.00,0.88,0.83,0.20,0.67,0.10,649.00,316.00,285.00,48.00,,436.00,411.00,25.00,,-,,,,,,,,,,,805.05,522.19,,,"110,973.00","2,342.00","108,631.00","77,933.00","30,698.00",0.00,0.00,,"2,342.00",0.00,0.00,"34,697.00","34,697.00","4,971.00",0.00,"3,568.00",0.00,"15,349.00","15,349.00",,0.00,0.00,0.00,0.00,0.00,0.00,0.00,0.00,,,,,,,,,,,,,,,,,,,"4,160.00",56.00,39.00,0.00,0.00,0.00,0.00,0.00,-,-
2025-11-01,2025-10-27,2025-11-01,"111,210.00",0.00,248.24,203.00,22.52,146.72,"29,748.00","28,910.00","12,345.00","4,938.00","4,356.00","3,599.00",758.00,448.00,0.17,0.88,0.83,0.21,0.59,0.09,"4,938.00","4,229.00","3,510.00",485.00,52.00,0.86,0.83,0.14,0.11,0.01,"4,938.00","4,386.00","3,620.00",676.00,455.00,0.89,0.83,0.19,0.67,0.09,676.00,343.00,293.00,40.00,,455.00,429.00,26.00,,-,,,,,,,,,,,843.26,547.82,,,"111,210.00","3,238.00","107,972.00","82,443.00","25,529.00",0.00,0.00,,"3,238.00",0.00,0.00,"35,113.50","35,113.50","8,089.00",0.00,"4,127.00",0.00,"12,764.50","12,764.50",,0.00,0.00,0.00,0.00,0.00,0.00,0.00,0.00,,,,,,,,,,,,,,,,,,,"4,368.00",50.00,30.00,0.00,0.00,0.00,0.00,0.00,-,-
2025-11-02,2025-10-27,2025-11-01,"123,446.00",0.00,224.86,253.35,22.15,188.18,"31,506.00","30,617.00","13,206.00","5,573.00","5,040.00","4,115.00",656.00,549.00,0.18,0.90,0.82,0.16,0.84,0.10,"5,573.00","4,852.00","3,994.00",427.00,120.00,0.87,0.82,0.11,0.28,0.02,"5,573.00","4,984.00","4,084.00",646.00,471.00,0.89,0.82,0.16,0.73,0.08,646.00,316.00,283.00,47.00,,471.00,439.00,32.00,,-,,,,,,,,,,,749.13,487.26,,,"123,446.00","3,204.00","120,242.00","85,543.00","34,699.00",0.00,0.00,,"3,204.00",0.00,0.00,"36,590.50","36,590.50","8,145.00",0.00,"4,217.00",0.00,"17,349.50","17,349.50",,0.00,0.00,0.00,0.00,0.00,0.00,0.00,0.00,,,,,,,,,,,,,,,,,,,"4,415.00",54.00,34.00,0.00,0.00,0.00,0.00,0.00,-,-
2025-11-03,2025-11-03,2025-11-01,"113,043.00",0.00,180.00,270.35,23.32,190.31,"30,680.00","29,680.00","13,279.00","4,847.00","4,396.00","3,632.00",594.00,628.00,0.16,0.91,0.83,0.16,1.06,0.13,"4,847.00","4,240.00","3,538.00",365.00,122.00,0.87,0.83,0.10,0.33,0.03,"4,847.00","4,345.00","3,616.00",575.00,414.00,0.90,0.83,0.16,0.72,0.09,575.00,320.00,213.00,42.00,,414.00,384.00,30.00,,-,,,,,,,,,,,639.83,418.14,,,"113,043.00",0.00,"113,043.00","80,904.00","32,139.00",0.00,0.00,,0.00,0.00,0.00,"34,250.00","34,250.00","8,116.00",0.00,"4,288.00",0.00,"16,069.50","16,069.50",,0.00,0.00,0.00,0.00,0.00,0.00,0.00,0.00,,,,,,,,,,,,,,,,,,,"5,312.00",44.00,26.00,0.00,0.00,0.00,0.00,0.00,-,-
2025-11-04,2025-11-03,2025-11-01,"119,191.00",0.00,280.45,292.15,24.91,203.05,"29,784.00","28,888.00","12,603.00","4,785.00","4,251.00","3,436.00",587.00,425.00,0.16,0.89,0.81,0.17,0.72,0.09,"4,785.00","4,126.00","3,364.00",361.00,94.00,0.86,0.82,0.11,0.26,0.02,"4,785.00","4,259.00","3,457.00",557.00,377.00,0.89,0.81,0.16,0.68,0.08,557.00,278.00,244.00,35.00,,377.00,355.00,22.00,,-,,,,,,,,,,,621.64,407.98,,,"119,191.00",0.00,"119,191.00","85,088.00","34,103.00",0.00,0.00,,0.00,0.00,0.00,"36,405.00","36,405.00","8,106.00",0.00,"4,172.00",0.00,"17,051.50","17,051.50",,0.00,0.00,0.00,0.00,0.00,0.00,0.00,0.00,,,,,,,,,,,,,,,,,,,"4,616.00",53.00,37.00,0.00,0.00,0.00,0.00,0.00,-,-
2025-11-05,2025-11-03,2025-11-01,"84,277.00",0.00,190.24,197.53,19.63,138.16,"27,873.00","26,985.00","11,672.00","4,294.00","3,837.00","3,140.00",610.00,443.00,0.15,0.89,0.82,0.19,0.73,0.10,"4,294.00","3,701.00","3,053.00",364.00,80.00,0.86,0.82,0.12,0.22,0.02,"4,294.00","3,829.00","3,150.00",533.00,368.00,0.89,0.82,0.17,0.69,0.09,533.00,291.00,190.00,52.00,,368.00,335.00,33.00,,-,,,,,,,,,,,647.09,426.66,,,"84,277.00",0.00,"84,277.00","57,128.00","27,149.00",0.00,0.00,,0.00,0.00,0.00,"22,402.50","22,402.50","8,091.00",0.00,"4,232.00",0.00,"13,574.50","13,574.50",,0.00,0.00,0.00,0.00,0.00,0.00,0.00,0.00,,,,,,,,,,,,,,,,,,,"4,329.00",49.00,26.00,0.00,0.00,0.00,0.00,0.00,-,-
2025-11-06,2025-11-03,2025-11-01,"83,492.00",0.00,231.28,170.62,19.32,123.33,"27,032.00","26,182.00","11,496.00","4,321.00","3,889.00","3,145.00",677.00,361.00,0.16,0.90,0.81,0.22,0.53,0.08,"4,321.00","3,737.00","3,050.00",430.00,58.00,0.86,0.82,0.14,0.13,0.01,"4,321.00","3,852.00","3,133.00",601.00,427.00,0.89,0.81,0.19,0.71,0.10,601.00,318.00,231.00,52.00,,427.00,389.00,38.00,,-,,,,,,,,,,,738.98,489.35,,,"83,492.00",0.00,"83,492.00","53,436.00","30,056.00",0.00,0.00,,0.00,0.00,0.00,"21,155.50","21,155.50","8,137.00",0.00,"2,988.00",0.00,"15,028.00","15,028.00",,0.00,0.00,0.00,0.00,0.00,0.00,0.00,0.00,,,,,,,,,,,,,,,,,,,"4,374.00",57.00,36.00,0.00,0.00,0.00,0.00,0.00,-,-
2025-11-07,2025-11-03,2025-11-01,"78,408.00",0.00,189.85,178.59,19.40,126.26,"26,560.00","25,712.00","10,710.00","4,042.00","3,636.00","2,880.00",621.00,413.00,0.15,0.90,0.79,0.22,0.67,0.10,"4,042.00","3,508.00","2,795.00",392.00,27.00,0.87,0.80,0.14,0.07,0.01,"4,042.00","3,623.00","2,874.00",547.00,383.00,0.90,0.79,0.19,0.70,0.09,547.00,245.00,261.00,41.00,,383.00,355.00,28.00,,-,,,,,,,,,,,661.72,439.03,,,"78,408.00",0.00,"78,408.00","49,385.00","29,023.00",0.00,0.00,,0.00,0.00,0.00,"19,955.00","19,955.00","7,342.00",0.00,"2,133.00",0.00,"14,511.50","14,511.50",,0.00,0.00,0.00,0.00,0.00,0.00,0.00,0.00,,,,,,,,,,,,,,,,,,,"3,662.00",38.00,24.00,0.00,0.00,0.00,0.00,0.00,-,-
2025-11-08,2025-11-03,2025-11-01,"72,175.00",0.00,165.92,193.67,19.66,145.51,"26,295.00","25,475.00","10,204.00","3,672.00","3,378.00","2,668.00",496.00,435.00,0.14,0.92,0.79,0.19,0.88,0.12,"3,672.00","3,244.00","2,590.00",325.00,60.00,0.88,0.80,0.13,0.18,0.02,"3,672.00","3,338.00","2,653.00",471.00,329.00,0.91,0.79,0.18,0.70,0.09,471.00,207.00,216.00,48.00,,329.00,294.00,35.00,,-,,,,,,,,,,,560.03,372.67,,,"72,175.00",0.00,"72,175.00","45,577.00","26,598.00",0.00,0.00,,0.00,0.00,0.00,"17,935.50","17,935.50","7,598.00",0.00,"2,108.00",0.00,"13,299.00","13,299.00",,0.00,0.00,0.00,0.00,0.00,0.00,0.00,0.00,,,,,,,,,,,,,,,,,,,"3,681.00",23.00,14.00,0.00,0.00,0.00,0.00,0.00,-,-
2025-11-09,2025-11-03,2025-11-01,"83,825.00",0.00,200.06,209.89,19.66,161.20,"27,964.00","27,245.00","10,862.00","4,264.00","3,927.00","3,110.00",520.00,419.00,0.15,0.92,0.79,0.17,0.81,0.10,"4,264.00","3,789.00","3,026.00",345.00,84.00,0.89,0.80,0.11,0.24,0.02,"4,264.00","3,890.00","3,100.00",507.00,357.00,0.91,0.80,0.16,0.70,0.08,507.00,231.00,239.00,37.00,,357.00,327.00,30.00,,-,,,,,,,,,,,597.76,399.37,,,"83,825.00",0.00,"83,825.00","52,011.00","31,814.00",0.00,0.00,,0.00,0.00,0.00,"20,528.50","20,528.50","8,869.00",0.00,"2,085.00",0.00,"15,907.00","15,907.00",,0.00,0.00,0.00,0.00,0.00,0.00,0.00,0.00,,,,,,,,,,,,,,,,,,,"3,531.00",27.00,17.00,0.00,0.00,0.00,0.00,0.00,-,-
2025-11-10,2025-11-10,2025-11-01,"83,777.00",0.00,192.59,240.48,20.30,166.55,"29,124.00","28,370.00","11,079.00","4,126.00","3,718.00","2,997.00",503.00,435.00,0.14,0.90,0.81,0.17,0.86,0.11,"4,126.00","3,569.00","2,900.00",306.00,93.00,0.87,0.81,0.11,0.30,0.02,"4,126.00","3,677.00","2,974.00",465.00,339.00,0.89,0.81,0.16,0.73,0.08,465.00,178.00,240.00,47.00,,339.00,308.00,31.00,,-,,,,,,,,,,,520.05,348.38,,,"83,777.00",0.00,"83,777.00","56,242.00","27,535.00",0.00,0.00,,0.00,0.00,0.00,"22,418.00","22,418.00","9,366.00",0.00,"2,040.00",0.00,"13,767.50","13,767.50",,0.00,0.00,0.00,0.00,0.00,0.00,0.00,0.00,,,,,,,,,,,,,,,,,,,"3,903.00",25.00,20.00,0.00,0.00,0.00,0.00,0.00,-,-
2025-11-11,2025-11-10,2025-11-01,"49,705.00",0.00,167.92,162.79,15.65,111.95,"25,933.00","25,209.00","9,549.00","3,177.00","2,931.00","2,342.00",444.00,296.00,0.12,0.92,0.80,0.19,0.67,0.09,"3,177.00","2,810.00","2,259.00",250.00,38.00,0.88,0.80,0.11,0.15,0.01,"3,177.00","2,883.00","2,318.00",360.00,259.00,0.91,0.80,0.16,0.72,0.08,360.00,143.00,162.00,55.00,,259.00,223.00,36.00,,-,,,,,,,,,,,454.66,305.33,,,"49,705.00",0.00,"49,705.00","24,943.00","24,762.00",0.00,0.00,,0.00,0.00,0.00,"11,450.50","11,450.50","1,492.00",0.00,550.00,0.00,"12,381.00","12,381.00",,0.00,0.00,0.00,0.00,0.00,0.00,0.00,0.00,,,,,,,,,,,,,,,,,,,"3,423.00",36.00,19.00,0.00,0.00,0.00,0.00,0.00,-,-
2025-11-12,2025-11-10,2025-11-01,"46,110.00",0.00,143.20,180.44,15.68,125.98,"24,329.00","23,706.00","8,920.00","2,941.00","2,688.00","2,166.00",366.00,322.00,0.12,0.91,0.81,0.17,0.88,0.11,"2,941.00","2,589.00","2,095.00",211.00,63.00,0.88,0.81,0.10,0.30,0.02,"2,941.00","2,650.00","2,136.00",320.00,233.00,0.90,0.81,0.15,0.73,0.08,320.00,126.00,156.00,38.00,,233.00,206.00,27.00,,-,,,,,,,,,,,379.42,255.54,,,"46,110.00",0.00,"46,110.00","21,989.00","24,121.00",0.00,0.00,,0.00,0.00,0.00,"10,994.50","10,994.50",0.00,0.00,0.00,0.00,"12,060.50","12,060.50",,0.00,0.00,0.00,0.00,0.00,0.00,0.00,0.00,,,,,,,,,,,,,,,,,,,"3,311.00",24.00,16.00,0.00,0.00,0.00,0.00,0.00,-,-
2025-11-13,2025-11-10,2025-11-01,"43,630.00",0.00,138.07,198.17,18.16,136.34,"22,340.00","21,687.00","8,032.00","2,403.00","2,163.00","1,746.00",320.00,316.00,0.11,0.90,0.81,0.18,0.99,0.13,"2,403.00","2,073.00","1,693.00",183.00,60.00,0.86,0.82,0.11,0.33,0.02,"2,403.00","2,148.00","1,751.00",302.00,214.00,0.89,0.82,0.17,0.71,0.09,302.00,124.00,143.00,35.00,,214.00,190.00,24.00,,-,,,,,,,,,,,326.02,220.16,,,"43,630.00",0.00,"43,630.00","21,441.00","22,189.00",0.00,0.00,,0.00,0.00,0.00,"10,720.50","10,720.50",0.00,0.00,0.00,0.00,"11,094.50","11,094.50",,0.00,0.00,0.00,0.00,0.00,0.00,0.00,0.00,,,,,,,,,,,,,,,,,,,"3,310.00",29.00,19.00,0.00,0.00,0.00,0.00,0.00,-,-
2025-11-14,2025-11-10,2025-11-01,"44,130.00",0.00,169.73,213.17,18.03,141.44,"22,224.00","21,662.00","7,853.00","2,447.00","2,212.00","1,752.00",312.00,260.00,0.11,0.90,0.79,0.18,0.83,0.11,"2,447.00","2,126.00","1,697.00",171.00,52.00,0.87,0.80,0.10,0.30,0.02,"2,447.00","2,188.00","1,741.00",251.00,186.00,0.89,0.80,0.14,0.74,0.08,251.00,104.00,117.00,30.00,,186.00,169.00,17.00,,-,,,,,,,,,,,306.06,207.02,,,"44,130.00",0.00,"44,130.00","21,259.00","22,871.00",0.00,0.00,,0.00,0.00,0.00,"10,629.50","10,629.50",0.00,0.00,0.00,0.00,"11,435.50","11,435.50",,0.00,0.00,0.00,0.00,0.00,0.00,0.00,0.00,,,,,,,,,,,,,,,,,,,"3,034.00",25.00,16.00,0.00,0.00,0.00,0.00,0.00,-,-
2025-11-15,2025-11-10,2025-11-01,"41,487.00",0.00,175.79,173.80,15.38,136.47,"22,580.00","22,024.00","7,773.00","2,698.00","2,413.00","1,880.00",304.00,236.00,0.12,0.89,0.78,0.16,0.78,0.09,"2,698.00","2,339.00","1,839.00",196.00,75.00,0.87,0.79,0.11,0.38,0.03,"2,698.00","2,411.00","1,897.00",307.00,231.00,0.89,0.79,0.16,0.75,0.09,307.00,124.00,140.00,43.00,,231.00,203.00,28.00,,-,,,,,,,,,,,351.59,238.71,,,"41,487.00",0.00,"41,487.00","21,636.00","19,851.00",0.00,0.00,,0.00,0.00,0.00,"10,818.00","10,818.00",0.00,0.00,0.00,0.00,"9,925.50","9,925.50",,0.00,0.00,0.00,0.00,0.00,0.00,0.00,0.00,,,,,,,,,,,,,,,,,,,"3,084.00",26.00,15.00,0.00,0.00,0.00,0.00,0.00,-,-
2025-11-16,2025-11-10,2025-11-01,"49,524.00",0.00,230.34,216.98,15.09,167.88,"24,985.00","24,404.00","8,457.00","3,281.00","2,934.00","2,364.00",295.00,215.00,0.13,0.89,0.81,0.12,0.73,0.07,"3,281.00","2,827.00","2,293.00",185.00,73.00,0.86,0.81,0.08,0.39,0.02,"3,281.00","2,920.00","2,365.00",302.00,219.00,0.89,0.81,0.13,0.73,0.07,302.00,112.00,147.00,43.00,,219.00,188.00,31.00,,-,,,,,,,,,,,335.57,228.24,,,"49,524.00",0.00,"49,524.00","22,012.00","27,512.00",0.00,0.00,,0.00,0.00,0.00,"11,006.00","11,006.00",0.00,0.00,0.00,0.00,"13,756.00","13,756.00",,0.00,0.00,0.00,0.00,0.00,0.00,0.00,0.00,,,,,,,,,,,,,,,,,,,"2,855.00",20.00,14.00,0.00,0.00,0.00,0.00,0.00,-,-
2025-11-17,2025-11-17,2025-11-01,"47,062.00",0.00,198.57,206.26,17.56,146.16,"23,386.00","22,795.00","8,435.00","2,680.00","2,409.00","1,936.00",322.00,237.00,0.11,0.90,0.80,0.17,0.74,0.09,"2,680.00","2,322.00","1,880.00",188.00,46.00,0.87,0.81,0.10,0.24,0.02,"2,680.00","2,382.00","1,920.00",290.00,220.00,0.89,0.81,0.15,0.76,0.08,290.00,120.00,143.00,27.00,,220.00,202.00,18.00,,-,,,,,,,,,,,335.37,228.17,,,"47,062.00",0.00,"47,062.00","22,304.00","24,758.00",0.00,0.00,,0.00,0.00,0.00,"11,152.00","11,152.00",0.00,0.00,0.00,0.00,"12,379.00","12,379.00",,0.00,0.00,0.00,0.00,0.00,0.00,0.00,0.00,,,,,,,,,,,,,,,,,,,"3,233.00",16.00,13.00,0.00,0.00,0.00,0.00,0.00,-,-
2025-11-18,2025-11-17,2025-11-01,"42,065.00",0.00,164.32,226.48,17.11,150.77,"21,577.00","20,993.00","7,804.00","2,458.00","2,273.00","1,784.00",279.00,256.00,0.11,0.92,0.78,0.16,0.92,0.10,"2,458.00","2,194.00","1,725.00",153.00,42.00,0.89,0.79,0.09,0.27,0.02,"2,458.00","2,236.00","1,756.00",245.00,171.00,0.91,0.79,0.14,0.70,0.07,245.00,79.00,127.00,39.00,,171.00,139.00,32.00,,-,,,,,,,,,,,273.74,185.74,,,"42,065.00",0.00,"42,065.00","21,908.00","20,157.00",0.00,0.00,,0.00,0.00,0.00,"10,954.00","10,954.00",0.00,0.00,0.00,0.00,"10,078.50","10,078.50",,0.00,0.00,0.00,0.00,0.00,0.00,0.00,0.00,,,,,,,,,,,,,,,,,,,"3,156.00",23.00,16.00,0.00,0.00,0.00,0.00,0.00,-,-
2025-11-19,2025-11-17,2025-11-01,"41,910.00",0.00,219.42,266.29,19.33,184.63,"19,503.00","18,958.00","7,096.00","2,168.00","1,929.00","1,514.00",227.00,191.00,0.11,0.89,0.78,0.15,0.84,0.09,"2,168.00","1,866.00","1,469.00",131.00,44.00,0.86,0.79,0.09,0.34,0.02,"2,168.00","1,932.00","1,525.00",224.00,171.00,0.89,0.79,0.15,0.76,0.08,224.00,90.00,101.00,33.00,,171.00,147.00,24.00,,-,,,,,,,,,,,232.05,157.38,,,"41,910.00",0.00,"41,910.00","21,564.00","20,346.00",0.00,0.00,,0.00,0.00,0.00,"10,782.00","10,782.00",0.00,0.00,0.00,0.00,"10,173.00","10,173.00",,0.00,0.00,0.00,0.00,0.00,0.00,0.00,0.00,,,,,,,,,,,,,,,,,,,"2,878.00",24.00,14.00,0.00,0.00,0.00,0.00,0.00,-,-
2025-11-20,2025-11-17,2025-11-01,"49,272.00",0.00,284.81,280.10,21.75,192.47,"20,770.00","20,283.00","7,103.00","2,265.00","2,024.00","1,629.00",256.00,173.00,0.11,0.89,0.80,0.16,0.68,0.08,"2,265.00","1,950.00","1,587.00",150.00,36.00,0.86,0.81,0.09,0.24,0.02,"2,265.00","2,014.00","1,637.00",256.00,186.00,0.89,0.81,0.16,0.73,0.08,256.00,115.00,113.00,28.00,,186.00,162.00,24.00,,-,,,,,,,,,,,259.89,175.91,,,"49,272.00",0.00,"49,272.00","30,232.00","19,040.00",0.00,0.00,,0.00,0.00,0.00,"10,449.00","10,449.00","4,680.00",0.00,"4,654.00",0.00,"9,520.00","9,520.00",,0.00,0.00,0.00,0.00,0.00,0.00,0.00,0.00,,,,,,,,,,,,,,,,,,,"2,812.00",19.00,17.00,0.00,0.00,0.00,0.00,0.00,-,-
2025-11-21,2025-11-17,2025-11-01,"57,451.00",0.00,277.54,253.47,24.33,181.23,"21,218.00","20,716.00","7,377.00","2,361.00","2,090.00","1,683.00",317.00,207.00,0.11,0.89,0.81,0.19,0.65,0.09,"2,361.00","1,996.00","1,622.00",190.00,48.00,0.85,0.81,0.12,0.25,0.02,"2,361.00","2,067.00","1,678.00",288.00,194.00,0.88,0.81,0.17,0.67,0.08,288.00,160.00,100.00,28.00,,194.00,177.00,17.00,,-,,,,,,,,,,,334.74,226.66,,,"57,451.00",0.00,"57,451.00","37,527.00","19,924.00",0.00,0.00,,0.00,0.00,0.00,"10,140.50","10,140.50","11,672.00",0.00,"5,574.00",0.00,"9,962.00","9,962.00",,0.00,0.00,0.00,0.00,0.00,0.00,0.00,0.00,,,,,,,,,,,,,,,,,,,"2,860.00",15.00,10.00,0.00,0.00,0.00,0.00,0.00,-,-
2025-11-22,2025-11-17,2025-11-01,"53,212.00",0.00,275.71,229.66,20.88,190.04,"21,552.00","21,044.00","7,487.00","2,549.00","2,272.00","1,810.00",280.00,193.00,0.12,0.89,0.80,0.15,0.69,0.08,"2,549.00","2,185.00","1,749.00",191.00,52.00,0.86,0.80,0.11,0.27,0.02,"2,549.00","2,269.00","1,813.00",314.00,204.00,0.89,0.80,0.17,0.65,0.08,314.00,177.00,91.00,46.00,,204.00,177.00,27.00,,-,,,,,,,,,,,342.58,231.70,,,"53,212.00",0.00,"53,212.00","36,735.00","16,477.00",0.00,0.00,,0.00,0.00,0.00,"8,796.50","8,796.50","13,860.00",0.00,"5,282.00",0.00,"8,238.50","8,238.50",,0.00,0.00,0.00,0.00,0.00,0.00,0.00,0.00,,,,,,,,,,,,,,,,,,,"2,959.00",24.00,14.00,0.00,0.00,0.00,0.00,0.00,-,-
2025-11-23,2025-11-17,2025-11-01,"60,812.00",0.00,292.37,239.49,20.13,188.27,"23,350.00","22,792.00","8,299.00","3,021.00","2,736.00","2,184.00",323.00,208.00,0.13,0.91,0.80,0.15,0.64,0.07,"3,021.00","2,609.00","2,104.00",214.00,64.00,0.86,0.81,0.10,0.30,0.02,"3,021.00","2,697.00","2,168.00",339.00,238.00,0.89,0.80,0.16,0.70,0.08,339.00,177.00,117.00,45.00,,238.00,206.00,32.00,,-,,,,,,,,,,,376.79,253.93,,,"60,812.00",0.00,"60,812.00","40,734.00","20,078.00",0.00,0.00,,0.00,0.00,0.00,"12,839.50","12,839.50","9,902.00",0.00,"5,153.00",0.00,"10,039.00","10,039.00",,0.00,0.00,0.00,0.00,0.00,0.00,0.00,0.00,,,,,,,,,,,,,,,,,,,"2,989.00",30.00,17.00,0.00,0.00,0.00,0.00,0.00,-,-
2025-11-24,2025-11-24,2025-11-01,"53,940.00",0.00,256.86,245.74,21.40,194.73,"22,532.00","21,929.00","8,268.00","2,521.00","2,238.00","1,835.00",277.00,210.00,0.11,0.89,0.82,0.15,0.76,0.08,"2,521.00","2,143.00","1,778.00",184.00,50.00,0.85,0.83,0.10,0.27,0.02,"2,521.00","2,229.00","1,842.00",326.00,237.00,0.88,0.83,0.18,0.73,0.09,326.00,161.00,128.00,37.00,,237.00,212.00,25.00,,-,,,,,,,,,,,323.38,219.50,,,"53,940.00",0.00,"53,940.00","34,861.00","19,079.00",0.00,0.00,,0.00,0.00,0.00,"11,015.50","11,015.50","7,788.00",0.00,"5,042.00",0.00,"9,539.50","9,539.50",,0.00,0.00,0.00,0.00,0.00,0.00,0.00,0.00,,,,,,,,,,,,,,,,,,,"3,363.00",23.00,13.00,0.00,0.00,0.00,0.00,0.00,-,-
2025-11-25,2025-11-24,2025-11-01,"59,760.00",0.00,304.90,257.78,20.58,186.75,"23,823.00","23,181.00","8,786.00","2,904.00","2,605.00","2,080.00",320.00,196.00,0.12,0.90,0.80,0.15,0.61,0.07,"2,904.00","2,487.00","2,015.00",194.00,43.00,0.86,0.81,0.10,0.22,0.01,"2,904.00","2,568.00","2,073.00",330.00,244.00,0.88,0.81,0.16,0.74,0.08,330.00,146.00,144.00,40.00,,244.00,213.00,31.00,,-,,,,,,,,,,,340.43,231.83,,,"59,760.00",0.00,"59,760.00","38,615.00","21,145.00",0.00,0.00,,0.00,0.00,0.00,"15,080.00","15,080.00","3,306.00",0.00,"5,149.00",0.00,"10,572.50","10,572.50",,0.00,0.00,0.00,0.00,0.00,0.00,0.00,0.00,,,,,,,,,,,,,,,,,,,"3,321.00",31.00,20.00,0.00,0.00,0.00,0.00,0.00,-,-
2025-11-26,2025-11-24,2025-11-01,"67,481.00",0.00,301.25,238.62,19.51,179.47,"21,466.00","20,752.00","10,564.00","3,459.00","3,126.00","2,592.00",376.00,224.00,0.16,0.90,0.83,0.15,0.60,0.06,"3,459.00","2,943.00","2,486.00",236.00,42.00,0.85,0.84,0.09,0.18,0.01,"3,459.00","3,072.00","2,591.00",398.00,263.00,0.89,0.84,0.15,0.66,0.08,398.00,204.00,144.00,50.00,,263.00,228.00,35.00,,-,,,,,,,,,,,412.67,282.80,,,"67,481.00",0.00,"67,481.00","37,706.00","29,775.00",0.00,0.00,,0.00,0.00,0.00,"15,085.50","15,085.50","2,511.00",0.00,"5,024.00",0.00,"14,887.50","14,887.50",,0.00,0.00,0.00,0.00,0.00,0.00,0.00,0.00,,,,,,,,,,,,,,,,,,,"4,137.00",278.00,251.00,0.00,0.00,0.00,0.00,0.00,-,-
2025-11-27,2025-11-24,2025-11-01,"83,456.00",0.00,361.28,243.15,20.91,174.59,"24,759.00","23,807.00","12,362.00","3,991.00","3,551.00","2,979.00",478.00,231.00,0.16,0.89,0.84,0.16,0.48,0.06,"3,991.00","3,368.00","2,868.00",282.00,46.00,0.84,0.85,0.10,0.16,0.01,"3,991.00","3,540.00","3,011.00",494.00,325.00,0.89,0.85,0.16,0.66,0.08,494.00,228.00,173.00,93.00,,325.00,262.00,63.00,,-,,,,,,,,,,,497.83,343.23,,,"83,456.00",0.00,"83,456.00","48,576.00","34,880.00",0.00,0.00,,0.00,0.00,0.00,"19,930.00","19,930.00","3,653.00",0.00,"5,063.00",0.00,"17,440.00","17,440.00",,0.00,0.00,0.00,0.00,0.00,0.00,0.00,0.00,,,,,,,,,,,,,,,,,,,"4,845.00",197.00,177.00,0.00,0.00,0.00,0.00,0.00,-,-
2025-11-28,2025-11-24,2025-11-01,"95,203.00",0.00,434.72,223.37,21.82,160.54,"26,212.00","25,224.00","13,734.00","4,364.00","3,936.00","3,313.00",593.00,219.00,0.17,0.90,0.84,0.18,0.37,0.05,"4,364.00","3,704.00","3,167.00",353.00,9.00,0.85,0.86,0.11,0.03,0.00,"4,364.00","3,877.00","3,310.00",540.00,370.00,0.89,0.85,0.16,0.69,0.08,540.00,273.00,207.00,60.00,,370.00,322.00,48.00,,-,,,,,,,,,,,616.68,426.22,,,"95,203.00",0.00,"95,203.00","54,500.00","40,703.00",0.00,0.00,,0.00,0.00,0.00,"22,947.50","22,947.50","3,774.00",0.00,"4,831.00",0.00,"20,351.50","20,351.50",,0.00,0.00,0.00,0.00,0.00,0.00,0.00,0.00,,,,,,,,,,,,,,,,,,,"6,039.00",371.00,327.00,0.00,0.00,0.00,0.00,0.00,-,-
2025-11-29,2025-11-24,2025-11-01,"92,921.00",0.00,306.67,244.22,22.32,198.55,"24,599.00","23,703.00","11,752.00","4,163.00","3,772.00","3,084.00",468.00,303.00,0.17,0.91,0.82,0.15,0.65,0.07,"4,163.00","3,546.00","2,951.00",312.00,42.00,0.85,0.83,0.11,0.13,0.01,"4,163.00","3,698.00","3,067.00",500.00,345.00,0.89,0.83,0.16,0.69,0.08,500.00,217.00,213.00,70.00,,345.00,295.00,50.00,,-,,,,,,,,,,,548.04,380.48,,,"92,921.00",0.00,"92,921.00","51,155.00","41,766.00",0.00,0.00,,0.00,0.00,0.00,"21,595.50","21,595.50","3,177.00",0.00,"4,787.00",0.00,"20,883.00","20,883.00",,0.00,0.00,0.00,0.00,0.00,0.00,0.00,0.00,,,,,,,,,,,,,,,,,,,"5,063.00",341.00,291.00,0.00,0.00,0.00,0.00,0.00,-,-
2025-11-30,2025-11-24,2025-11-01,"90,629.00",0.00,372.96,181.52,17.86,144.31,"27,984.00","27,044.00","13,934.00","5,074.00","4,595.00","3,758.00",628.00,243.00,0.18,0.91,0.82,0.17,0.39,0.05,"5,074.00","4,324.00","3,603.00",399.00,24.00,0.85,0.83,0.11,0.06,0.00,"5,074.00","4,521.00","3,764.00",597.00,421.00,0.89,0.83,0.16,0.71,0.08,597.00,287.00,209.00,101.00,,421.00,351.00,70.00,,-,,,,,,,,,,,714.18,499.27,,,"90,629.00",0.00,"90,629.00","44,882.00","45,747.00",0.00,0.00,,0.00,0.00,0.00,"17,894.00","17,894.00","4,569.00",0.00,"4,525.00",0.00,"22,873.50","22,873.50",,0.00,0.00,0.00,0.00,0.00,0.00,0.00,0.00,,,,,,,,,,,,,,,,,,,"5,536.00",364.00,301.00,0.00,0.00,0.00,0.00,0.00,-,-
2025-12-01,2025-12-01,2025-12-01,"89,706.00","89,432.00",227.10,281.55,23.85,219.87,"24,471.00","23,522.00","11,639.00","3,761.00","3,437.00","2,798.00",408.00,395.00,0.15,0.91,0.81,0.15,0.97,0.11,"3,761.00","3,260.00","2,683.00",257.00,50.00,0.87,0.82,0.10,0.19,0.01,"3,761.00","3,370.00","2,776.00",422.00,302.00,0.90,0.82,0.15,0.72,0.08,422.00,180.00,175.00,67.00,0.00,302.00,250.00,52.00,0.00,-,422.00,180.00,175.00,67.00,0.00,302.00,250.00,52.00,0.00,-,453.22,318.62,,,"89,706.00",0.00,"89,706.00","47,549.00","42,157.00",0.00,0.00,,0.00,0.00,0.00,"19,067.50","19,067.50","4,448.00",0.00,"4,966.00",0.00,"21,078.50","21,078.50",,"89,432.00",0.00,"89,432.00","42,583.00","4,966.00","41,883.00",0.00,0.00,0.00,"1,224.37",0.00,0.00,0.00,0.00,0.00,0.00,0.00,375.17,527.83,19.95,0.00,0.00,"3,045.00",0.00,"4,682.00",0.00,"4,693.00",93.00,64.00,0.00,0.00,0.00,"1,224.37","8,649.95",3.07,0.05
2025-12-02,2025-12-01,2025-12-01,"101,091.00","100,908.00",283.96,325.75,26.43,264.64,"23,831.00","22,948.00","10,655.00","3,825.00","3,370.00","2,657.00",382.00,356.00,0.16,0.88,0.79,0.14,0.93,0.09,"3,825.00","3,214.00","2,545.00",251.00,46.00,0.84,0.79,0.10,0.18,0.01,"3,825.00","3,334.00","2,629.00",386.00,266.00,0.87,0.79,0.15,0.69,0.07,386.00,119.00,206.00,61.00,0.00,266.00,225.00,41.00,0.00,-,386.00,119.00,206.00,61.00,0.00,266.00,225.00,41.00,0.00,-,441.07,310.33,,,"101,091.00",0.00,"101,091.00","50,427.00","50,664.00",0.00,0.00,,0.00,0.00,0.00,"19,622.00","19,622.00","6,077.00",0.00,"5,106.00",0.00,"25,332.00","25,332.00",,"100,908.00",0.00,"100,908.00","45,321.00","5,106.00","50,481.00",0.00,0.00,0.00,"1,407.81",0.00,0.00,0.00,0.00,0.00,0.00,0.00,423.55,552.87,35.34,0.00,0.00,"3,584.00",0.00,"3,629.00",0.00,"3,992.00",50.00,26.00,0.00,0.00,0.00,"1,407.81","8,224.76",2.72,0.05
2025-12-03,2025-12-01,2025-12-01,"79,831.00","79,609.00",266.99,276.08,25.17,238.30,"22,179.00","21,360.00","10,703.00","3,172.00","2,767.00","2,205.00",335.00,299.00,0.14,0.87,0.80,0.15,0.89,0.09,"3,172.00","2,649.00","2,140.00",240.00,36.00,0.84,0.81,0.11,0.15,0.01,"3,172.00","2,749.00","2,217.00",390.00,271.00,0.87,0.81,0.18,0.69,0.09,390.00,131.00,208.00,51.00,0.00,271.00,241.00,30.00,0.00,-,390.00,131.00,208.00,51.00,0.00,271.00,241.00,30.00,0.00,-,411.65,289.16,,,"79,831.00",0.00,"79,831.00","46,727.00","33,104.00",0.00,0.00,,0.00,0.00,0.00,"18,646.50","18,646.50","4,316.00",0.00,"5,118.00",0.00,"16,552.00","16,552.00",,"79,609.00",0.00,"79,609.00","41,609.00","5,118.00","32,882.00",0.00,0.00,0.00,"1,684.43",0.00,0.00,0.00,0.00,0.00,0.00,0.00,291.13,563.51,28.20,0.00,0.00,"2,714.00",0.00,"2,597.00",0.00,"4,341.00",30.00,16.00,0.00,0.00,0.00,"1,684.43","6,193.84",1.88,0.05
2025-12-04,2025-12-01,2025-12-01,"75,857.00","75,710.00",278.89,277.49,24.63,217.98,"20,769.00","19,958.00","9,735.00","3,080.00","2,725.00","2,199.00",348.00,272.00,0.15,0.88,0.81,0.16,0.78,0.09,"3,080.00","2,620.00","2,136.00",230.00,46.00,0.85,0.82,0.11,0.20,0.01,"3,080.00","2,718.00","2,221.00",354.00,229.00,0.88,0.82,0.16,0.65,0.07,354.00,136.00,189.00,29.00,0.00,229.00,208.00,21.00,0.00,-,354.00,136.00,189.00,29.00,0.00,229.00,208.00,21.00,0.00,-,389.15,273.36,,,"75,857.00",0.00,"75,857.00","48,464.00","27,393.00",0.00,0.00,,0.00,0.00,0.00,"19,490.50","19,490.50","4,332.00",0.00,"5,151.00",0.00,"13,696.50","13,696.50",,"75,710.00",0.00,"75,710.00","43,312.00","5,151.00","27,247.00",0.00,0.00,0.00,931.53,0.00,0.00,0.00,0.00,0.00,0.00,0.00,134.56,735.93,19.62,0.00,0.00,"2,252.00",0.00,"2,052.00",0.00,"4,046.00",37.00,22.00,0.00,0.00,0.00,931.53,"5,194.12",3.31,0.07
2025-12-05,2025-12-01,2025-12-01,"69,468.00","69,430.00",310.13,293.92,26.03,234.69,"16,998.00","16,399.00","8,074.00","2,669.00","2,366.00","1,850.00",296.00,224.00,0.16,0.89,0.78,0.16,0.76,0.08,"2,669.00","2,275.00","1,794.00",204.00,39.00,0.85,0.79,0.11,0.19,0.01,"2,669.00","2,358.00","1,861.00",345.00,240.00,0.88,0.79,0.19,0.70,0.09,345.00,102.00,213.00,30.00,0.00,240.00,222.00,18.00,0.00,-,345.00,102.00,213.00,30.00,0.00,240.00,222.00,18.00,0.00,-,336.88,236.35,,,"69,468.00",0.00,"69,468.00","53,050.00","16,418.00",0.00,0.00,,0.00,0.00,0.00,"22,303.50","22,303.50","3,362.00",0.00,"5,081.00",0.00,"8,209.00","8,209.00",,"69,430.00",0.00,"69,430.00","47,969.00","5,081.00","16,380.00",0.00,0.00,0.00,238.54,0.00,0.00,0.00,0.00,0.00,0.00,0.00,147.77,506.99,14.75,0.00,0.00,"1,799.00",0.00,"1,727.00",0.00,"3,377.00",41.00,25.00,0.00,0.00,0.00,238.54,"4,195.50",11.19,0.07
2025-12-06,2025-12-01,2025-12-01,"71,106.00","71,073.00",277.76,292.53,23.67,221.51,"17,498.00","16,880.00","7,927.00","3,004.00","2,699.00","2,100.00",321.00,256.00,0.17,0.90,0.78,0.15,0.80,0.09,"3,004.00","2,594.00","2,033.00",210.00,76.00,0.86,0.78,0.10,0.36,0.03,"3,004.00","2,683.00","2,098.00",322.00,231.00,0.89,0.78,0.15,0.72,0.08,322.00,90.00,198.00,34.00,,231.00,207.00,24.00,,-,322.00,90.00,198.00,34.00,,231.00,207.00,24.00,,-,346.16,243.07,,,"71,106.00",0.00,"71,106.00","55,957.00","15,149.00",0.00,0.00,,0.00,0.00,0.00,"23,026.00","23,026.00","4,719.00",0.00,"5,186.00",0.00,"7,574.50","7,574.50",,"71,073.00",0.00,"71,073.00","50,771.00","5,186.00","15,116.00",0.00,0.00,0.00,0.00,0.00,0.00,0.00,0.00,0.00,0.00,0.00,132.28,466.15,29.74,0.00,0.00,"2,009.00",0.00,"1,453.00",0.00,"3,133.00",41.00,31.00,0.00,0.00,0.00,0.00,"4,090.18",-,0.08
2025-12-07,2025-12-01,2025-12-01,"73,022.00","72,987.00",286.36,270.88,20.69,226.07,"20,085.00","19,481.00","8,883.00","3,530.00","3,175.00","2,466.00",323.00,255.00,0.18,0.90,0.78,0.13,0.79,0.07,"3,530.00","3,050.00","2,401.00",226.00,99.00,0.86,0.79,0.09,0.44,0.03,"3,530.00","3,145.00","2,478.00",378.00,276.00,0.89,0.79,0.15,0.73,0.08,378.00,118.00,206.00,54.00,,276.00,237.00,39.00,,-,378.00,118.00,206.00,54.00,,276.00,237.00,39.00,,-,383.65,269.57,,,"73,022.00",0.00,"73,022.00","54,101.00","18,921.00",0.00,0.00,,0.00,0.00,0.00,"21,018.50","21,018.50","6,997.00",0.00,"5,067.00",0.00,"9,460.50","9,460.50",,"72,987.00",0.00,"72,987.00","49,035.00","5,067.00","18,885.00",0.00,0.00,0.00,0.00,0.00,0.00,0.00,0.00,0.00,0.00,0.00,175.36,340.68,30.04,0.00,0.00,"3,139.00",0.00,"1,549.00",0.00,"3,145.00",44.00,18.00,0.00,0.00,0.00,0.00,"5,234.07",-,0.06
2025-12-08,2025-12-08,2025-12-01,"69,812.00","69,759.00",381.49,251.32,20.14,229.64,"19,575.00","18,956.00","9,110.00","3,466.00","3,102.00","2,369.00",304.00,183.00,0.18,0.89,0.76,0.13,0.60,0.05,"3,466.00","3,025.00","2,313.00",235.00,58.00,0.87,0.76,0.10,0.25,0.02,"3,466.00","3,113.00","2,383.00",409.00,286.00,0.90,0.77,0.17,0.70,0.08,409.00,154.00,213.00,42.00,0.00,286.00,254.00,32.00,0.00,-,409.00,154.00,213.00,42.00,0.00,286.00,254.00,32.00,0.00,-,394.54,277.78,,,"69,812.00",0.00,"69,812.00","50,752.00","19,060.00",0.00,0.00,,0.00,0.00,0.00,"19,620.50","19,620.50","6,412.00",0.00,"5,099.00",0.00,"9,530.00","9,530.00",,"69,759.00",0.00,"69,759.00","45,652.00","5,099.00","19,008.00",0.00,0.00,0.00,0.00,0.00,0.00,0.00,0.00,0.00,0.00,0.00,210.10,538.42,25.64,0.00,0.00,"2,819.00",0.00,"1,712.00",0.00,"3,365.00",42.00,23.00,0.00,0.00,0.00,0.00,"5,305.17",-,0.06
2025-12-09,2025-12-08,2025-12-01,"71,181.00","71,165.00",316.36,254.36,21.16,203.37,"18,936.00","18,328.00","8,894.00","3,364.00","3,013.00","2,292.00",350.00,225.00,0.18,0.90,0.76,0.15,0.64,0.07,"3,364.00","2,952.00","2,246.00",239.00,56.00,0.88,0.76,0.11,0.23,0.02,"3,364.00","3,030.00","2,309.00",409.00,289.00,0.90,0.76,0.18,0.71,0.09,409.00,128.00,228.00,53.00,,289.00,248.00,41.00,,-,409.00,128.00,228.00,53.00,,289.00,248.00,41.00,,-,397.29,279.84,,,"71,181.00",0.00,"71,181.00","50,197.00","20,984.00",0.00,0.00,,0.00,0.00,0.00,"20,237.50","20,237.50","4,683.00",0.00,"5,039.00",0.00,"10,492.00","10,492.00",,"71,165.00",0.00,"71,165.00","45,158.00","5,039.00","20,968.00",0.00,0.00,0.00,0.00,0.00,0.00,0.00,0.00,0.00,0.00,0.00,289.57,639.08,24.47,0.00,0.00,"2,535.00",0.00,"1,672.00",0.00,"3,230.00",24.00,17.00,0.00,0.00,0.00,0.00,"5,160.11",-,0.07
2025-12-10,2025-12-08,2025-12-01,"56,761.00","56,738.00",245.72,293.27,20.00,219.15,"16,345.00","15,754.00","7,980.00","2,838.00","2,565.00","1,979.00",259.00,231.00,0.17,0.90,0.77,0.13,0.89,0.08,"2,838.00","2,525.00","1,947.00",167.00,53.00,0.89,0.77,0.09,0.32,0.02,"2,838.00","2,596.00","2,007.00",299.00,209.00,0.91,0.77,0.15,0.70,0.07,299.00,95.00,177.00,27.00,,209.00,191.00,18.00,,-,299.00,95.00,177.00,27.00,,209.00,191.00,18.00,,-,275.14,193.54,,,"56,761.00",0.00,"56,761.00","41,249.00","15,512.00",0.00,0.00,,0.00,0.00,0.00,"16,583.00","16,583.00","3,049.00",0.00,"5,034.00",0.00,"7,756.00","7,756.00",,"56,738.00",0.00,"56,738.00","36,214.00","5,034.00","15,490.00",0.00,0.00,0.00,0.00,0.00,0.00,0.00,0.00,0.00,0.00,0.00,210.50,558.27,26.65,0.00,0.00,"1,996.00",0.00,"1,570.00",0.00,"3,068.00",25.00,15.00,0.00,0.00,0.00,0.00,"4,361.43",-,0.06
2025-12-11,2025-12-08,2025-12-01,"47,412.00","47,378.00",244.39,215.93,18.01,165.78,"15,269.00","14,704.00","7,378.00","2,632.00","2,367.00","1,791.00",286.00,194.00,0.17,0.90,0.76,0.16,0.68,0.07,"2,632.00","2,311.00","1,747.00",186.00,48.00,0.88,0.76,0.11,0.26,0.02,"2,632.00","2,382.00","1,806.00",311.00,232.00,0.91,0.76,0.17,0.75,0.09,311.00,105.00,166.00,40.00,,232.00,202.00,30.00,,-,311.00,105.00,166.00,40.00,,232.00,202.00,30.00,,-,313.03,219.58,,,"47,412.00",0.00,"47,412.00","31,854.00","15,558.00",0.00,0.00,,0.00,0.00,0.00,"12,322.00","12,322.00","2,189.00",0.00,"5,021.00",0.00,"7,779.00","7,779.00",,"47,378.00",0.00,"47,378.00","26,833.00","5,021.00","15,524.00",0.00,0.00,0.00,0.00,0.00,0.00,0.00,0.00,0.00,0.00,0.00,247.00,382.05,13.80,0.00,0.00,"1,985.00",0.00,"1,349.00",0.00,"2,889.00",23.00,14.00,0.00,0.00,0.00,0.00,"3,976.85",-,0.07
2025-12-12,2025-12-08,2025-12-01,"46,778.00","46,750.00",250.15,217.26,18.25,167.06,"16,687.00","16,148.00","7,860.00","2,563.00","2,287.00","1,717.00",280.00,187.00,0.15,0.89,0.75,0.16,0.67,0.07,"2,563.00","2,239.00","1,680.00",181.00,44.00,0.87,0.75,0.11,0.24,0.02,"2,563.00","2,315.00","1,746.00",293.00,207.00,0.90,0.75,0.17,0.71,0.08,293.00,98.00,164.00,31.00,,207.00,187.00,20.00,,-,293.00,98.00,164.00,31.00,,207.00,187.00,20.00,,-,307.32,215.31,,,"46,778.00",0.00,"46,778.00","33,414.00","13,364.00",0.00,0.00,,0.00,0.00,0.00,"12,825.50","12,825.50","2,740.00",0.00,"5,023.00",0.00,"6,682.00","6,682.00",,"46,750.00",0.00,"46,750.00","28,391.00","5,023.00","13,336.00",0.00,0.00,0.00,0.00,0.00,0.00,0.00,0.00,0.00,0.00,0.00,194.53,244.00,21.47,0.00,0.00,"1,670.00",0.00,"1,334.00",0.00,"3,003.00",22.00,10.00,0.00,0.00,0.00,0.00,"3,463.99",-,0.08
2025-12-13,2025-12-08,2025-12-01,"52,865.00","52,808.00",238.13,281.08,21.34,221.19,"15,495.00","14,942.00","7,135.00","2,477.00","2,265.00","1,687.00",239.00,222.00,0.16,0.91,0.74,0.14,0.93,0.09,"2,477.00","2,209.00","1,642.00",161.00,67.00,0.89,0.74,0.10,0.42,0.03,"2,477.00","2,266.00","1,687.00",285.00,218.00,0.91,0.74,0.17,0.76,0.09,285.00,107.00,148.00,30.00,,218.00,196.00,22.00,,-,285.00,107.00,148.00,30.00,,218.00,196.00,22.00,,-,269.25,188.08,,,"52,865.00",0.00,"52,865.00","33,326.00","19,539.00",0.00,0.00,,0.00,0.00,0.00,"12,667.00","12,667.00","2,968.00",0.00,"5,024.00",0.00,"9,769.50","9,769.50",,"52,808.00",0.00,"52,808.00","28,302.00","5,024.00","19,482.00",0.00,0.00,0.00,0.00,0.00,0.00,0.00,0.00,0.00,0.00,0.00,165.59,221.11,18.81,0.00,0.00,"1,348.00",0.00,"1,860.00",0.00,"2,781.00",19.00,10.00,0.00,0.00,0.00,0.00,"3,613.51",-,0.07
2025-12-14,2025-12-08,2025-12-01,"51,966.00","51,919.00",300.38,253.15,17.77,210.39,"17,498.00","16,901.00","7,589.00","2,924.00","2,636.00","1,967.00",247.00,173.00,0.17,0.90,0.75,0.13,0.70,0.06,"2,924.00","2,583.00","1,927.00",174.00,69.00,0.88,0.75,0.09,0.40,0.02,"2,924.00","2,664.00","1,990.00",334.00,252.00,0.91,0.75,0.17,0.75,0.09,334.00,119.00,174.00,41.00,,252.00,226.00,26.00,,-,334.00,119.00,174.00,41.00,,252.00,226.00,26.00,,-,293.68,205.28,,,"51,966.00",0.00,"51,966.00","35,038.00","16,928.00",0.00,0.00,,0.00,0.00,0.00,"12,845.50","12,845.50","4,310.00",0.00,"5,037.00",0.00,"8,464.00","8,464.00",,"51,919.00",0.00,"51,919.00","30,002.00","5,037.00","16,880.00",0.00,0.00,0.00,0.00,0.00,0.00,0.00,0.00,0.00,0.00,0.00,255.78,227.74,31.14,0.00,0.00,"1,958.00",0.00,"1,633.00",0.00,"2,535.00",30.00,23.00,0.00,0.00,0.00,0.00,"4,105.67",-,0.06
2025-12-15,2025-12-15,2025-12-01,"54,699.00","54,628.00",357.51,253.57,18.34,184.79,"17,706.00","17,134.00","8,076.00","2,983.00","2,687.00","2,010.00",296.00,153.00,0.17,0.90,0.75,0.15,0.52,0.05,"2,983.00","2,620.00","1,954.00",185.00,24.00,0.88,0.75,0.09,0.13,0.01,"2,983.00","2,707.00","2,022.00",339.00,241.00,0.91,0.75,0.17,0.71,0.08,339.00,109.00,185.00,45.00,,241.00,212.00,29.00,,-,339.00,109.00,185.00,45.00,,241.00,212.00,29.00,,-,308.40,215.72,,,"54,699.00",0.00,"54,699.00","36,274.00","18,425.00",0.00,0.00,,0.00,0.00,0.00,"13,803.00","13,803.00","3,683.00",0.00,"4,985.00",0.00,"9,212.50","9,212.50",,"54,628.00",0.00,"54,628.00","31,289.00","4,985.00","18,354.00",0.00,0.00,0.00,0.00,0.00,0.00,0.00,0.00,0.00,0.00,0.00,206.47,391.40,26.55,0.00,0.00,"1,852.00",0.00,"1,649.00",0.00,"2,682.00",19.00,10.00,0.00,0.00,0.00,0.00,"4,125.42",-,0.07
2025-12-16,2025-12-15,2025-12-01,"53,931.00","53,820.00",236.54,238.10,19.65,199.74,"17,114.00","16,528.00","7,751.00","2,744.00","2,501.00","1,876.00",270.00,228.00,0.16,0.91,0.75,0.14,0.84,0.08,"2,744.00","2,433.00","1,823.00",194.00,50.00,0.89,0.75,0.11,0.26,0.02,"2,744.00","2,501.00","1,878.00",339.00,245.00,0.91,0.75,0.18,0.72,0.09,339.00,115.00,174.00,50.00,,245.00,205.00,40.00,,-,339.00,115.00,174.00,50.00,,245.00,205.00,40.00,,-,323.23,226.50,,,"53,931.00",0.00,"53,931.00","33,874.00","20,007.00",50.00,0.00,,0.00,0.00,0.00,"12,478.00","12,478.00","3,943.00",0.00,"4,975.00",0.00,"10,003.50","10,003.50",,"53,820.00",0.00,"53,820.00","28,899.00","4,975.00","19,893.00",53.00,0.00,0.00,0.00,0.00,0.00,0.00,0.00,0.00,0.00,0.00,182.49,307.24,29.03,0.00,0.00,"1,493.00",0.00,"1,957.00",0.00,"2,820.00",26.00,13.00,0.00,0.00,0.00,0.00,"3,968.75",-,0.07
2025-12-17,2025-12-15,2025-12-01,"48,798.00","48,705.00",358.81,214.37,18.95,174.28,"15,180.00","14,620.00","7,113.00","2,575.00","2,360.00","1,751.00",280.00,136.00,0.17,0.92,0.74,0.16,0.49,0.05,"2,575.00","2,292.00","1,703.00",199.00,21.00,0.89,0.74,0.12,0.11,0.01,"2,575.00","2,354.00","1,749.00",314.00,225.00,0.91,0.74,0.18,0.72,0.09,314.00,119.00,175.00,20.00,,225.00,212.00,13.00,,-,314.00,119.00,175.00,20.00,,225.00,212.00,13.00,,-,325.27,227.63,,,"48,798.00",0.00,"48,798.00","32,408.00","16,340.00",50.00,0.00,,0.00,0.00,0.00,"13,064.50","13,064.50","4,186.00",0.00,"2,093.00",0.00,"8,170.00","8,170.00",,"48,705.00",0.00,"48,705.00","30,315.00","2,093.00","16,244.00",53.00,0.00,0.00,0.00,0.00,0.00,0.00,0.00,0.00,0.00,0.00,235.55,422.02,31.11,0.00,0.00,"1,414.00",0.00,"1,623.00",0.00,"2,581.00",19.00,13.00,0.00,0.00,0.00,0.00,"3,725.68",-,0.08
2025-12-18,2025-12-15,2025-12-01,"42,365.00","42,335.00",222.97,200.24,17.45,151.85,"14,105.00","13,565.00","6,814.00","2,428.00","2,195.00","1,624.00",279.00,190.00,0.17,0.90,0.74,0.17,0.68,0.08,"2,428.00","2,150.00","1,590.00",185.00,27.00,0.89,0.74,0.12,0.15,0.01,"2,428.00","2,211.00","1,640.00",328.00,228.00,0.91,0.74,0.20,0.70,0.09,328.00,150.00,153.00,25.00,,228.00,209.00,19.00,,-,328.00,150.00,153.00,25.00,,228.00,209.00,19.00,,-,302.20,211.57,,,"42,365.00",0.00,"42,365.00","31,729.00","10,586.00",50.00,0.00,,0.00,0.00,0.00,"12,722.00","12,722.00","4,054.00",0.00,"2,231.00",0.00,"5,293.00","5,293.00",,"42,335.00",0.00,"42,335.00","29,498.00","2,231.00","10,553.00",53.00,0.00,0.00,0.00,0.00,0.00,0.00,0.00,0.00,0.00,0.00,216.81,366.55,31.29,0.00,0.00,"1,241.00",0.00,"1,285.00",0.00,"2,527.00",15.00,11.00,0.00,0.00,0.00,0.00,"3,140.65",-,0.09
2025-12-19,2025-12-15,2025-12-01,"33,567.00","33,547.00",138.71,173.30,18.45,119.46,"12,070.00","11,489.00","5,775.00","1,819.00","1,653.00","1,238.00",281.00,242.00,0.15,0.91,0.75,0.23,0.86,0.13,"1,819.00","1,619.00","1,211.00",170.00,49.00,0.89,0.75,0.14,0.29,0.03,"1,819.00","1,666.00","1,246.00",275.00,201.00,0.92,0.75,0.22,0.73,0.11,275.00,143.00,106.00,26.00,,201.00,182.00,19.00,,-,275.00,143.00,106.00,26.00,,201.00,182.00,19.00,,-,276.76,193.70,,,"33,567.00",0.00,"33,567.00","24,181.00","9,337.00",49.00,0.00,,0.00,0.00,0.00,"9,712.00","9,712.00","3,529.00",0.00,"1,228.00",0.00,"4,668.50","4,668.50",,"33,547.00",0.00,"33,547.00","22,953.00","1,228.00","9,313.00",53.00,0.00,0.00,0.00,0.00,0.00,0.00,0.00,0.00,0.00,0.00,218.22,251.92,27.25,0.00,0.00,892.00,0.00,895.00,0.00,"2,468.00",16.00,11.00,0.00,0.00,0.00,0.00,"2,284.39",-,0.12
2025-12-20,2025-12-15,2025-12-01,"35,604.00","35,602.00",210.67,184.43,19.22,147.12,"11,603.00","11,188.00","5,448.00","1,852.00","1,703.00","1,286.00",242.00,169.00,0.16,0.92,0.76,0.19,0.70,0.09,"1,852.00","1,668.00","1,260.00",168.00,52.00,0.90,0.76,0.13,0.31,0.03,"1,852.00","1,715.00","1,297.00",294.00,223.00,0.93,0.76,0.23,0.76,0.12,294.00,144.00,125.00,25.00,,223.00,205.00,18.00,,-,294.00,144.00,125.00,25.00,,223.00,205.00,18.00,,-,275.33,193.05,,,"35,604.00",0.00,"35,604.00","26,436.00","9,120.00",48.00,0.00,,0.00,0.00,0.00,"9,558.00","9,558.00","3,862.00",0.00,"3,458.00",0.00,"4,560.00","4,560.00",,"35,602.00",0.00,"35,602.00","22,978.00","3,458.00","9,114.00",52.00,0.00,0.00,0.00,0.00,0.00,0.00,0.00,0.00,0.00,0.00,191.75,292.83,25.55,0.00,0.00,"1,039.00",0.00,836.00,0.00,"2,325.00",17.00,9.00,0.00,0.00,0.00,0.00,"2,385.12",-,0.10
2025-12-21,2025-12-15,2025-12-01,"43,310.00","43,287.00",227.95,231.22,19.53,195.97,"13,902.00","13,422.00","6,074.00","2,218.00","1,977.00","1,483.00",221.00,190.00,0.16,0.89,0.75,0.15,0.86,0.09,"2,218.00","1,943.00","1,457.00",160.00,64.00,0.88,0.75,0.11,0.40,0.03,"2,218.00","2,014.00","1,514.00",292.00,211.00,0.91,0.75,0.19,0.72,0.10,292.00,150.00,108.00,34.00,,211.00,184.00,27.00,,-,292.00,150.00,108.00,34.00,,211.00,184.00,27.00,,-,267.07,187.31,,,"43,310.00",0.00,"43,310.00","31,742.00","11,518.00",50.00,0.00,,0.00,0.00,0.00,"11,244.00","11,244.00","5,068.00",0.00,"4,186.00",0.00,"5,759.00","5,759.00",,"43,287.00",0.00,"43,287.00","27,556.00","4,186.00","11,492.00",53.00,0.00,0.00,0.00,0.00,0.00,0.00,467.00,0.00,278.00,0.00,229.28,207.79,37.86,0.00,0.00,10.00,0.00,34.00,0.00,"2,224.00",16.00,11.00,0.00,0.00,0.00,745.00,518.92,2.98,0.43
2025-12-22,2025-12-22,2025-12-01,"38,210.00","38,180.00",219.60,211.82,20.27,149.84,"12,399.00","11,902.00","5,917.00","1,885.00","1,698.00","1,272.00",255.00,174.00,0.15,0.90,0.75,0.20,0.68,0.09,"1,885.00","1,656.00","1,241.00",160.00,59.00,0.88,0.75,0.13,0.37,0.03,"1,885.00","1,704.00","1,278.00",288.00,213.00,0.90,0.75,0.23,0.74,0.11,288.00,136.00,129.00,23.00,,213.00,193.00,20.00,,-,288.00,136.00,129.00,23.00,,213.00,193.00,20.00,,-,257.33,180.39,,,"38,210.00",0.00,"38,210.00","31,822.00","6,338.00",50.00,0.00,,0.00,0.00,0.00,"10,623.00","10,623.00","4,161.00",0.00,"6,415.00",0.00,"3,169.00","3,169.00",,"38,180.00",0.00,"38,180.00","25,407.00","6,416.00","6,304.00",53.00,0.00,0.00,0.00,0.00,0.00,0.00,272.00,0.00,220.00,0.00,218.83,283.17,35.62,0.00,0.00,12.00,0.00,44.00,0.00,"2,331.00",18.00,13.00,0.00,0.00,0.00,492.00,593.62,3.83,0.43
2025-12-23,2025-12-22,2025-12-01,"36,562.00","36,559.00",250.42,268.04,23.08,155.58,"11,241.00","10,805.00","5,238.00","1,584.00","1,465.00","1,093.00",235.00,146.00,0.14,0.92,0.75,0.22,0.62,0.09,"1,584.00","1,421.00","1,061.00",121.00,26.00,0.90,0.75,0.11,0.21,0.02,"1,584.00","1,460.00","1,095.00",207.00,155.00,0.92,0.75,0.19,0.75,0.10,207.00,121.00,67.00,19.00,,155.00,141.00,14.00,,-,207.00,121.00,67.00,19.00,,155.00,141.00,14.00,,-,194.45,136.41,,,"36,562.00",0.00,"36,562.00","30,029.00","6,032.00",501.00,0.00,,0.00,0.00,0.00,"9,267.00","9,267.00","3,984.00",0.00,"7,511.00",0.00,"3,016.00","3,016.00",,"36,559.00",0.00,"36,559.00","22,518.00","7,511.00","5,998.00",532.00,0.00,0.00,0.00,0.00,0.00,0.00,190.00,0.00,224.00,0.00,182.22,220.67,26.54,0.00,0.00,9.00,0.00,46.00,0.00,"2,245.00",8.00,6.00,0.00,0.00,0.00,414.00,484.44,3.83,0.49
2025-12-24,2025-12-22,2025-12-01,"32,001.00","32,003.00",192.78,245.22,23.86,166.67,"9,418.00","9,071.00","4,351.00","1,341.00","1,188.00",886.00,192.00,166.00,0.14,0.89,0.75,0.22,0.86,0.12,"1,341.00","1,160.00",863.00,116.00,41.00,0.87,0.74,0.13,0.35,0.03,"1,341.00","1,203.00",901.00,189.00,136.00,0.90,0.75,0.21,0.72,0.10,189.00,113.00,57.00,19.00,,136.00,120.00,16.00,,-,189.00,113.00,57.00,19.00,,136.00,120.00,16.00,,-,186.18,130.50,,,"32,001.00",0.00,"32,001.00","25,243.00","6,259.00",499.00,0.00,,0.00,0.00,0.00,"7,848.50","7,848.50","2,521.00",0.00,"7,025.00",0.00,"3,129.50","3,129.50",,"32,003.00",0.00,"32,003.00","18,219.00","7,025.00","6,230.00",529.00,0.00,0.00,0.00,0.00,0.00,0.00,141.00,0.00,228.00,0.00,247.03,133.78,16.53,0.00,0.00,8.00,0.00,57.00,0.00,"1,781.00",12.00,10.00,0.00,0.00,0.00,369.00,462.34,3.63,0.42
2025-12-25,2025-12-22,2025-12-01,"29,276.00","29,287.00",201.90,212.83,22.61,150.13,"8,217.00","7,942.00","3,793.00","1,295.00","1,175.00",871.00,195.00,145.00,0.16,0.91,0.74,0.22,0.74,0.11,"1,295.00","1,154.00",854.00,123.00,58.00,0.89,0.74,0.14,0.47,0.04,"1,295.00","1,198.00",889.00,200.00,160.00,0.93,0.74,0.22,0.80,0.12,200.00,114.00,64.00,22.00,,160.00,146.00,14.00,,-,200.00,114.00,64.00,22.00,,160.00,146.00,14.00,,-,196.69,137.55,,,"29,276.00",0.00,"29,276.00","24,233.00","4,546.00",497.00,0.00,,0.00,0.00,0.00,"7,765.50","7,765.50","2,806.00",0.00,"5,896.00",0.00,"2,273.00","2,273.00",,"29,287.00",0.00,"29,287.00","18,338.00","5,895.00","4,526.00",528.00,0.00,0.00,0.00,0.00,0.00,0.00,166.00,0.00,203.00,0.00,188.03,235.23,31.89,0.00,0.00,5.00,0.00,46.00,0.00,"1,401.00",13.00,10.00,0.00,0.00,0.00,369.00,506.16,3.51,0.39
2025-12-26,2025-12-22,2025-12-01,"164,267.00","161,503.00",608.40,280.98,25.20,233.00,"35,257.00","34,527.00","14,075.00","6,519.00","5,994.00","4,817.00",705.00,270.00,0.18,0.92,0.80,0.15,0.38,0.04,"6,519.00","5,804.00","4,676.00",482.00,131.00,0.89,0.81,0.10,0.27,0.02,"6,519.00","6,002.00","4,848.00",847.00,633.00,0.92,0.81,0.17,0.75,0.10,847.00,456.00,228.00,163.00,,633.00,525.00,108.00,,-,847.00,456.00,228.00,163.00,,633.00,525.00,108.00,,-,837.35,584.61,,,"164,267.00","13,636.00","150,631.00","57,506.00","88,087.00","5,038.00",0.00,,0.00,"13,636.00",0.00,"19,072.50","19,072.50","10,212.00",0.00,"9,149.00",0.00,"44,043.50","44,043.50",,"161,503.00","10,588.00","150,915.00","48,357.00","9,149.00","88,074.00","5,335.00",0.00,0.00,0.00,0.00,0.00,0.00,900.00,0.00,"1,439.00",0.00,404.67,667.80,87.97,0.00,0.00,20.00,0.00,140.00,0.00,"4,387.00",617.00,579.00,0.00,0.00,0.00,"2,339.00","1,320.44",2.79,0.53
2025-12-27,2025-12-22,2025-12-01,"159,849.00","155,785.00",419.55,217.65,16.61,196.13,"48,819.00","47,269.00","19,084.00","9,626.00","8,824.00","7,031.00",815.00,381.00,0.20,0.92,0.80,0.12,0.47,0.04,"9,626.00","8,615.00","6,863.00",582.00,106.00,0.89,0.80,0.08,0.18,0.01,"9,626.00","8,866.00","7,076.00","1,067.00",820.00,0.92,0.80,0.15,0.77,0.09,"1,067.00",498.00,291.00,278.00,,820.00,604.00,216.00,,-,"1,067.00",498.00,291.00,278.00,,820.00,604.00,216.00,,-,"1,056.89",734.43,,,"159,849.00","16,020.00","143,829.00","68,752.00","70,173.00","4,904.00",0.00,,0.00,"16,020.00",0.00,"24,831.50","24,831.50","9,807.00",0.00,"9,282.00",0.00,"35,086.50","35,086.50",,"155,785.00","11,752.00","144,033.00","59,470.00","9,283.00","70,078.00","5,202.00",0.00,0.00,0.00,0.00,0.00,0.00,"2,987.00",0.00,"2,384.00",0.00,354.97,871.15,86.73,0.00,0.00,64.00,0.00,270.00,0.00,"4,125.00",235.00,216.00,0.00,0.00,0.00,"5,371.00","1,646.84",1.79,0.49
2025-12-28,2025-12-22,2025-12-01,"188,331.00","184,416.00",594.10,206.90,18.20,186.65,"53,567.00","51,724.00","20,469.00","10,347.00","9,428.00","7,601.00","1,009.00",317.00,0.19,0.91,0.81,0.13,0.31,0.03,"10,347.00","9,231.00","7,440.00",729.00,57.00,0.89,0.81,0.10,0.08,0.01,"10,347.00","9,468.00","7,639.00","1,239.00",931.00,0.92,0.81,0.16,0.75,0.09,"1,239.00",576.00,333.00,330.00,,931.00,685.00,246.00,,-,"1,239.00",576.00,333.00,330.00,,931.00,685.00,246.00,,-,"1,311.77",910.27,,,"188,331.00","18,430.00","169,901.00","88,842.00","78,295.00","2,764.00",0.00,,0.00,"18,430.00",0.00,"34,014.00","34,014.00","10,005.00",0.00,"10,809.00",0.00,"39,147.50","39,147.50",,"184,416.00","14,507.00","169,909.00","78,033.00","10,809.00","78,140.00","2,927.00",0.00,0.00,0.00,0.00,0.00,0.00,"2,824.00",0.00,"3,557.00",0.00,253.99,"1,244.98",85.85,0.00,0.00,62.00,0.00,381.00,0.00,"3,743.00",85.00,77.00,0.00,0.00,0.00,"6,381.00","2,027.82",1.62,0.50
2025-12-29,2025-12-29,2025-12-01,"226,180.00","228,881.00",282.02,238.82,20.90,201.23,"59,917.00","57,837.00","22,907.00","10,820.00","9,777.00","7,946.00","1,124.00",802.00,0.18,0.90,0.81,0.14,0.71,0.07,"10,820.00","9,530.00","7,748.00",779.00,123.00,0.88,0.81,0.10,0.16,0.01,"10,820.00","9,855.00","8,031.00","1,294.00",974.00,0.91,0.81,0.16,0.75,0.09,"1,294.00",653.00,375.00,266.00,,974.00,770.00,204.00,,-,"1,294.00",653.00,375.00,266.00,,974.00,770.00,204.00,,-,"1,371.63",947.09,,,"226,180.00","35,431.00","190,749.00","105,057.00","83,270.00","2,422.00",0.00,,0.00,"35,431.00",0.00,"36,241.00","36,241.00","18,755.00",0.00,"13,820.00",0.00,"41,635.00","41,635.00",,"228,881.00","38,302.00","190,579.00","91,237.00","13,820.00","82,947.00","2,575.00",0.00,0.00,0.00,0.00,0.00,0.00,"2,939.00",0.00,"4,246.00",0.00,862.08,"1,345.78",142.55,0.00,0.00,78.00,0.00,524.00,0.00,"6,147.00",456.00,429.00,0.00,0.00,0.00,"7,185.00","2,952.40",1.51,0.38
2025-12-30,2025-12-29,2025-12-01,"220,290.00","223,790.00",226.87,276.25,24.43,221.62,"51,434.00","49,374.00","19,849.00","9,019.00","8,244.00","6,543.00",994.00,971.00,0.18,0.91,0.79,0.15,0.98,0.11,"9,019.00","8,026.00","6,366.00",676.00,204.00,0.89,0.79,0.11,0.30,0.02,"9,019.00","8,219.00","6,521.00","1,097.00",819.00,0.91,0.79,0.17,0.75,0.09,"1,097.00",496.00,407.00,194.00,,819.00,681.00,138.00,,-,"1,097.00",496.00,407.00,194.00,,819.00,681.00,138.00,,-,"1,159.60",797.44,,,"220,290.00","38,503.00","181,787.00","105,181.00","73,639.00","2,967.00",0.00,,0.00,"38,503.00",0.00,"36,319.50","36,319.50","20,666.00",0.00,"11,876.00",0.00,"36,819.50","36,819.50",,"223,790.00","42,022.00","181,768.00","93,305.00","11,876.00","73,443.00","3,144.00",0.00,0.00,0.00,0.00,0.00,0.00,"2,081.00",0.00,"3,919.00",0.00,773.26,"1,190.63",142.62,0.00,0.00,78.00,0.00,514.00,0.00,"5,714.00",187.00,161.00,0.00,0.00,0.00,"6,000.00","2,698.50",1.50,0.37
2025-12-31,2025-12-29,2025-12-01,"200,360.00","204,801.00",286.23,287.16,26.46,217.55,"43,903.00","42,276.00","16,815.00","7,571.00","6,811.00","5,486.00",921.00,700.00,0.17,0.90,0.81,0.17,0.76,0.09,"7,571.00","6,650.00","5,354.00",591.00,195.00,0.88,0.81,0.11,0.33,0.03,"7,571.00","6,832.00","5,507.00",930.00,725.00,0.90,0.81,0.17,0.78,0.10,930.00,371.00,348.00,211.00,,725.00,567.00,158.00,,-,930.00,371.00,348.00,211.00,,725.00,567.00,158.00,,-,"1,017.95",697.73,,,"200,360.00","34,523.00","165,837.00","91,408.00","72,059.00","2,370.00",0.00,,0.00,"34,523.00",0.00,"35,477.00","35,477.00","14,023.00",0.00,"6,431.00",0.00,"36,029.50","36,029.50",,"204,801.00","39,116.00","165,685.00","84,977.00","6,431.00","71,759.00","2,518.00",0.00,0.00,0.00,0.00,0.00,0.00,"1,744.00",0.00,"3,197.00",0.00,667.69,"1,502.93",94.63,0.00,0.00,76.00,0.00,481.00,0.00,"4,606.00",46.00,38.00,0.00,0.00,0.00,"4,941.00","2,822.24",1.53,0.33
2026-01-01,2025-12-29,2026-01-01,"216,709.00","222,446.00",343.44,236.46,18.23,174.91,"64,140.00","61,952.00","27,012.00","11,885.00","10,814.00","8,867.00","1,239.00",631.00,0.19,0.91,0.82,0.14,0.51,0.05,"11,885.00","10,516.00","8,624.00",774.00,171.00,0.88,0.82,0.09,0.22,0.01,"11,885.00","10,841.00","8,898.00","1,303.00","1,010.00",0.91,0.82,0.15,0.78,0.08,"1,303.00",623.00,453.00,227.00,,"1,010.00",843.00,167.00,,-,"1,303.00",623.00,453.00,227.00,,"1,010.00",843.00,167.00,,-,"1,336.88",916.48,162.10,236.46,"216,709.00","44,697.00","172,012.00","96,561.00","71,784.00","3,667.00",0.00,,0.00,"44,697.00",0.00,"35,836.50","35,836.50","19,657.00",0.00,"5,231.00",0.00,"53,206.32",,"18,577.61","222,446.00","50,529.00","171,917.00","91,330.00","5,231.00","71,458.00","3,898.00",0.00,0.00,0.00,0.00,0.00,0.00,"2,303.00",0.00,"3,509.00",0.00,733.74,"1,475.88",130.75,0.00,0.00,70.00,0.00,447.00,0.00,"8,933.00","1,261.00","1,150.00","783,621.00","374,157.00","4,151.00","5,812.00","2,857.37",2.04,0.43
2026-01-02,2025-12-29,2026-01-01,"209,761.00","213,931.00",364.17,230.60,21.65,173.21,"51,595.00","49,594.00","21,534.00","9,689.00","8,770.00","7,006.00","1,211.00",576.00,0.19,0.91,0.80,0.17,0.48,0.06,"9,689.00","8,529.00","6,806.00",793.00,89.00,0.88,0.80,0.12,0.11,0.01,"9,689.00","8,739.00","6,977.00","1,180.00",897.00,0.90,0.80,0.17,0.76,0.09,"1,180.00",553.00,466.00,161.00,,897.00,778.00,119.00,,-,"1,180.00",553.00,466.00,161.00,,897.00,778.00,119.00,,-,"1,323.99",909.62,158.43,230.60,"209,761.00","32,063.00","177,698.00","101,689.00","70,109.00","5,900.00",0.00,,0.00,"32,063.00",0.00,"38,492.50","38,492.50","19,747.00",0.00,"4,957.00",0.00,"52,882.70",,"17,226.21","213,931.00","36,103.00","177,828.00","96,732.00","4,957.00","69,884.00","6,255.00",0.00,0.00,0.00,0.00,0.00,0.00,"2,123.00",0.00,"4,872.00",0.00,"1,459.93","1,564.10",126.87,0.00,0.00,93.00,0.00,596.00,0.00,"6,134.00",320.00,277.00,"96,773.00","50,929.00","4,037.00","6,995.00","3,839.90",1.39,0.32
2026-01-03,2025-12-29,2026-01-01,"213,047.00","217,960.00",239.65,257.43,22.56,205.64,"52,465.00","50,553.00","20,407.00","9,442.00","8,450.00","6,698.00","1,036.00",889.00,0.18,0.89,0.79,0.15,0.86,0.09,"9,442.00","8,238.00","6,523.00",710.00,135.00,0.87,0.79,0.11,0.19,0.01,"9,442.00","8,469.00","6,707.00","1,122.00",865.00,0.90,0.79,0.17,0.77,0.09,"1,122.00",484.00,453.00,185.00,,865.00,726.00,139.00,,-,"1,122.00",484.00,453.00,185.00,,865.00,726.00,139.00,,-,"1,202.47",827.59,177.17,257.43,"213,047.00","35,368.00","177,679.00","102,930.00","68,564.00","6,185.00",0.00,,0.00,"35,368.00",0.00,"37,730.50","37,730.50","19,196.00",0.00,"8,273.00",0.00,"52,581.32",,"15,982.27","217,960.00","40,173.00","177,787.00","94,656.00","8,273.00","68,300.00","6,558.00",0.00,0.00,0.00,0.00,0.00,0.00,"1,845.00",0.00,"3,406.00",0.00,"1,090.14","1,519.27",114.60,0.00,0.00,58.00,0.00,490.00,0.00,"5,570.00",109.00,89.00,"100,144.00","50,463.00","5,127.00","5,251.00","3,272.02",1.80,0.32
2026-01-04,2025-12-29,2026-01-01,"229,668.00","233,686.00",249.10,280.41,23.59,225.83,"52,864.00","50,913.00","20,328.00","9,735.00","8,742.00","6,940.00","1,017.00",922.00,0.18,0.90,0.79,0.15,0.91,0.09,"9,735.00","8,534.00","6,787.00",703.00,149.00,0.88,0.80,0.10,0.21,0.02,"9,735.00","8,746.00","6,955.00","1,110.00",829.00,0.90,0.80,0.16,0.75,0.09,"1,110.00",462.00,470.00,178.00,,829.00,695.00,134.00,,-,"1,110.00",462.00,470.00,178.00,,829.00,695.00,134.00,,-,"1,189.55",819.04,193.07,280.41,"229,668.00","37,562.00","192,106.00","104,392.00","83,484.00","4,230.00",0.00,,0.00,"37,562.00",0.00,"35,659.50","35,659.50","22,755.00",0.00,"10,318.00",0.00,"62,609.63",,"20,874.21","233,686.00","41,575.00","192,111.00","94,074.00","10,318.00","83,238.00","4,481.00",0.00,0.00,0.00,0.00,0.00,0.00,"2,198.00",0.00,"3,796.00",0.00,512.44,"1,791.43",133.64,0.00,0.00,68.00,0.00,423.00,0.00,"5,575.00",85.00,74.00,"100,050.00","49,935.00","4,774.00","5,994.00","2,928.52",1.62,0.35
2026-01-05,2026-01-05,2026-01-01,"211,148.00","214,266.00",277.10,286.84,23.53,201.67,"52,607.00","50,861.00","20,955.00","8,972.00","8,019.00","6,334.00","1,047.00",762.00,0.17,0.89,0.79,0.17,0.73,0.08,"8,972.00","7,783.00","6,138.00",636.00,125.00,0.87,0.79,0.10,0.20,0.01,"8,972.00","7,976.00","6,301.00","1,009.00",750.00,0.89,0.79,0.16,0.74,0.08,"1,009.00",491.00,384.00,134.00,,750.00,659.00,91.00,,-,"1,009.00",491.00,384.00,134.00,,750.00,659.00,91.00,,-,"1,069.77",736.12,197.38,286.84,"211,148.00","20,636.00","190,512.00","114,649.00","71,310.00","4,553.00",0.00,,0.00,"20,636.00",0.00,"39,531.00","39,531.00","20,846.00",0.00,"14,741.00",0.00,"52,943.35",,"18,366.73","214,266.00","23,774.00","190,492.00","99,907.00","14,741.00","71,008.00","4,836.00",0.00,0.00,0.00,0.00,0.00,0.00,"1,786.00",0.00,"3,394.00",0.00,"1,340.96","1,286.02",125.86,0.00,0.00,53.00,0.00,453.00,0.00,"7,306.00",398.00,365.00,"939,601.00","372,835.00","5,962.00","5,180.00","3,258.83",1.73,0.32
2026-01-06,2026-01-05,2026-01-01,"200,105.00","203,632.00",268.60,298.17,24.02,220.38,"50,831.00","49,027.00","19,137.00","8,330.00","7,371.00","5,856.00",908.00,745.00,0.16,0.88,0.79,0.16,0.82,0.09,"8,330.00","7,192.00","5,697.00",576.00,91.00,0.86,0.79,0.10,0.16,0.01,"8,330.00","7,354.00","5,834.00",924.00,696.00,0.88,0.79,0.16,0.75,0.08,924.00,397.00,382.00,145.00,,696.00,590.00,106.00,,-,924.00,397.00,382.00,145.00,,696.00,590.00,106.00,,-,975.49,671.12,205.13,298.17,"200,105.00","11,985.00","188,120.00","110,379.00","72,318.00","5,423.00",0.00,,0.00,"11,985.00",0.00,"38,028.00","38,028.00","21,219.00",0.00,"13,104.00",0.00,"51,323.44",,"20,994.23","203,632.00","15,290.00","188,342.00","97,275.00","13,104.00","72,236.00","5,727.00",0.00,0.00,0.00,0.00,0.00,0.00,"1,748.00",0.00,"3,092.00",0.00,751.38,"1,847.30",118.50,0.00,0.00,52.00,0.00,425.00,0.00,"6,186.00",128.00,115.00,"241,674.00","98,573.00","5,797.00","4,840.00","3,194.18",1.72,0.28
2026-01-07,2026-01-05,2026-01-01,"190,523.00","194,602.00",332.50,306.16,26.97,222.57,"44,011.00","42,415.00","17,500.00","7,064.00","6,434.00","5,135.00",856.00,573.00,0.16,0.91,0.80,0.17,0.67,0.08,"7,064.00","6,268.00","4,993.00",535.00,71.00,0.89,0.80,0.11,0.13,0.01,"7,064.00","6,427.00","5,127.00",839.00,589.00,0.91,0.80,0.16,0.70,0.08,839.00,373.00,323.00,143.00,,589.00,495.00,94.00,,-,839.00,373.00,323.00,143.00,,589.00,495.00,94.00,,-,906.37,622.29,210.20,306.16,"190,523.00","16,555.00","173,968.00","89,216.00","79,624.00","5,128.00",0.00,,0.00,"16,555.00",0.00,"36,404.00","36,404.00","14,774.00",0.00,"1,634.00",0.00,"59,731.60",,"19,892.36","194,602.00","20,402.00","174,200.00","87,582.00","1,634.00","79,574.00","5,410.00",0.00,0.00,0.00,0.00,0.00,0.00,"1,590.00",0.00,"2,900.00",0.00,675.03,"1,525.97",89.68,0.00,0.00,53.00,0.00,377.00,0.00,"5,323.00",73.00,60.00,"196,210.00","92,966.00","4,797.00","4,490.00","2,720.68",1.57,0.31
2026-01-08,2026-01-05,2026-01-01,"189,754.00","193,233.00",284.49,330.51,27.07,236.90,"43,483.00","41,797.00","17,843.00","7,010.00","6,393.00","5,100.00",801.00,667.00,0.16,0.91,0.80,0.16,0.83,0.10,"7,010.00","6,209.00","4,947.00",501.00,112.00,0.89,0.80,0.10,0.22,0.02,"7,010.00","6,375.00","5,087.00",797.00,583.00,0.91,0.80,0.16,0.73,0.08,797.00,363.00,306.00,128.00,,583.00,493.00,90.00,,-,797.00,363.00,306.00,128.00,,583.00,493.00,90.00,,-,836.87,574.12,226.74,330.51,"189,754.00","11,349.00","178,405.00","87,790.00","85,027.00","5,588.00",0.00,,0.00,"11,349.00",0.00,"34,073.00","34,073.00","18,464.00",0.00,"1,180.00",0.00,"65,533.69",,"19,493.31","193,233.00","14,661.00","178,572.00","86,610.00","1,180.00","84,877.00","5,905.00",0.00,0.00,0.00,0.00,0.00,0.00,"1,495.00",0.00,"2,966.00",0.00,480.78,"1,553.01",89.59,0.00,0.00,43.00,0.00,384.00,0.00,"6,278.00",278.00,258.00,"932,661.00","352,495.00","4,861.00","4,461.00","2,550.37",1.57,0.31
2026-01-09,2026-01-05,2026-01-01,"169,296.00","172,747.00",215.66,324.42,29.25,220.72,"38,840.00","37,275.00","15,335.00","5,788.00","5,259.00","4,210.00",767.00,785.00,0.15,0.91,0.80,0.18,1.02,0.14,"5,788.00","5,106.00","4,080.00",451.00,105.00,0.88,0.80,0.11,0.23,0.02,"5,788.00","5,248.00","4,194.00",714.00,535.00,0.91,0.80,0.17,0.75,0.09,714.00,313.00,279.00,122.00,,535.00,443.00,92.00,,-,714.00,313.00,279.00,122.00,,535.00,443.00,92.00,,-,758.88,521.84,223.09,324.42,"169,296.00","13,932.00","155,364.00","71,975.00","75,907.00","7,482.00",0.00,,0.00,"13,932.00",0.00,"26,084.00","26,084.00","17,663.00",0.00,"2,144.00",0.00,"57,105.46",,"18,801.13","172,747.00","17,012.00","155,735.00","69,831.00","2,144.00","75,870.00","7,890.00",0.00,0.00,0.00,0.00,0.00,0.00,"1,381.00",0.00,"2,672.00",0.00,578.41,912.14,98.44,0.00,0.00,46.00,0.00,365.00,0.00,"5,375.00",89.00,72.00,"154,302.00","67,257.00","4,096.00","4,053.00","1,999.99",1.43,0.38
2026-01-10,2026-01-05,2026-01-01,"153,057.00","156,563.00",238.04,333.49,28.23,250.50,"35,945.00","34,575.00","13,782.00","5,421.00","5,016.00","3,932.00",611.00,643.00,0.15,0.93,0.78,0.16,1.05,0.12,"5,421.00","4,872.00","3,822.00",392.00,149.00,0.90,0.78,0.10,0.38,0.03,"5,421.00","5,000.00","3,934.00",672.00,524.00,0.92,0.79,0.17,0.78,0.10,672.00,307.00,246.00,119.00,,524.00,433.00,91.00,,-,672.00,307.00,246.00,119.00,,524.00,433.00,91.00,,-,666.27,458.96,229.72,333.49,"153,057.00","8,589.00","144,468.00","69,696.00","64,816.00","9,956.00",0.00,,0.00,"8,589.00",0.00,"23,946.00","23,946.00","18,314.00",0.00,"3,490.00",0.00,"45,502.75",,"19,313.24","156,563.00","11,576.00","144,987.00","66,207.00","3,490.00","64,789.00","10,501.00",0.00,0.00,0.00,0.00,0.00,0.00,"1,420.00",0.00,"2,014.00",0.00,571.89,739.99,102.55,0.00,0.00,38.00,0.00,258.00,0.00,"4,686.00",58.00,46.00,"218,852.00","99,609.00","4,906.00","3,434.00","1,710.44",1.58,0.36
2026-01-11,2026-01-05,2026-01-01,"159,126.00","161,409.00",287.23,323.01,25.41,247.09,"39,029.00","37,772.00","15,594.00","6,263.00","5,815.00","4,678.00",644.00,554.00,0.16,0.93,0.80,0.14,0.86,0.09,"6,263.00","5,650.00","4,542.00",425.00,173.00,0.90,0.80,0.09,0.41,0.03,"6,263.00","5,777.00","4,642.00",706.00,531.00,0.92,0.80,0.15,0.75,0.08,706.00,355.00,243.00,108.00,,531.00,465.00,66.00,,-,706.00,355.00,243.00,108.00,,531.00,465.00,66.00,,-,715.37,492.64,222.44,323.01,"159,126.00","14,048.00","145,078.00","74,505.00","62,804.00","7,769.00",0.00,,0.00,"14,048.00",0.00,"24,701.50","24,701.50","20,044.00",0.00,"5,058.00",0.00,"41,271.66",,"21,532.06","161,409.00","15,944.00","145,465.00","69,447.00","5,058.00","62,759.00","8,201.00",0.00,0.00,0.00,0.00,0.00,0.00,"1,599.00",0.00,"1,849.00",0.00,677.62,947.62,96.56,0.00,0.00,35.00,0.00,244.00,0.00,"5,200.00",206.00,180.00,"903,091.00","336,699.00","4,015.00","3,448.00","2,000.81",1.82,0.32
2026-01-12,2026-01-12,2026-01-01,"140,962.00","144,633.00",277.48,298.85,25.01,212.93,"36,422.00","35,006.00","14,948.00","5,636.00","5,176.00","4,170.00",662.00,508.00,0.15,0.92,0.81,0.16,0.77,0.09,"5,636.00","5,002.00","4,027.00",413.00,128.00,0.89,0.81,0.10,0.31,0.02,"5,636.00","5,132.00","4,129.00",671.00,484.00,0.91,0.80,0.16,0.72,0.09,671.00,311.00,259.00,101.00,,484.00,416.00,68.00,,-,671.00,311.00,259.00,101.00,,484.00,416.00,68.00,,-,683.11,471.68,206.35,298.85,"140,962.00","10,142.00","130,820.00","71,374.00","54,193.00","5,253.00",0.00,,0.00,"10,142.00",0.00,"25,168.50","25,168.50","17,689.00",0.00,"3,348.00",0.00,"34,309.25",,"19,883.38","144,633.00","13,586.00","131,047.00","68,026.00","3,348.00","54,117.00","5,556.00",0.00,0.00,0.00,0.00,0.00,0.00,"1,390.00",0.00,"1,964.00",0.00,745.45,695.34,90.30,0.00,0.00,48.00,0.00,235.00,0.00,"5,002.00",90.00,79.00,"163,766.00","76,398.00","4,265.00","3,354.00","1,814.08",1.68,0.36
2026-01-14,2026-01-12,2026-01-01,"139,473.00","150,414.00",301.89,286.93,21.78,220.34,"41,471.00","40,093.00","16,484.00","6,405.00","5,857.00","4,741.00",633.00,462.00,0.15,0.91,0.81,0.13,0.73,0.07,"6,405.00","5,683.00","4,597.00",402.00,114.00,0.89,0.81,0.09,0.28,0.02,"6,405.00","5,803.00","4,694.00",696.00,512.00,0.91,0.81,0.15,0.74,0.08,696.00,351.00,228.00,117.00,,512.00,437.00,75.00,,-,696.00,351.00,228.00,117.00,,512.00,437.00,75.00,,-,705.75,486.09,197.62,286.93,"139,473.00","14,854.00","124,619.00","50,834.00","58,798.00","14,987.00",0.00,,0.00,"14,854.00",0.00,"17,842.00","17,842.00","9,976.00",0.00,"5,174.00",0.00,"35,522.19",,"23,275.61","150,414.00","10,795.00","139,619.00","45,660.00","5,174.00","72,898.00","15,887.00",0.00,0.00,0.00,0.00,0.00,0.00,"1,686.00",0.00,"1,918.00",0.00,315.74,566.84,69.39,0.00,0.00,50.00,0.00,244.00,0.00,"5,487.00",322.00,291.00,"980,000.00","431,395.00","4,692.00","3,604.00","1,245.97",1.78,0.51
2026-01-13,2026-01-12,2026-01-01,"162,132.00","144,495.00",336.37,335.74,26.26,238.08,"37,642.00","36,312.00","15,197.00","6,173.00","5,632.00","4,503.00",681.00,482.00,0.16,0.91,0.80,0.15,0.71,0.08,"6,173.00","5,492.00","4,382.00",417.00,117.00,0.89,0.80,0.10,0.28,0.02,"6,173.00","5,633.00","4,497.00",700.00,509.00,0.91,0.80,0.16,0.73,0.08,700.00,278.00,324.00,98.00,,509.00,441.00,68.00,,-,700.00,278.00,324.00,98.00,,509.00,441.00,68.00,,-,699.80,482.91,231.68,335.74,"162,132.00","9,244.00","152,888.00","74,216.00","73,037.00","5,635.00",0.00,,0.00,"9,244.00",0.00,"28,154.00","28,154.00","13,790.00",0.00,"4,118.00",0.00,"46,790.49",,"26,246.99","144,495.00","5,603.00","138,892.00","70,099.00","4,118.00","58,711.00","5,964.00",0.00,0.00,0.00,0.00,0.00,0.00,"1,822.00",0.00,"1,707.00",0.00,430.88,"1,264.08",113.49,0.00,0.00,52.00,0.00,258.00,0.00,"4,735.00",68.00,51.00,"134,380.00","60,270.00","4,245.00","3,529.00","2,118.46",1.75,0.32
2026-01-15,2026-01-12,2026-01-01,"191,357.00","188,552.00",371.57,360.61,28.06,267.26,"46,489.00","44,773.00","16,981.00","6,819.00","6,183.00","4,906.00",716.00,515.00,0.15,0.91,0.79,0.15,0.72,0.08,"6,819.00","6,031.00","4,783.00",430.00,136.00,0.88,0.79,0.09,0.32,0.02,"6,819.00","6,213.00","4,936.00",760.00,575.00,0.91,0.79,0.15,0.76,0.08,760.00,334.00,237.00,189.00,,575.00,441.00,134.00,,-,760.00,334.00,237.00,189.00,,575.00,441.00,134.00,,-,773.26,530.65,247.47,360.61,"191,357.00","12,969.00","178,388.00","52,451.00","111,920.00","14,017.00",0.00,,0.00,"12,969.00",0.00,"18,273.00","18,273.00","9,328.00",0.00,"6,577.00",0.00,"78,466.59",,"33,453.67","188,552.00","9,351.00","179,201.00","45,874.00","6,577.00","112,002.00","14,748.00",0.00,0.00,0.00,0.00,0.00,0.00,"2,103.00",0.00,"2,936.00",0.00,339.06,694.12,75.82,0.00,0.00,53.00,0.00,309.00,0.00,"4,905.00",112.00,97.00,"182,743.00","87,257.00","3,923.00","5,039.00","1,471.00",1.35,0.49
2026-01-16,2026-01-12,2026-01-01,"170,651.00","166,534.00",313.12,316.23,26.41,241.72,"42,632.00","41,005.00","15,925.00","6,462.00","5,825.00","4,609.00",706.00,545.00,0.15,0.90,0.79,0.15,0.77,0.08,"6,462.00","5,678.00","4,492.00",442.00,137.00,0.88,0.79,0.10,0.31,0.02,"6,462.00","5,836.00","4,619.00",742.00,558.00,0.90,0.79,0.16,0.75,0.09,742.00,324.00,257.00,161.00,,558.00,444.00,114.00,,-,742.00,324.00,257.00,161.00,,558.00,444.00,114.00,,-,785.40,539.65,217.28,316.23,"170,651.00","13,411.00","157,240.00","55,571.00","101,615.00",54.00,0.00,,0.00,"13,411.00",0.00,"18,291.00","18,291.00","11,362.00",0.00,"7,627.00",0.00,"70,836.28",,"30,778.36","166,534.00","9,340.00","157,194.00","47,945.00","7,627.00","101,565.00",57.00,0.00,0.00,0.00,0.00,0.00,0.00,"2,243.00",0.00,"2,473.00",0.00,201.72,690.38,102.07,0.00,0.00,51.00,0.00,370.00,0.00,"4,549.00",47.00,39.00,"108,955.00","52,633.00","3,540.00","4,716.00","1,415.17",1.37,0.50
2026-01-17,2026-01-12,2026-01-01,"158,190.00","154,475.00",310.79,332.22,23.67,269.03,"43,069.00","41,546.00","15,495.00","6,683.00","6,103.00","4,742.00",588.00,509.00,0.16,0.91,0.78,0.12,0.87,0.08,"6,683.00","5,942.00","4,609.00",384.00,160.00,0.89,0.78,0.08,0.42,0.02,"6,683.00","6,091.00","4,733.00",682.00,518.00,0.91,0.78,0.14,0.76,0.08,682.00,294.00,208.00,180.00,,518.00,389.00,129.00,,-,682.00,294.00,208.00,180.00,,518.00,389.00,129.00,,-,693.78,476.16,228.01,332.22,"158,190.00","7,784.00","150,406.00","59,017.00","91,385.00",4.00,0.00,,0.00,"7,784.00",0.00,"18,463.00","18,463.00","11,176.00",0.00,"10,915.00",0.00,"62,282.86",,"29,101.83","154,475.00","3,960.00","150,515.00","48,102.00","10,915.00","91,494.00",4.00,0.00,0.00,0.00,0.00,0.00,0.00,"2,287.00",0.00,"2,349.00",0.00,276.91,644.87,70.19,0.00,0.00,48.00,0.00,284.00,0.00,"4,202.00",52.00,40.00,"169,730.00","77,100.00","5,036.00","4,636.00","1,323.96",1.44,0.44
2026-01-18,2026-01-12,2026-01-01,"176,401.00","172,051.00",364.46,323.66,22.69,260.18,"47,168.00","45,593.00","17,060.00","7,773.00","7,061.00","5,479.00",678.00,484.00,0.16,0.91,0.78,0.12,0.71,0.06,"7,773.00","6,910.00","5,350.00",437.00,195.00,0.89,0.77,0.08,0.45,0.03,"7,773.00","7,068.00","5,479.00",750.00,602.00,0.91,0.78,0.14,0.80,0.08,750.00,316.00,232.00,202.00,,602.00,441.00,161.00,,-,750.00,316.00,232.00,202.00,,602.00,441.00,161.00,,-,794.32,545.02,222.08,323.66,"176,401.00","14,309.00","162,092.00","58,108.00","103,982.00",2.00,0.00,,0.00,"14,309.00",0.00,"18,144.00","18,144.00","8,744.00",0.00,"13,076.00",0.00,"67,814.90",,"36,167.38","172,051.00","10,037.00","162,014.00","45,032.00","13,076.00","103,904.00",2.00,0.00,0.00,0.00,0.00,0.00,0.00,"2,891.00",0.00,"2,586.00",0.00,276.40,908.32,69.74,0.00,0.00,53.00,0.00,283.00,0.00,"4,181.00",43.00,35.00,"135,020.00","62,365.00","4,129.00","5,477.00","1,590.46",1.42,0.43
2026-01-19,2026-01-19,2026-01-01,"169,510.00","165,779.00",391.48,379.41,25.37,282.52,"44,012.00","42,429.00","16,853.00","6,682.00","6,060.00","4,646.00",600.00,433.00,0.15,0.91,0.77,0.13,0.72,0.06,"6,682.00","5,909.00","4,529.00",365.00,115.00,0.88,0.77,0.08,0.32,0.02,"6,682.00","6,057.00","4,651.00",666.00,513.00,0.91,0.77,0.14,0.77,0.08,666.00,296.00,221.00,149.00,,513.00,409.00,104.00,,-,666.00,296.00,221.00,149.00,,513.00,409.00,104.00,,-,652.76,446.77,259.68,379.41,"169,510.00","16,248.00","153,262.00","58,768.00","94,493.00",1.00,0.00,,0.00,"16,248.00",0.00,"17,893.00","17,893.00","9,281.00",0.00,"13,701.00",0.00,"60,463.47",,"34,029.96","165,779.00","12,514.00","153,265.00","45,067.00","13,701.00","94,496.00",1.00,0.00,0.00,0.00,0.00,0.00,0.00,"2,385.00",0.00,"2,339.00",0.00,261.12,704.53,65.08,0.00,0.00,40.00,0.00,278.00,0.00,"5,181.00",43.00,35.00,"128,800.00","66,933.00","4,759.00","4,724.00","1,348.72",1.41,0.44
2026-01-20,2026-01-19,2026-01-01,"170,179.00","166,434.00",335.66,332.25,25.91,254.00,"43,427.00","41,796.00","16,209.00","6,567.00","5,923.00","4,624.00",670.00,507.00,0.15,0.90,0.78,0.14,0.76,0.08,"6,567.00","5,782.00","4,512.00",423.00,119.00,0.88,0.78,0.09,0.28,0.02,"6,567.00","5,928.00","4,633.00",701.00,523.00,0.90,0.78,0.15,0.75,0.08,701.00,319.00,214.00,168.00,,523.00,405.00,118.00,,-,701.00,319.00,214.00,168.00,,523.00,405.00,118.00,,-,749.80,512.21,226.97,332.25,"170,179.00","17,353.00","152,826.00","62,683.00","90,142.00",1.00,0.00,,0.00,"17,353.00",0.00,"18,726.50","18,726.50","10,789.00",0.00,"14,441.00",0.00,"55,966.43",,"34,176.02","166,434.00","13,565.00","152,869.00","48,242.00","14,441.00","90,185.00",1.00,0.00,0.00,0.00,0.00,0.00,0.00,"2,261.00",0.00,"1,929.00",0.00,218.56,786.63,69.74,0.00,0.00,63.00,0.00,259.00,0.00,"4,815.00",48.00,31.00,"109,086.00","55,413.00","4,447.00","4,190.00","1,396.93",1.57,0.48
2026-01-21,2026-01-19,2026-01-01,"168,781.00","164,539.00",359.87,349.77,24.44,266.64,"44,510.00","42,916.00","17,309.00","6,906.00","6,289.00","4,933.00",633.00,469.00,0.16,0.91,0.78,0.13,0.74,0.07,"6,906.00","6,124.00","4,794.00",397.00,103.00,0.89,0.78,0.08,0.26,0.01,"6,906.00","6,284.00","4,932.00",715.00,549.00,0.91,0.78,0.14,0.77,0.08,715.00,365.00,204.00,146.00,,549.00,441.00,108.00,,-,715.00,365.00,204.00,146.00,,549.00,441.00,108.00,,-,705.96,482.55,239.08,349.77,"168,781.00","20,866.00","147,915.00","60,990.00","86,925.00",0.00,0.00,,0.00,"20,866.00",0.00,"17,724.50","17,724.50","10,831.00",0.00,"14,710.00",0.00,"54,979.19",,"31,945.85","164,539.00","16,462.00","148,077.00","46,279.00","14,710.00","87,088.00",0.00,0.00,0.00,0.00,0.00,0.00,0.00,"2,101.00",0.00,"1,898.00",0.00,200.13,512.54,74.19,0.00,0.00,48.00,0.00,256.00,0.00,"5,838.00",435.00,398.00,"783,537.00","325,397.00","4,652.00","3,999.00","1,090.86",1.73,0.58
2026-01-22,2026-01-19,2026-01-01,"177,870.00","174,174.00",322.23,374.05,27.36,262.73,"46,779.00","45,048.00","17,096.00","6,502.00","5,881.00","4,543.00",677.00,552.00,0.14,0.90,0.77,0.15,0.82,0.08,"6,502.00","5,733.00","4,411.00",385.00,111.00,0.88,0.77,0.09,0.29,0.02,"6,502.00","5,842.00","4,497.00",674.00,501.00,0.90,0.77,0.15,0.74,0.08,674.00,312.00,203.00,159.00,,501.00,395.00,106.00,,-,674.00,312.00,203.00,159.00,,501.00,395.00,106.00,,-,696.43,475.53,255.40,374.05,"177,870.00","18,984.00","158,886.00","66,439.00","92,447.00",0.00,0.00,,0.00,"18,984.00",0.00,"20,510.00","20,510.00","10,073.00",0.00,"15,346.00",0.00,"57,812.81",,"34,633.76","174,174.00","14,968.00","159,206.00","51,093.00","15,346.00","92,767.00",0.00,0.00,0.00,0.00,0.00,0.00,0.00,"2,455.00",0.00,"2,338.00",0.00,625.60,601.36,80.86,0.00,0.00,57.00,0.00,282.00,0.00,"5,248.00",146.00,130.00,"326,056.00","145,789.00","4,753.00","4,793.00","1,646.82",1.36,0.41
2026-01-23,2026-01-19,2026-01-01,"165,765.00","162,540.00",290.31,324.35,28.86,216.40,"42,537.00","40,883.00","15,689.00","5,743.00","5,179.00","3,995.00",766.00,571.00,0.14,0.90,0.77,0.19,0.75,0.10,"5,743.00","5,028.00","3,874.00",414.00,141.00,0.88,0.77,0.11,0.34,0.02,"5,743.00","5,151.00","3,967.00",667.00,504.00,0.90,0.77,0.17,0.76,0.09,667.00,331.00,168.00,168.00,,504.00,387.00,117.00,,-,667.00,331.00,168.00,168.00,,504.00,387.00,117.00,,-,750.53,511.07,220.87,324.35,"165,765.00","16,256.00","149,509.00","62,186.00","87,323.00",0.00,0.00,,0.00,"16,256.00",0.00,"19,667.00","19,667.00","8,416.00",0.00,"14,436.00",0.00,"53,335.86",,"33,987.37","162,540.00","12,798.00","149,742.00","47,750.00","14,436.00","87,556.00",0.00,0.00,0.00,0.00,0.00,0.00,0.00,"2,188.00",0.00,"1,758.00",0.00,518.64,336.49,56.17,0.00,0.00,70.00,0.00,342.00,0.00,"4,948.00",63.00,48.00,"191,236.00","68,986.00","4,152.00","3,946.00","1,323.29",1.46,0.58
2026-01-24,2026-01-19,2026-01-01,"172,634.00","169,020.00",333.91,332.58,27.00,264.78,"44,748.00","43,098.00","15,600.00","6,393.00","5,739.00","4,396.00",652.00,517.00,0.14,0.90,0.77,0.15,0.79,0.08,"6,393.00","5,630.00","4,308.00",417.00,155.00,0.88,0.77,0.10,0.37,0.02,"6,393.00","5,776.00","4,419.00",650.00,497.00,0.90,0.77,0.15,0.76,0.08,650.00,288.00,203.00,159.00,,497.00,386.00,111.00,,-,650.00,288.00,203.00,159.00,,497.00,386.00,111.00,,-,761.56,519.08,226.68,332.58,"172,634.00","13,105.00","159,529.00","67,038.00","92,491.00",0.00,0.00,,0.00,"13,105.00",0.00,"19,981.00","19,981.00","11,887.00",0.00,"15,189.00",0.00,"58,013.06",,"34,478.04","169,020.00","9,334.00","159,686.00","51,848.00","15,189.00","92,649.00",0.00,0.00,0.00,0.00,0.00,0.00,0.00,"2,514.00",0.00,"1,847.00",0.00,572.21,522.80,69.96,0.00,0.00,47.00,0.00,312.00,0.00,"4,356.00",41.00,34.00,"107,842.00","51,190.00","4,049.00","4,361.00","1,523.97",1.47,0.43
2026-01-25,2026-01-19,2026-01-01,"191,848.00","188,612.00",382.17,341.50,26.57,278.04,"49,345.00","47,581.00","17,215.00","7,221.00","6,579.00","5,018.00",690.00,502.00,0.15,0.91,0.76,0.14,0.73,0.07,"7,221.00","6,405.00","4,876.00",452.00,169.00,0.89,0.76,0.09,0.37,0.02,"7,221.00","6,542.00","4,978.00",736.00,558.00,0.91,0.76,0.15,0.76,0.08,736.00,376.00,185.00,175.00,,558.00,427.00,131.00,,-,736.00,376.00,185.00,175.00,,558.00,427.00,131.00,,-,823.67,561.78,232.92,341.50,"191,848.00","21,369.00","170,479.00","68,428.00","102,051.00",0.00,0.00,,0.00,"21,369.00",0.00,"20,740.50","20,740.50","10,358.00",0.00,"16,589.00",0.00,"62,309.29",,"39,742.06","188,612.00","17,826.00","170,786.00","51,839.00","16,589.00","102,358.00",0.00,0.00,0.00,0.00,0.00,0.00,0.00,"2,903.00",0.00,"2,026.00",0.00,919.13,422.05,71.89,0.00,0.00,53.00,0.00,312.00,0.00,"4,622.00",46.00,34.00,"127,148.00","63,606.00","3,948.00","4,929.00","1,778.07",1.47,0.39
2026-01-26,2026-01-26,2026-01-01,"122,639.00","118,843.00",232.71,367.74,31.42,206.46,"26,486.00","25,513.00","12,372.00","3,903.00","3,558.00","2,846.00",594.00,527.00,0.15,0.91,0.80,0.21,0.89,0.14,"3,903.00","3,427.00","2,735.00",301.00,122.00,0.88,0.80,0.11,0.41,0.03,"3,903.00","3,501.00","2,787.00",485.00,359.00,0.90,0.80,0.17,0.74,0.09,485.00,284.00,168.00,33.00,,359.00,337.00,22.00,,-,485.00,284.00,168.00,33.00,,359.00,337.00,22.00,,-,488.69,333.49,250.95,367.74,"122,639.00","20,045.00","102,594.00","68,154.00","34,440.00",0.00,0.00,,0.00,"20,045.00",0.00,"21,560.50","21,560.50","9,967.00",0.00,"15,066.00",0.00,"25,690.80",,"8,749.45","118,843.00","16,054.00","102,789.00","53,089.00","15,066.00","34,634.00",0.00,0.00,0.00,0.00,0.00,0.00,0.00,791.00,0.00,"1,305.00",0.00,741.57,674.60,63.91,0.00,0.00,31.00,0.00,226.00,0.00,"5,160.00",41.00,31.00,"112,864.00","56,592.00","4,077.00","2,096.00","1,737.09",1.86,0.34
2026-01-27,2026-01-26,2026-01-01,"81,857.00","79,298.00",174.54,309.64,29.07,160.50,"19,991.00","19,153.00","10,781.00","2,816.00","2,601.00","2,063.00",510.00,469.00,0.14,0.92,0.79,0.25,0.92,0.17,"2,816.00","2,518.00","1,992.00",254.00,110.00,0.89,0.79,0.13,0.43,0.04,"2,816.00","2,562.00","2,030.00",409.00,318.00,0.91,0.79,0.20,0.78,0.11,409.00,233.00,171.00,5.00,,318.00,314.00,4.00,,-,409.00,233.00,171.00,5.00,,318.00,314.00,4.00,,-,387.90,264.36,211.03,309.64,"81,857.00","17,235.00","64,622.00","64,622.00",0.00,0.00,0.00,,0.00,"17,235.00",0.00,"19,602.50","19,602.50","8,768.00",0.00,"16,649.00",0.00,0.00,,0.00,"79,298.00","14,676.00","64,622.00","47,973.00","16,649.00",0.00,0.00,0.00,0.00,0.00,0.00,0.00,0.00,164.00,0.00,541.00,0.00,601.85,517.64,70.98,0.00,0.00,19.00,0.00,127.00,0.00,"5,542.00",68.00,42.00,"206,024.00","95,038.00","4,532.00",705.00,"1,336.46",3.99,0.38
2026-01-28,2026-01-26,2026-01-01,"75,368.00","72,936.00",158.67,250.01,20.48,120.40,"23,346.00","22,401.00","13,152.00","3,680.00","3,400.00","2,843.00",626.00,475.00,0.16,0.92,0.84,0.22,0.76,0.13,"3,680.00","3,280.00","2,742.00",289.00,111.00,0.89,0.84,0.11,0.38,0.03,"3,680.00","3,353.00","2,804.00",493.00,382.00,0.91,0.84,0.18,0.77,0.10,493.00,308.00,184.00,1.00,,382.00,381.00,1.00,,-,493.00,308.00,184.00,1.00,,382.00,381.00,1.00,,-,441.78,301.46,170.60,250.01,"75,368.00","15,384.00","59,984.00","59,984.00",0.00,0.00,0.00,,0.00,"15,384.00",0.00,"19,376.00","19,376.00","10,207.00",0.00,"11,025.00",0.00,0.00,,0.00,"72,936.00","12,952.00","59,984.00","48,959.00","11,025.00",0.00,0.00,0.00,0.00,0.00,0.00,0.00,0.00,130.00,0.00,266.00,0.00,520.31,475.80,72.22,0.00,0.00,18.00,0.00,111.00,0.00,"7,515.00",607.00,544.00,"973,717.00","406,878.00","5,056.00",396.00,"1,197.33",9.29,0.52
2026-01-29,2026-01-26,2026-01-01,"72,956.00","55,896.00",153.92,238.81,19.79,118.44,"21,916.00","20,953.00","12,430.00","3,686.00","3,376.00","2,826.00",616.00,474.00,0.17,0.92,0.84,0.22,0.77,0.13,"3,686.00","3,244.00","2,718.00",294.00,112.00,0.88,0.84,0.11,0.38,0.03,"3,686.00","3,361.00","2,817.00",480.00,364.00,0.91,0.84,0.17,0.76,0.10,480.00,292.00,186.00,2.00,,364.00,362.00,2.00,,-,480.00,292.00,186.00,2.00,,364.00,362.00,2.00,,-,448.87,305.50,162.53,238.81,"72,956.00","17,060.00","55,896.00","55,896.00",0.00,0.00,0.00,,0.00,"17,060.00",0.00,"18,865.00","18,865.00","10,300.00",0.00,"7,866.00",0.00,0.00,,0.00,"55,896.00",0.00,"55,896.00","48,030.00","7,866.00",0.00,0.00,0.00,0.00,0.00,0.00,0.00,0.00,120.00,0.00,239.00,0.00,447.45,466.06,73.92,0.00,0.00,15.00,0.00,94.00,0.00,"6,248.00",352.00,312.00,"411,238.00","126,453.00","4,204.00",359.00,"1,096.43",10.27,0.56
2026-01-30,2026-01-26,2026-01-01,"74,276.00","53,242.00",147.37,236.96,26.36,111.53,"18,828.00","17,933.00","10,490.00","2,818.00","2,595.00","2,105.00",666.00,504.00,0.15,0.92,0.81,0.32,0.76,0.18,"2,818.00","2,509.00","2,029.00",304.00,123.00,0.89,0.81,0.15,0.40,0.04,"2,818.00","2,569.00","2,079.00",442.00,353.00,0.91,0.81,0.21,0.80,0.13,442.00,247.00,190.00,5.00,,353.00,349.00,4.00,,-,442.00,247.00,190.00,5.00,,353.00,349.00,4.00,,-,461.89,313.46,160.81,236.96,"74,276.00","21,033.00","53,243.00","53,243.00",0.00,0.00,0.00,,0.00,"21,033.00",0.00,"17,914.50","17,914.50","9,009.00",0.00,"8,405.00",0.00,0.00,,0.00,"53,242.00",0.00,"53,242.00","44,837.00","8,405.00",0.00,0.00,0.00,0.00,0.00,0.00,0.00,0.00,82.00,0.00,194.00,0.00,494.75,629.67,56.67,0.00,0.00,12.00,0.00,101.00,0.00,"5,262.00",107.00,90.00,"382,110.00","144,140.00","4,523.00",276.00,"1,294.09",10.21,0.51
2026-01-31,2026-01-26,2026-01-01,"66,927.00","52,273.00",111.55,158.39,15.65,66.73,"25,657.00","24,715.00","14,479.00","4,276.00","4,074.00","3,456.00","1,003.00",600.00,0.17,0.95,0.85,0.29,0.60,0.14,"4,276.00","3,823.00","3,236.00",405.00,144.00,0.89,0.85,0.13,0.36,0.03,"4,276.00","3,929.00","3,326.00",587.00,439.00,0.92,0.85,0.18,0.75,0.10,587.00,408.00,175.00,4.00,,439.00,435.00,4.00,,-,587.00,408.00,175.00,4.00,,439.00,435.00,4.00,,-,623.05,422.54,107.42,158.39,"66,927.00","14,653.00","52,274.00","52,274.00",0.00,0.00,0.00,,0.00,"14,653.00",0.00,"17,101.00","17,101.00","8,970.00",0.00,"9,102.00",0.00,0.00,,0.00,"52,273.00",0.00,"52,273.00","43,171.00","9,102.00",0.00,0.00,0.00,0.00,0.00,0.00,0.00,0.00,72.00,0.00,148.00,0.00,523.12,425.21,53.27,0.00,0.00,15.00,0.00,80.00,0.00,"7,972.00",930.00,829.00,"1,012,207.00","412,781.00","4,618.00",220.00,"1,096.60",19.44,0.91
2026-02-01,2026-01-26,2026-02-01,"51,239.00","51,239.00",110.91,218.66,21.34,119.16,"19,869.00","18,996.00","10,296.00","2,401.00","2,201.00","1,761.00",430.00,462.00,0.12,0.92,0.80,0.24,1.07,0.19,"2,401.00","2,115.00","1,694.00",229.00,81.00,0.88,0.80,0.14,0.35,0.03,"2,401.00","2,182.00","1,753.00",336.00,262.00,0.91,0.80,0.19,0.78,0.11,336.00,206.00,128.00,2.00,,262.00,260.00,2.00,,-,336.00,206.00,128.00,2.00,,262.00,260.00,2.00,,-,347.11,234.33,147.61,218.66,"51,239.00",0.00,"51,239.00","51,239.00",0.00,0.00,0.00,,0.00,0.00,0.00,"17,152.00","17,152.00","10,602.00",0.00,"6,333.00",0.00,0.00,,0.00,"51,239.00",0.00,"51,239.00","44,906.00","6,333.00",0.00,0.00,0.00,0.00,0.00,0.00,0.00,0.00,22.00,0.00,99.00,0.00,655.00,186.24,67.06,0.00,0.00,1.00,0.00,34.00,0.00,"5,355.00",163.00,135.00,"81,858.00","36,778.00","3,307.00",121.00,943.30,19.84,0.46
2026-02-02,2026-02-02,2026-02-01,"103,943.00","104,345.00",257.92,358.91,25.57,239.50,"38,248.00","37,024.00","13,913.00","4,065.00","3,636.00","2,685.00",434.00,403.00,0.11,0.89,0.74,0.16,0.93,0.10,"4,065.00","3,546.00","2,613.00",243.00,67.00,0.87,0.74,0.09,0.28,0.02,"4,065.00","3,631.00","2,671.00",400.00,291.00,0.89,0.74,0.15,0.73,0.07,400.00,204.00,113.00,83.00,,291.00,229.00,62.00,,-,400.00,204.00,113.00,83.00,,291.00,229.00,62.00,,-,429.80,289.60,241.84,358.91,"103,943.00",0.00,"103,943.00","56,582.00","47,361.00",0.00,0.00,,0.00,0.00,0.00,"19,423.50","19,423.50","14,094.00",0.00,"3,641.00",0.00,"23,126.35",,"24,235.15","104,345.00",0.00,"104,345.00","52,940.00","3,641.00","47,764.00",0.00,0.00,0.00,0.00,0.00,0.00,0.00,"1,271.00",0.00,361.00,0.00,536.82,307.07,63.52,0.00,0.00,18.00,0.00,46.00,0.00,"5,354.00",87.00,65.00,"131,410.00","62,416.00","4,112.00","1,632.00",971.41,2.49,0.45
2026-02-03,2026-02-02,2026-02-01,"121,102.00","122,136.00",322.08,393.29,31.11,280.33,"35,849.00","34,533.00","12,155.00","3,893.00","3,470.00","2,569.00",432.00,376.00,0.11,0.89,0.74,0.17,0.87,0.10,"3,893.00","3,383.00","2,506.00",262.00,92.00,0.87,0.74,0.10,0.35,0.02,"3,893.00","3,469.00","2,568.00",425.00,312.00,0.89,0.74,0.17,0.73,0.08,425.00,197.00,148.00,80.00,,312.00,251.00,61.00,,-,425.00,197.00,148.00,80.00,,312.00,251.00,61.00,,-,456.57,307.92,265.24,393.29,"121,102.00",0.00,"121,102.00","61,476.00","59,626.00",0.00,0.00,,0.00,0.00,0.00,"24,772.00","24,772.00","7,661.00",0.00,"4,271.00",0.00,"40,812.66",,"18,813.03","122,136.00",0.00,"122,136.00","57,205.00","4,271.00","60,660.00",0.00,0.00,0.00,0.00,0.00,0.00,0.00,"1,311.00",0.00,"1,163.00",0.00,438.56,393.71,45.06,0.00,0.00,33.00,0.00,164.00,0.00,"4,554.00",57.00,33.00,"90,393.00","41,150.00","3,612.00","2,474.00","1,074.33",1.57,0.40
2026-02-04,2026-02-02,2026-02-01,"107,434.00","108,415.00",364.18,384.25,30.63,300.94,"32,185.00","30,892.00","11,316.00","3,508.00","3,129.00","2,361.00",357.00,295.00,0.11,0.89,0.75,0.15,0.83,0.08,"3,508.00","3,045.00","2,304.00",232.00,75.00,0.87,0.76,0.10,0.32,0.02,"3,508.00","3,133.00","2,367.00",408.00,311.00,0.89,0.76,0.17,0.76,0.09,408.00,319.00,30.00,59.00,,311.00,270.00,41.00,,-,408.00,319.00,30.00,59.00,,311.00,270.00,41.00,,-,415.00,279.60,258.88,384.25,"107,434.00",0.00,"107,434.00","57,045.00","50,389.00",0.00,0.00,,0.00,0.00,0.00,"21,701.00","21,701.00","9,738.00",0.00,"3,905.00",0.00,"38,803.28",,"11,586.06","108,415.00",0.00,"108,415.00","53,140.00","3,905.00","51,370.00",0.00,0.00,0.00,0.00,0.00,0.00,0.00,929.00,0.00,"1,139.00",0.00,386.05,408.89,46.41,0.00,0.00,21.00,0.00,150.00,0.00,"4,086.00",34.00,19.00,"95,235.00","41,150.00","3,178.00","2,068.00","1,012.34",1.70,0.35
2026-02-05,2026-02-02,2026-02-01,"105,572.00","106,337.00",307.79,335.79,25.16,252.56,"31,796.00","30,597.00","11,666.00","4,196.00","3,791.00","2,818.00",418.00,343.00,0.13,0.90,0.74,0.15,0.82,0.08,"4,196.00","3,700.00","2,744.00",259.00,83.00,0.88,0.74,0.09,0.32,0.02,"4,196.00","3,805.00","2,826.00",447.00,345.00,0.91,0.74,0.16,0.77,0.08,447.00,380.00,29.00,38.00,,345.00,313.00,32.00,,-,447.00,380.00,29.00,38.00,,345.00,313.00,32.00,,-,467.04,314.40,226.04,335.79,"105,572.00",0.00,"105,572.00","56,980.00","48,592.00",0.00,0.00,,0.00,0.00,0.00,"22,416.50","22,416.50","7,764.00",0.00,"4,383.00",0.00,"33,156.19",,"15,435.59","106,337.00",0.00,"106,337.00","52,597.00","4,383.00","49,357.00",0.00,0.00,0.00,0.00,0.00,0.00,0.00,"1,293.00",0.00,"1,186.00",0.00,365.27,424.39,52.20,0.00,0.00,21.00,0.00,141.00,0.00,"4,101.00",36.00,28.00,"87,314.00","38,818.00","3,210.00","2,479.00","1,003.85",1.69,0.42
2026-02-06,2026-02-02,2026-02-01,"100,945.00","101,852.00",290.07,333.51,25.78,228.90,"29,551.00","28,488.00","10,761.00","3,915.00","3,509.00","2,621.00",441.00,348.00,0.13,0.90,0.75,0.17,0.79,0.09,"3,915.00","3,424.00","2,553.00",249.00,87.00,0.87,0.75,0.10,0.35,0.02,"3,915.00","3,513.00","2,617.00",433.00,323.00,0.90,0.74,0.17,0.75,0.08,433.00,367.00,26.00,40.00,,323.00,292.00,31.00,,-,433.00,367.00,26.00,40.00,,323.00,292.00,31.00,,-,450.40,302.67,224.13,333.51,"100,945.00",0.00,"100,945.00","55,757.00","45,188.00",0.00,0.00,,0.00,0.00,0.00,"20,410.00","20,410.00","10,590.00",0.00,"4,347.00",0.00,"30,047.64",,"15,140.85","101,852.00",0.00,"101,852.00","51,411.00","4,347.00","46,094.00",0.00,0.00,0.00,0.00,0.00,0.00,0.00,"1,303.00",0.00,"1,364.00",0.00,335.90,584.16,61.60,0.00,0.00,27.00,0.00,185.00,0.00,"3,820.00",18.00,16.00,"86,909.00","38,923.00","3,121.00","2,667.00","1,193.66",1.47,0.37
2026-02-07,2026-02-02,2026-02-01,"104,812.00","105,635.00",295.25,306.38,22.70,242.06,"32,080.00","30,823.00","11,497.00","4,618.00","4,143.00","3,139.00",433.00,355.00,0.14,0.90,0.76,0.14,0.82,0.08,"4,618.00","4,048.00","3,061.00",285.00,130.00,0.88,0.76,0.09,0.46,0.03,"4,618.00","4,174.00","3,164.00",515.00,407.00,0.90,0.76,0.16,0.79,0.09,515.00,442.00,28.00,45.00,,407.00,367.00,40.00,,-,515.00,442.00,28.00,45.00,,407.00,367.00,40.00,,-,509.08,342.10,205.89,306.38,"104,812.00",0.00,"104,812.00","63,549.00","41,263.00",0.00,0.00,,0.00,0.00,0.00,"23,220.00","23,220.00","12,101.00",0.00,"5,008.00",0.00,"27,305.07",,"13,957.78","105,635.00",0.00,"105,635.00","58,541.00","5,008.00","42,086.00",0.00,0.00,0.00,0.00,0.00,0.00,0.00,"1,309.00",0.00,"1,173.00",0.00,276.20,711.86,63.24,0.00,0.00,38.00,0.00,228.00,0.00,"3,697.00",31.00,23.00,"85,693.00","37,072.00","3,166.00","2,482.00","1,317.31",1.86,0.33
2026-02-08,2026-02-02,2026-02-01,"130,489.00","131,547.00",309.22,283.35,23.61,238.99,"35,690.00","34,416.00","13,094.00","5,527.00","5,013.00","3,799.00",546.00,422.00,0.15,0.91,0.76,0.14,0.77,0.08,"5,527.00","4,905.00","3,719.00",387.00,199.00,0.89,0.76,0.10,0.51,0.04,"5,527.00","5,018.00","3,807.00",635.00,498.00,0.91,0.76,0.17,0.78,0.09,635.00,539.00,42.00,54.00,,498.00,454.00,44.00,,-,635.00,539.00,42.00,54.00,,498.00,454.00,44.00,,-,687.68,460.53,189.75,283.35,"130,489.00",0.00,"130,489.00","82,250.00","48,239.00",0.00,0.00,,0.00,0.00,0.00,"32,127.00","32,127.00","13,607.00",0.00,"4,389.00",0.00,"31,403.53",,"16,835.78","131,547.00",0.00,"131,547.00","77,861.00","4,389.00","49,297.00",0.00,0.00,0.00,0.00,0.00,0.00,0.00,"1,653.00",0.00,"1,557.00",0.00,450.95,725.08,74.70,0.00,0.00,39.00,0.00,179.00,0.00,"3,747.00",43.00,30.00,"91,734.00","42,967.00","3,127.00","3,210.00","1,468.73",1.72,0.37
2026-02-09,2026-02-09,2026-02-01,"109,111.00","110,285.00",319.04,310.96,24.03,236.17,"32,966.00","31,777.00","12,437.00","4,541.00","4,075.00","3,113.00",462.00,342.00,0.14,0.90,0.76,0.15,0.74,0.08,"4,541.00","3,974.00","3,032.00",287.00,114.00,0.88,0.76,0.09,0.40,0.03,"4,541.00","4,085.00","3,131.00",513.00,389.00,0.90,0.77,0.16,0.76,0.09,513.00,450.00,17.00,46.00,,389.00,360.00,29.00,,-,513.00,450.00,17.00,46.00,,389.00,360.00,29.00,,-,523.75,350.88,208.32,310.96,"109,111.00",0.00,"109,111.00","60,567.00","43,308.00","5,236.00",0.00,,0.00,0.00,0.00,"22,703.50","22,703.50","10,174.00",0.00,"4,986.00",0.00,"30,674.15",,"12,634.02","110,285.00",0.00,"110,285.00","55,581.00","4,986.00","44,389.00","5,329.00",0.00,0.00,0.00,0.00,0.00,0.00,"1,437.00",0.00,"1,616.00",0.00,523.46,481.72,56.07,0.00,0.00,29.00,0.00,205.00,0.00,"4,087.00",33.00,29.00,"94,632.00","43,164.00","3,417.00","3,053.00","1,295.25",1.49,0.36
2026-02-10,2026-02-09,2026-02-01,"121,328.00","122,827.00",348.64,311.38,21.32,233.77,"40,045.00","38,791.00","15,743.00","5,690.00","5,112.00","3,947.00",519.00,348.00,0.14,0.90,0.77,0.13,0.67,0.06,"5,690.00","4,998.00","3,852.00",313.00,91.00,0.88,0.77,0.08,0.29,0.02,"5,690.00","5,134.00","3,960.00",582.00,429.00,0.90,0.77,0.15,0.74,0.08,582.00,491.00,22.00,69.00,,429.00,375.00,54.00,,-,582.00,491.00,22.00,69.00,,429.00,375.00,54.00,,-,581.31,389.65,208.71,311.38,"121,328.00",0.00,"121,328.00","58,853.00","57,283.00","5,192.00",0.00,,0.00,0.00,0.00,"22,970.00","22,970.00","10,417.00",0.00,"2,496.00",0.00,"42,274.57",,"15,008.40","122,827.00",0.00,"122,827.00","56,358.00","2,496.00","58,699.00","5,274.00",0.00,0.00,0.00,0.00,0.00,0.00,"1,527.00",0.00,"1,798.00",0.00,220.83,759.51,57.46,0.00,0.00,40.00,0.00,208.00,0.00,"5,494.00",351.00,319.00,"648,825.00","254,548.00","3,659.00","3,325.00","1,285.80",1.71,0.40
2026-02-11,2026-02-09,2026-02-01,"135,343.00","137,527.00",438.00,341.62,24.25,280.21,"41,910.00","40,394.00","15,142.00","5,582.00","5,016.00","3,807.00",483.00,309.00,0.13,0.90,0.76,0.13,0.64,0.06,"5,582.00","4,889.00","3,709.00",313.00,77.00,0.88,0.76,0.08,0.25,0.01,"5,582.00","5,001.00","3,793.00",537.00,401.00,0.90,0.76,0.14,0.75,0.07,537.00,439.00,17.00,81.00,,401.00,341.00,60.00,,-,537.00,439.00,17.00,81.00,,401.00,341.00,60.00,,-,591.61,396.18,228.77,341.62,"135,343.00",0.00,"135,343.00","55,193.00","74,915.00","5,235.00",0.00,,0.00,0.00,0.00,"22,732.50","22,732.50","9,728.00",0.00,0.00,0.00,"61,522.29",,"13,392.30","137,527.00",0.00,"137,527.00","55,193.00",0.00,"77,060.00","5,274.00",0.00,0.00,0.00,0.00,0.00,0.00,"1,510.00",0.00,"2,817.00",0.00,218.26,508.43,61.72,0.00,0.00,26.00,0.00,271.00,0.00,"4,529.00",105.00,88.00,"98,057.00","43,651.00","3,543.00","4,327.00","1,085.42",1.29,0.44
2026-02-12,2026-02-09,2026-02-01,"123,858.00","125,472.00",272.22,298.44,23.43,228.52,"36,984.00","35,562.00","14,175.00","5,287.00","4,739.00","3,643.00",542.00,455.00,0.14,0.90,0.77,0.15,0.84,0.09,"5,287.00","4,630.00","3,563.00",335.00,120.00,0.88,0.77,0.09,0.36,0.02,"5,287.00","4,780.00","3,684.00",599.00,468.00,0.90,0.77,0.16,0.78,0.09,599.00,502.00,15.00,82.00,0.00,468.00,396.00,72.00,0.00,-,599.00,502.00,15.00,82.00,0.00,468.00,396.00,72.00,0.00,-,620.11,415.02,199.74,298.44,"123,858.00",0.00,"123,858.00","54,606.00","65,711.00","3,541.00",0.00,,0.00,0.00,0.00,"22,286.50","22,286.50","10,033.00",0.00,0.00,0.00,"53,686.22",,"12,025.22","125,472.00",0.00,"125,472.00","54,606.00",0.00,"67,281.00","3,585.00",0.00,0.00,0.00,0.00,0.00,0.00,"1,090.00",0.00,"2,547.00",0.00,404.37,610.62,69.30,0.00,0.00,24.00,0.00,238.00,91.00,"4,840.00",246.00,218.00,"650,914.00","245,747.00","3,430.00","3,637.00","1,437.29",1.45,0.38
2026-02-13,2026-02-09,2026-02-01,"100,975.00","102,216.00",214.84,275.97,24.60,199.16,"31,609.00","30,365.00","11,994.00","4,104.00","3,677.00","2,790.00",507.00,470.00,0.13,0.90,0.76,0.18,0.93,0.11,"4,104.00","3,567.00","2,697.00",297.00,131.00,0.87,0.76,0.11,0.44,0.03,"4,104.00","3,671.00","2,780.00",452.00,354.00,0.89,0.76,0.16,0.78,0.09,452.00,342.00,44.00,61.00,5.00,354.00,301.00,49.00,4.00,-,452.00,342.00,44.00,61.00,5.00,354.00,301.00,49.00,4.00,-,547.32,365.89,184.49,275.97,"100,975.00",0.00,"100,975.00","41,202.00","54,694.00","5,079.00",0.00,,0.00,0.00,0.00,"17,264.50","17,264.50","6,673.00",0.00,0.00,0.00,"46,330.24",,"8,363.38","102,216.00",0.00,"102,216.00","41,202.00",0.00,"55,846.00","5,168.00",0.00,0.00,0.00,0.00,0.00,0.00,745.00,0.00,"2,054.00",0.00,195.21,629.85,48.92,0.00,0.00,19.00,0.00,259.00,203.00,"3,981.00",42.00,35.00,"111,177.00","48,147.00","2,931.00","2,799.00","1,354.98",1.47,0.37
2026-02-14,2026-02-09,2026-02-01,"112,104.00","113,995.00",298.15,285.78,25.88,231.14,"33,121.00","31,842.00","11,666.00","4,332.00","3,949.00","2,982.00",485.00,376.00,0.13,0.91,0.76,0.16,0.78,0.09,"4,332.00","3,850.00","2,909.00",321.00,138.00,0.89,0.76,0.11,0.43,0.03,"4,332.00","3,957.00","2,990.00",499.00,376.00,0.91,0.76,0.17,0.75,0.09,499.00,330.00,76.00,91.00,2.00,376.00,306.00,69.00,1.00,-,499.00,330.00,76.00,91.00,2.00,376.00,306.00,69.00,1.00,-,585.93,392.27,191.33,285.78,"112,104.00",0.00,"112,104.00","43,514.00","63,416.00","5,174.00",0.00,,0.00,0.00,0.00,"17,580.50","17,580.50","8,353.00",0.00,0.00,0.00,"56,980.70",,"6,434.98","113,995.00",0.00,"113,995.00","43,513.00",0.00,"65,145.00","5,337.00",0.00,0.00,0.00,0.00,0.00,0.00,622.00,0.00,"2,465.00",0.00,258.39,400.34,63.74,0.00,0.00,15.00,0.00,272.00,210.00,"3,527.00",46.00,30.00,"102,838.00","41,212.00","3,093.00","3,087.00","1,219.47",1.40,0.40
2026-02-15,2026-02-09,2026-02-01,"116,267.00","117,617.00",316.80,288.28,22.02,216.92,"38,728.00","37,350.00","13,864.00","5,281.00","4,851.00","3,726.00",536.00,367.00,0.14,0.92,0.77,0.14,0.68,0.07,"5,281.00","4,728.00","3,634.00",332.00,137.00,0.90,0.77,0.09,0.41,0.03,"5,281.00","4,837.00","3,723.00",584.00,466.00,0.92,0.77,0.16,0.80,0.09,584.00,400.00,93.00,86.00,5.00,466.00,398.00,63.00,5.00,-,584.00,400.00,93.00,86.00,5.00,466.00,398.00,63.00,5.00,-,602.61,403.31,192.94,288.28,"116,267.00",0.00,"116,267.00","49,430.00","61,119.00","5,718.00",0.00,,0.00,0.00,0.00,"18,835.00","18,835.00","11,760.00",0.00,0.00,0.00,"52,432.11",,"8,687.21","117,617.00",0.00,"117,617.00","49,430.00",0.00,"62,372.00","5,815.00",0.00,0.00,0.00,0.00,0.00,0.00,938.00,0.00,"2,423.00",0.00,372.49,442.12,77.78,0.00,0.00,23.00,0.00,221.00,253.00,"4,224.00",166.00,144.00,"844,572.00","239,471.00","3,546.00","3,361.00","1,389.39",1.57,0.39
2026-02-16,2026-02-16,2026-02-01,"111,569.00","113,166.00",289.04,317.48,23.19,236.88,"37,876.00","36,230.00","14,265.00","4,811.00","4,353.00","3,278.00",471.00,386.00,0.13,0.90,0.75,0.14,0.82,0.08,"4,811.00","4,235.00","3,183.00",289.00,119.00,0.88,0.75,0.09,0.41,0.02,"4,811.00","4,344.00","3,272.00",491.00,387.00,0.90,0.75,0.15,0.79,0.08,491.00,355.00,67.00,67.00,2.00,387.00,332.00,53.00,2.00,-,491.00,355.00,67.00,67.00,2.00,387.00,332.00,53.00,2.00,-,524.79,351.42,212.60,317.48,"111,569.00",0.00,"111,569.00","42,159.00","64,511.00","4,899.00",0.00,,0.00,0.00,0.00,"15,213.50","15,213.50","11,732.00",0.00,0.00,0.00,"56,529.09",,"7,982.32","113,166.00",0.00,"113,166.00","42,159.00",0.00,"66,033.00","4,974.00",0.00,0.00,0.00,0.00,0.00,0.00,843.00,0.00,"2,751.00",0.00,369.65,253.52,82.07,0.00,0.00,15.00,0.00,274.00,323.00,"5,396.00",84.00,70.00,"104,934.00","44,479.00","4,139.00","3,594.00","1,317.23",1.34,0.36
2026-02-17,2026-02-16,2026-02-01,"106,787.00","108,430.00",317.82,290.78,25.23,221.55,"32,974.00","31,496.00","11,991.00","4,232.00","3,820.00","2,916.00",482.00,336.00,0.13,0.90,0.76,0.17,0.70,0.08,"4,232.00","3,722.00","2,840.00",306.00,86.00,0.88,0.76,0.11,0.28,0.02,"4,232.00","3,811.00","2,919.00",511.00,401.00,0.90,0.77,0.18,0.78,0.09,511.00,374.00,66.00,69.00,2.00,401.00,346.00,53.00,2.00,-,511.00,374.00,66.00,69.00,2.00,401.00,346.00,53.00,2.00,-,547.40,367.24,195.08,290.78,"106,787.00",0.00,"106,787.00","40,630.00","62,377.00","3,780.00",0.00,,0.00,0.00,0.00,"14,582.50","14,582.50","11,465.00",0.00,0.00,0.00,"53,192.12",,"9,184.94","108,430.00",0.00,"108,430.00","40,630.00",0.00,"63,984.00","3,816.00",0.00,0.00,0.00,0.00,0.00,0.00,894.00,0.00,"2,354.00",0.00,246.56,295.44,87.61,0.00,0.00,17.00,0.00,228.00,217.00,"3,975.00",37.00,31.00,"135,079.00","62,973.00","4,364.00","3,248.00","1,091.62",1.30,0.44
2026-02-18,2026-02-16,2026-02-01,"106,237.00","107,427.00",270.32,349.64,24.13,238.73,"34,409.00","32,966.00","12,618.00","4,403.00","3,985.00","3,007.00",445.00,393.00,0.13,0.91,0.75,0.15,0.88,0.09,"4,403.00","3,878.00","2,922.00",256.00,95.00,0.88,0.75,0.09,0.37,0.02,"4,403.00","3,975.00","3,001.00",465.00,350.00,0.90,0.75,0.15,0.75,0.08,465.00,324.00,76.00,60.00,5.00,350.00,298.00,47.00,5.00,-,465.00,324.00,76.00,60.00,5.00,350.00,298.00,47.00,5.00,-,452.33,303.84,234.87,349.64,"106,237.00",0.00,"106,237.00","41,273.00","58,303.00","6,661.00",0.00,,0.00,0.00,0.00,"14,619.50","14,619.50","12,034.00",0.00,0.00,0.00,"49,536.23",,"8,766.98","107,427.00",0.00,"107,427.00","41,274.00",0.00,"59,429.00","6,724.00",0.00,0.00,0.00,0.00,0.00,0.00,878.00,0.00,"1,962.00",0.00,180.72,363.04,110.25,0.00,0.00,9.00,0.00,237.00,327.00,"4,161.00",32.00,25.00,"174,681.00","83,890.00","4,091.00","2,840.00","1,227.01",1.55,0.36
2026-02-19,2026-02-16,2026-02-01,"104,601.00","105,852.00",300.58,322.54,24.65,222.56,"34,052.00","32,410.00","11,951.00","4,244.00","3,875.00","2,896.00",470.00,348.00,0.12,0.91,0.75,0.16,0.74,0.08,"4,244.00","3,785.00","2,825.00",270.00,97.00,0.89,0.75,0.10,0.36,0.02,"4,244.00","3,862.00","2,893.00",454.00,352.00,0.91,0.75,0.16,0.78,0.08,454.00,316.00,45.00,87.00,6.00,352.00,285.00,62.00,5.00,-,454.00,316.00,45.00,87.00,6.00,352.00,285.00,62.00,5.00,-,481.95,324.30,217.04,322.54,"104,601.00",0.00,"104,601.00","39,673.00","55,569.00","9,359.00",0.00,,0.00,0.00,0.00,"14,435.50","14,435.50","10,802.00",0.00,0.00,0.00,"47,179.61",0.00,"8,389.09","105,852.00",0.00,"105,852.00","39,674.00",0.00,"56,771.00","9,407.00",0.00,0.00,0.00,0.00,0.00,0.00,729.00,0.00,"1,895.00",0.00,311.87,269.38,82.13,0.00,0.00,24.00,0.00,224.00,455.00,"3,902.00",26.00,21.00,"87,315.00","35,389.00","3,067.00","2,624.00","1,366.37",1.62,0.34
2026-02-20,2026-02-16,2026-02-01,"93,862.00","94,948.00",266.65,291.58,25.21,190.00,"30,821.00","29,293.00","11,049.00","3,723.00","3,419.00","2,555.00",494.00,352.00,0.12,0.92,0.75,0.19,0.71,0.09,"3,723.00","3,330.00","2,480.00",266.00,100.00,0.89,0.74,0.11,0.38,0.03,"3,723.00","3,415.00","2,542.00",438.00,333.00,0.92,0.74,0.17,0.76,0.09,438.00,316.00,39.00,78.00,5.00,333.00,278.00,51.00,4.00,-,438.00,316.00,39.00,78.00,5.00,333.00,278.00,51.00,4.00,-,478.35,321.91,196.22,291.58,"93,862.00",0.00,"93,862.00","38,220.00","48,915.00","6,727.00",0.00,,0.00,0.00,0.00,"13,134.00","13,134.00","11,952.00",0.00,0.00,0.00,"40,588.07",0.00,"8,326.95","94,948.00",0.00,"94,948.00","38,220.00",0.00,"49,979.00","6,749.00",0.00,0.00,0.00,0.00,0.00,0.00,680.00,0.00,"1,627.00",0.00,239.46,250.93,86.70,0.00,0.00,14.00,0.00,237.00,263.00,"3,774.00",25.00,17.00,"126,684.00","49,590.00","3,152.00","2,307.00","1,091.09",1.61,0.45
2026-02-21,2026-02-16,2026-02-01,"98,952.00","100,323.00",316.14,306.07,22.08,229.59,"33,178.00","31,763.00","11,728.00","4,482.00","4,113.00","3,057.00",431.00,313.00,0.14,0.92,0.74,0.14,0.73,0.07,"4,482.00","4,006.00","2,967.00",260.00,77.00,0.89,0.74,0.09,0.30,0.02,"4,482.00","4,109.00","3,039.00",471.00,389.00,0.92,0.74,0.15,0.83,0.09,471.00,347.00,19.00,93.00,12.00,389.00,302.00,77.00,10.00,-,471.00,347.00,19.00,93.00,12.00,389.00,302.00,77.00,10.00,-,479.86,323.30,206.21,306.07,"98,952.00",0.00,"98,952.00","37,174.00","49,066.00","12,712.00",0.00,,0.00,0.00,0.00,"11,634.00","11,634.00","13,906.00",0.00,0.00,0.00,"40,595.76",0.00,"8,470.61","100,323.00",0.00,"100,323.00","37,174.00",0.00,"50,156.00","12,993.00",0.00,0.00,0.00,0.00,0.00,0.00,744.00,0.00,"1,738.00",0.00,119.97,334.96,86.13,0.00,0.00,14.00,0.00,223.00,431.00,"3,511.00",38.00,27.00,"153,815.00","58,154.00","4,051.00","2,482.00","1,209.06",1.81,0.36
2026-02-22,2026-02-16,2026-02-01,"110,432.00","111,850.00",256.82,266.21,22.26,204.50,"34,587.00","32,924.00","12,566.00","4,961.00","4,613.00","3,404.00",540.00,430.00,0.14,0.93,0.74,0.16,0.80,0.09,"4,961.00","4,489.00","3,306.00",332.00,115.00,0.90,0.74,0.10,0.35,0.02,"4,961.00","4,582.00","3,377.00",565.00,440.00,0.92,0.74,0.17,0.78,0.09,565.00,431.00,22.00,103.00,9.00,440.00,361.00,70.00,9.00,-,565.00,431.00,22.00,103.00,9.00,440.00,361.00,70.00,9.00,-,611.18,414.83,180.69,266.21,"110,432.00",0.00,"110,432.00","39,612.00","58,196.00","12,624.00",0.00,,0.00,0.00,0.00,"12,156.00","12,156.00","15,300.00",0.00,0.00,0.00,"48,572.12",0.00,"9,624.10","111,850.00",0.00,"111,850.00","39,612.00",0.00,"59,580.00","12,658.00",0.00,0.00,0.00,0.00,0.00,0.00,888.00,0.00,"2,183.00",0.00,164.11,229.44,119.37,0.00,0.00,23.00,0.00,249.00,485.00,"3,811.00",31.00,29.00,"102,279.00","33,964.00","3,281.00","3,071.00","1,269.91",1.62,0.43
2026-02-23,2026-02-23,2026-02-01,"96,452.00","97,447.00",270.17,278.73,22.61,205.22,"32,787.00","31,153.00","12,557.00","4,266.00","3,924.00","2,928.00",470.00,357.00,0.13,0.92,0.75,0.16,0.76,0.08,"4,266.00","3,808.00","2,840.00",282.00,91.00,0.89,0.75,0.10,0.32,0.02,"4,266.00","3,904.00","2,921.00",486.00,369.00,0.92,0.75,0.17,0.76,0.09,486.00,353.00,54.00,73.00,6.00,369.00,311.00,53.00,5.00,-,486.00,353.00,54.00,73.00,6.00,369.00,311.00,53.00,5.00,-,505.70,346.04,190.73,278.73,"96,452.00",0.00,"96,452.00","36,473.00","49,583.00","10,396.00",0.00,,0.00,0.00,0.00,"12,143.00","12,143.00","12,187.00",0.00,0.00,0.00,"40,817.57",0.00,"8,765.17","97,447.00",0.00,"97,447.00","36,473.00",0.00,"50,503.00","10,471.00",0.00,0.00,0.00,0.00,0.00,0.00,746.00,0.00,"2,004.00",0.00,89.38,363.64,100.00,0.00,0.00,19.00,0.00,263.00,403.00,"4,383.00",39.00,30.00,"100,240.00","41,698.00","3,871.00","2,750.00","1,238.02",1.55,0.38
2026-02-24,2026-02-23,2026-02-01,"99,390.00","100,565.00",266.46,285.59,20.67,219.40,"33,440.00","31,865.00","12,822.00","4,808.00","4,432.00","3,352.00",453.00,373.00,0.14,0.92,0.76,0.14,0.82,0.08,"4,808.00","4,316.00","3,267.00",284.00,86.00,0.90,0.76,0.09,0.30,0.02,"4,808.00","4,399.00","3,329.00",546.00,430.00,0.91,0.76,0.16,0.79,0.09,546.00,355.00,76.00,102.00,13.00,430.00,337.00,83.00,10.00,-,546.00,355.00,76.00,102.00,13.00,430.00,337.00,83.00,10.00,-,504.39,348.02,197.05,285.59,"99,390.00",0.00,"99,390.00","34,311.00","51,565.00","13,514.00",0.00,,0.00,0.00,0.00,"11,664.50","11,664.50","10,982.00",0.00,0.00,0.00,"41,704.87",0.00,"9,859.90","100,565.00",0.00,"100,565.00","34,311.00",0.00,"52,640.00","13,614.00",0.00,0.00,0.00,0.00,0.00,0.00,859.00,0.00,"1,805.00",0.00,112.79,217.16,114.90,0.00,0.00,22.00,0.00,229.00,459.00,"4,085.00",42.00,27.00,"125,748.00","52,012.00","3,620.00","2,664.00","1,154.85",1.80,0.39
2026-02-25,2026-02-23,2026-02-01,"103,719.00","105,085.00",251.14,235.03,19.04,144.66,"36,841.00","35,219.00","15,558.00","5,446.00","5,018.00","3,962.00",717.00,413.00,0.15,0.92,0.79,0.18,0.58,0.08,"5,446.00","4,887.00","3,851.00",360.00,95.00,0.90,0.79,0.09,0.26,0.02,"5,446.00","5,016.00","3,954.00",652.00,502.00,0.92,0.79,0.16,0.77,0.09,652.00,473.00,86.00,89.00,4.00,502.00,428.00,70.00,4.00,-,652.00,473.00,86.00,89.00,4.00,502.00,428.00,70.00,4.00,-,633.51,441.29,163.72,235.03,"103,719.00",0.00,"103,719.00","31,834.00","55,661.00","16,224.00",0.00,,0.00,0.00,0.00,"11,428.00","11,428.00","8,978.00",0.00,0.00,0.00,"42,725.22",0.00,"12,935.39","105,085.00",0.00,"105,085.00","31,834.00",0.00,"56,974.00","16,277.00",0.00,0.00,0.00,0.00,0.00,0.00,914.00,0.00,"2,075.00",0.00,243.16,237.57,111.80,0.00,0.00,30.00,0.00,282.00,445.00,"5,714.00",364.00,331.00,"801,965.00","259,531.00","4,148.00","2,989.00","1,349.54",1.82,0.53
2026-02-26,2026-02-23,2026-02-01,"107,098.00","108,571.00",226.42,249.26,22.77,157.04,"34,397.00","32,856.00","14,144.00","4,704.00","4,349.00","3,333.00",682.00,473.00,0.14,0.92,0.77,0.20,0.69,0.10,"4,704.00","4,233.00","3,233.00",345.00,82.00,0.90,0.76,0.11,0.24,0.02,"4,704.00","4,336.00","3,315.00",563.00,439.00,0.92,0.76,0.17,0.78,0.09,563.00,390.00,80.00,83.00,10.00,439.00,369.00,60.00,10.00,-,563.00,390.00,80.00,83.00,10.00,439.00,369.00,60.00,10.00,-,610.99,429.67,175.28,249.26,"107,098.00",0.00,"107,098.00","32,978.00","57,186.00","16,934.00",0.00,,0.00,0.00,0.00,"10,852.00","10,852.00","11,274.00",0.00,0.00,0.00,"44,446.51",0.00,"12,739.52","108,571.00",0.00,"108,571.00","32,978.00",0.00,"58,644.00","16,949.00",0.00,0.00,0.00,0.00,0.00,0.00,952.00,0.00,"2,101.00",0.00,89.93,232.11,124.95,0.00,0.00,31.00,0.00,318.00,575.00,"5,530.00",208.00,189.00,"686,744.00","242,833.00","3,445.00","3,053.00","1,370.99",1.54,0.50
2026-02-27,2026-02-23,2026-02-01,"104,176.00","105,595.00",158.08,202.25,25.21,118.65,"32,837.00","31,244.00","13,257.00","4,133.00","3,819.00","2,952.00",878.00,659.00,0.13,0.92,0.77,0.30,0.75,0.16,"4,133.00","3,698.00","2,850.00",408.00,131.00,0.89,0.77,0.14,0.32,0.03,"4,133.00","3,782.00","2,913.00",598.00,472.00,0.92,0.77,0.21,0.79,0.11,598.00,405.00,102.00,88.00,3.00,472.00,406.00,64.00,2.00,-,598.00,405.00,102.00,88.00,3.00,472.00,406.00,64.00,2.00,-,726.04,515.09,143.48,202.25,"104,176.00",0.00,"104,176.00","31,327.00","57,042.00","15,807.00",0.00,,0.00,0.00,0.00,"10,530.50","10,530.50","10,266.00",0.00,0.00,0.00,"42,825.14",0.00,"14,217.08","105,595.00",0.00,"105,595.00","31,327.00",0.00,"58,477.00","15,791.00",0.00,0.00,0.00,0.00,0.00,0.00,841.00,0.00,"1,779.00",0.00,200.07,457.61,112.77,0.00,0.00,63.00,0.00,345.00,354.00,"5,437.00",167.00,149.00,"674,972.00","242,305.00","3,443.00","2,620.00","1,532.45",1.58,0.57
2026-02-28,2026-02-23,2026-02-01,"116,312.00","118,844.00",181.74,249.51,24.87,173.34,"34,026.00","32,552.00","13,597.00","4,677.00","4,299.00","3,320.00",671.00,640.00,0.14,0.92,0.77,0.20,0.95,0.14,"4,677.00","4,188.00","3,224.00",361.00,150.00,0.90,0.77,0.11,0.42,0.03,"4,677.00","4,313.00","3,317.00",583.00,459.00,0.92,0.77,0.18,0.79,0.10,583.00,395.00,73.00,107.00,8.00,459.00,377.00,75.00,7.00,-,583.00,395.00,73.00,107.00,8.00,459.00,377.00,75.00,7.00,-,652.11,466.17,178.36,249.51,"116,312.00",0.00,"116,312.00","30,334.00","72,012.00","13,966.00",0.00,,0.00,0.00,0.00,"10,347.50","10,347.50","9,639.00",0.00,0.00,0.00,"58,476.10",0.00,"13,535.44","118,844.00",0.00,"118,844.00","30,333.00",0.00,"74,362.00","14,149.00",0.00,0.00,0.00,0.00,0.00,0.00,882.00,0.00,"1,973.00",0.00,124.69,279.35,90.53,0.00,0.00,33.00,0.00,367.00,275.00,"5,449.00",245.00,223.00,"701,927.00","219,418.00","3,374.00","2,855.00","1,169.57",1.64,0.57
2026-03-01,2026-02-23,2026-03-01,"132,686.00","135,241.00",234.84,257.91,25.01,185.83,"37,584.00","35,737.00","14,449.00","5,305.00","4,901.00","3,640.00",714.00,565.00,0.14,0.92,0.74,0.20,0.79,0.11,"5,305.00","4,743.00","3,518.00",395.00,170.00,0.89,0.74,0.11,0.43,0.03,"5,305.00","4,862.00","3,616.00",618.00,483.00,0.92,0.74,0.17,0.78,0.09,618.00,402.00,82.00,124.00,10.00,483.00,382.00,92.00,9.00,-,618.00,402.00,82.00,124.00,10.00,483.00,382.00,92.00,9.00,-,716.22,514.46,185.26,257.91,"132,686.00",0.00,"132,686.00","32,449.00","81,690.00","18,547.00",0.00,,0.00,0.00,0.00,"11,323.00","11,323.00","9,803.00",0.00,0.00,0.00,"66,492.88",0.00,"15,197.00","135,241.00",0.00,"135,241.00","32,449.00",0.00,"84,229.00","18,563.00",0.00,0.00,0.00,0.00,0.00,0.00,"1,105.00",0.00,"2,554.00",0.00,100.98,314.11,88.20,0.00,0.00,44.00,0.00,340.00,423.00,"4,901.00",101.00,86.00,"165,851.00","63,610.00","3,307.00","3,659.00","1,310.29",1.45,0.54
2026-03-02,2026-03-02,2026-03-01,"124,703.00","127,182.00",388.48,284.47,29.08,208.19,"33,788.00","32,061.00","13,170.00","4,288.00","3,965.00","2,953.00",599.00,321.00,0.13,0.92,0.74,0.20,0.54,0.07,"4,288.00","3,845.00","2,861.00",339.00,69.00,0.90,0.74,0.12,0.20,0.02,"4,288.00","3,921.00","2,921.00",517.00,404.00,0.91,0.74,0.18,0.78,0.09,517.00,339.00,79.00,86.00,13.00,404.00,323.00,74.00,7.00,-,517.00,339.00,79.00,86.00,13.00,404.00,323.00,74.00,7.00,-,605.67,438.36,205.89,284.47,"124,703.00",0.00,"124,703.00","33,146.00","74,469.00","17,088.00",0.00,,0.00,0.00,0.00,"11,716.00","11,716.00","9,714.00",0.00,0.00,0.00,"60,587.60",0.00,"13,881.48","127,182.00",0.00,"127,182.00","33,146.00",0.00,"77,044.00","16,992.00",0.00,0.00,0.00,0.00,0.00,0.00,897.00,0.00,"2,275.00",0.00,147.48,344.62,98.89,0.00,0.00,48.00,0.00,327.00,370.00,"4,916.00",51.00,45.00,"102,537.00","41,557.00","3,402.00","3,172.00","1,335.98",1.35,0.45
2026-03-03,2026-03-02,2026-03-01,"118,569.00","120,823.00",244.47,276.87,27.98,215.58,"32,550.00","30,941.00","12,670.00","4,237.00","3,917.00","2,881.00",550.00,485.00,0.13,0.92,0.74,0.19,0.88,0.11,"4,237.00","3,822.00","2,803.00",327.00,77.00,0.90,0.73,0.12,0.24,0.02,"4,237.00","3,907.00","2,866.00",519.00,410.00,0.92,0.73,0.18,0.79,0.10,519.00,341.00,82.00,90.00,6.00,410.00,339.00,66.00,5.00,-,519.00,341.00,82.00,90.00,6.00,410.00,339.00,66.00,5.00,-,589.07,428.24,201.28,276.87,"118,569.00",0.00,"118,569.00","33,055.00","72,499.00","13,015.00",0.00,,0.00,0.00,0.00,"11,806.50","11,806.50","9,442.00",0.00,0.00,0.00,"58,401.33",0.00,"14,097.70","120,823.00",0.00,"120,823.00","33,055.00",0.00,"74,762.00","13,006.00",0.00,0.00,0.00,0.00,0.00,0.00,853.00,0.00,"1,937.00",0.00,83.95,277.07,108.87,0.00,0.00,32.00,0.00,295.00,215.00,"4,745.00",45.00,34.00,"91,659.00","35,062.00","3,067.00","2,790.00","1,011.89",1.52,0.54
2026-03-04,2026-03-02,2026-03-01,"135,003.00","137,866.00",330.08,330.59,30.43,253.77,"32,496.00","30,801.00","12,535.00","4,436.00","4,046.00","2,993.00",532.00,409.00,0.14,0.91,0.74,0.18,0.77,0.09,"4,436.00","3,948.00","2,921.00",319.00,66.00,0.89,0.74,0.11,0.21,0.01,"4,436.00","4,037.00","2,987.00",512.00,393.00,0.91,0.74,0.17,0.77,0.09,512.00,344.00,77.00,82.00,9.00,393.00,320.00,67.00,6.00,-,512.00,344.00,77.00,82.00,9.00,393.00,320.00,67.00,6.00,-,560.89,408.37,240.69,330.59,"135,003.00",0.00,"135,003.00","36,802.00","80,348.00","17,853.00",0.00,,0.00,0.00,0.00,"13,231.00","13,231.00","10,340.00",0.00,0.00,0.00,"67,055.53",0.00,"13,292.41","137,866.00",0.00,"137,866.00","36,802.00",0.00,"83,290.00","17,774.00",0.00,0.00,0.00,0.00,0.00,0.00,891.00,0.00,"2,076.00",0.00,585.43,377.66,105.42,0.00,0.00,37.00,0.00,269.00,275.00,"4,486.00",56.00,47.00,"86,924.00","32,483.00","2,565.00","2,967.00","1,649.52",1.50,0.32
2026-03-05,2026-03-02,2026-03-01,"135,595.00","138,143.00",288.50,274.36,29.91,222.65,"32,883.00","31,329.00","12,468.00","4,533.00","4,133.00","3,041.00",609.00,470.00,0.14,0.91,0.74,0.20,0.77,0.10,"4,533.00","4,039.00","2,969.00",386.00,92.00,0.89,0.74,0.13,0.24,0.02,"4,533.00","4,130.00","3,038.00",587.00,439.00,0.91,0.74,0.19,0.75,0.10,587.00,395.00,94.00,91.00,7.00,439.00,371.00,62.00,6.00,-,587.00,395.00,94.00,91.00,7.00,439.00,371.00,62.00,6.00,-,679.39,494.23,199.58,274.36,"135,595.00",0.00,"135,595.00","36,949.00","80,911.00","17,735.00",0.00,,0.00,0.00,0.00,"13,236.50","13,236.50","10,476.00",0.00,0.00,0.00,"66,494.69",0.00,"14,415.88","138,143.00",0.00,"138,143.00","36,949.00",0.00,"83,392.00","17,802.00",0.00,0.00,0.00,0.00,0.00,0.00,903.00,0.00,"2,128.00",0.00,594.83,253.52,125.64,0.00,0.00,29.00,0.00,271.00,324.00,"4,342.00",40.00,35.00,"88,868.00","33,937.00","2,230.00","3,031.00","1,598.00",1.50,0.38
2026-03-06,2026-03-02,2026-03-01,"130,511.00","133,135.00",289.38,354.26,33.69,233.47,"29,782.00","28,299.00","11,369.00","3,874.00","3,540.00","2,569.00",559.00,451.00,0.13,0.91,0.73,0.22,0.81,0.12,"3,874.00","3,445.00","2,495.00",293.00,56.00,0.89,0.72,0.12,0.19,0.01,"3,874.00","3,511.00","2,547.00",461.00,345.00,0.91,0.73,0.18,0.75,0.09,461.00,316.00,75.00,65.00,5.00,345.00,293.00,48.00,4.00,-,461.00,316.00,75.00,65.00,5.00,345.00,293.00,48.00,4.00,-,506.21,368.40,257.82,354.26,"130,511.00",0.00,"130,511.00","39,972.00","80,094.00","10,445.00",0.00,,0.00,0.00,0.00,"14,127.00","14,127.00","11,718.00",0.00,0.00,0.00,"68,296.27",0.00,"11,798.06","133,135.00",0.00,"133,135.00","39,972.00",0.00,"82,674.00","10,489.00",0.00,0.00,0.00,0.00,0.00,0.00,838.00,0.00,"2,329.00",0.00,396.56,315.44,104.01,0.00,0.00,33.00,0.00,303.00,259.00,"4,283.00",27.00,21.00,"309,246.00","82,540.00","2,657.00","3,167.00","1,411.01",1.22,0.40
2026-03-07,2026-03-02,2026-03-01,"117,036.00","119,463.00",223.78,305.15,30.16,234.54,"29,988.00","28,393.00","11,208.00","3,880.00","3,578.00","2,666.00",499.00,523.00,0.13,0.92,0.75,0.19,1.05,0.13,"3,880.00","3,490.00","2,599.00",301.00,114.00,0.90,0.74,0.12,0.38,0.03,"3,880.00","3,569.00","2,665.00",461.00,353.00,0.92,0.75,0.17,0.77,0.09,461.00,288.00,85.00,88.00,0.00,353.00,289.00,64.00,0.00,-,461.00,288.00,85.00,88.00,0.00,353.00,289.00,64.00,0.00,-,526.36,383.54,222.35,305.15,"117,036.00",0.00,"117,036.00","40,631.00","76,405.00",0.00,0.00,,0.00,0.00,0.00,"13,803.00","13,803.00","13,025.00",0.00,0.00,0.00,"64,661.86",0.00,"11,742.71","119,463.00",0.00,"119,463.00","40,631.00",0.00,"78,832.00",0.00,0.00,0.00,0.00,0.00,0.00,0.00,818.00,0.00,"1,938.00",0.00,478.93,325.07,100.08,0.00,0.00,29.00,0.00,207.00,1.00,"4,114.00",24.00,18.00,"94,558.00","33,458.00","2,452.00","2,756.00","1,141.07",1.41,0.44
2026-03-08,2026-03-02,2026-03-01,"113,044.00","114,973.00",246.28,298.32,27.19,231.65,"30,405.00","28,831.00","11,253.00","4,158.00","3,849.00","2,860.00",488.00,459.00,0.14,0.93,0.74,0.17,0.94,0.11,"4,158.00","3,746.00","2,778.00",299.00,147.00,0.90,0.74,0.11,0.49,0.04,"4,158.00","3,840.00","2,857.00",503.00,402.00,0.92,0.74,0.18,0.80,0.10,503.00,335.00,83.00,85.00,0.00,402.00,344.00,58.00,0.00,-,503.00,335.00,83.00,85.00,0.00,402.00,344.00,58.00,0.00,-,519.36,378.93,217.66,298.32,"113,044.00",0.00,"113,044.00","40,426.00","72,618.00",0.00,0.00,,0.00,0.00,0.00,"13,813.00","13,813.00","12,800.00",0.00,0.00,0.00,"58,650.02",0.00,"13,968.00","114,973.00",0.00,"114,973.00","40,426.00",0.00,"74,547.00",0.00,0.00,0.00,0.00,0.00,0.00,0.00,"1,041.00",0.00,"1,719.00",0.00,386.73,203.23,106.55,0.00,0.00,28.00,0.00,142.00,0.00,"3,749.00",33.00,26.00,"82,709.00","31,153.00","2,596.00","2,760.00",866.52,1.51,0.56
2026-03-09,2026-03-09,2026-03-01,"112,771.00","114,177.00",352.41,279.15,26.24,214.39,"31,863.00","30,316.00","12,075.00","4,297.00","3,857.00","2,845.00",526.00,320.00,0.13,0.90,0.74,0.18,0.61,0.07,"4,297.00","3,763.00","2,779.00",325.00,88.00,0.88,0.74,0.12,0.27,0.02,"4,297.00","3,858.00","2,848.00",509.00,406.00,0.90,0.74,0.18,0.80,0.09,509.00,301.00,126.00,74.00,8.00,406.00,344.00,55.00,7.00,-,509.00,301.00,126.00,74.00,8.00,406.00,344.00,55.00,7.00,-,552.91,403.97,203.96,279.15,"112,771.00",0.00,"112,771.00","38,237.00","55,721.00","18,813.00",0.00,,0.00,0.00,0.00,"13,210.50","13,210.50","11,816.00",0.00,0.00,0.00,"43,310.00",0.00,"12,411.47","114,177.00",0.00,"114,177.00","38,237.00",0.00,"57,113.00","18,827.00",0.00,0.00,0.00,0.00,0.00,0.00,911.00,0.00,"1,678.00",0.00,458.77,431.70,119.92,0.00,0.00,27.00,0.00,170.00,326.00,"4,373.00",28.00,22.00,"94,491.00","37,378.00","3,047.00","2,589.00","1,533.38",1.66,0.34
2026-03-10,2026-03-09,2026-03-01,"110,208.00","111,464.00",271.45,304.01,26.92,225.37,"31,123.00","29,435.00","11,701.00","4,094.00","3,715.00","2,787.00",489.00,406.00,0.13,0.91,0.75,0.18,0.83,0.10,"4,094.00","3,621.00","2,710.00",296.00,84.00,0.88,0.75,0.11,0.28,0.02,"4,094.00","3,716.00","2,780.00",468.00,357.00,0.91,0.75,0.17,0.76,0.09,468.00,262.00,133.00,63.00,10.00,357.00,304.00,45.00,8.00,-,468.00,262.00,133.00,63.00,10.00,357.00,304.00,45.00,8.00,-,494.66,362.51,222.79,304.01,"110,208.00",0.00,"110,208.00","38,018.00","50,729.00","21,461.00",0.00,,0.00,0.00,0.00,"13,560.50","13,560.50","10,897.00",0.00,0.00,0.00,"39,605.65",0.00,"11,123.44","111,464.00",0.00,"111,464.00","38,018.00",0.00,"52,128.00","21,318.00",0.00,0.00,0.00,0.00,0.00,0.00,723.00,0.00,"1,431.00",5.00,561.73,301.92,85.00,0.00,0.00,26.00,0.00,139.00,336.00,"4,222.00",31.00,21.00,"155,657.00","54,841.00","3,236.00","2,159.00","1,449.66",1.90,0.34
2026-03-11,2026-03-09,2026-03-01,"92,962.00","94,079.00",218.22,323.88,26.22,239.59,"26,154.00","24,806.00","10,599.00","3,546.00","3,215.00","2,365.00",388.00,426.00,0.14,0.91,0.74,0.16,1.10,0.12,"3,546.00","3,129.00","2,298.00",234.00,91.00,0.88,0.73,0.10,0.39,0.03,"3,546.00","3,221.00","2,371.00",423.00,324.00,0.91,0.74,0.18,0.77,0.09,423.00,250.00,133.00,33.00,7.00,324.00,297.00,22.00,5.00,-,423.00,250.00,133.00,33.00,7.00,324.00,297.00,22.00,5.00,-,392.12,287.03,237.07,323.88,"92,962.00",0.00,"92,962.00","36,551.00","43,606.00","12,805.00",0.00,,0.00,0.00,0.00,"11,899.50","11,899.50","12,752.00",0.00,0.00,0.00,"30,335.60",0.00,"13,270.40","94,079.00",0.00,"94,079.00","36,551.00",0.00,"44,864.00","12,664.00",0.00,0.00,0.00,0.00,0.00,0.00,769.00,0.00,"1,114.00",17.00,604.89,311.62,95.47,0.00,0.00,20.00,0.00,130.00,308.00,"4,133.00",30.00,19.00,"96,144.00","35,891.00","2,931.00","1,900.00","1,469.97",1.87,0.26
2026-03-12,2026-03-09,2026-03-01,"81,970.00","82,207.00",253.78,268.34,22.68,190.19,"25,332.00","24,159.00","10,409.00","3,614.00","3,271.00","2,456.00",431.00,323.00,0.14,0.91,0.75,0.18,0.75,0.09,"3,614.00","3,182.00","2,391.00",248.00,83.00,0.88,0.75,0.10,0.33,0.02,"3,614.00","3,269.00","2,463.00",422.00,333.00,0.90,0.75,0.17,0.79,0.09,422.00,278.00,121.00,16.00,7.00,333.00,312.00,15.00,6.00,-,422.00,278.00,121.00,16.00,7.00,333.00,312.00,15.00,6.00,-,417.65,305.47,196.26,268.34,"81,970.00",0.00,"81,970.00","37,345.00","28,567.00","16,058.00",0.00,,0.00,0.00,0.00,"12,647.00","12,647.00","12,051.00",0.00,0.00,0.00,"15,634.71",0.00,"12,932.42","82,207.00",0.00,"82,207.00","37,346.00",0.00,"28,893.00","15,968.00",0.00,0.00,0.00,0.00,0.00,0.00,694.00,0.00,743.00,27.00,500.55,187.29,95.36,0.00,0.00,26.00,0.00,88.00,349.00,"3,937.00",34.00,27.00,"115,663.00","42,167.00","2,931.00","1,464.00","1,246.19",2.47,0.35
2026-03-13,2026-03-09,2026-03-01,"70,787.00","71,081.00",183.86,232.77,23.09,160.88,"21,450.00","20,392.00","9,084.00","3,066.00","2,840.00","2,142.00",440.00,385.00,0.14,0.93,0.75,0.21,0.88,0.13,"3,066.00","2,746.00","2,069.00",249.00,123.00,0.90,0.75,0.12,0.49,0.04,"3,066.00","2,815.00","2,126.00",391.00,301.00,0.92,0.76,0.18,0.77,0.10,391.00,237.00,134.00,19.00,1.00,301.00,286.00,14.00,1.00,-,391.00,237.00,134.00,19.00,1.00,301.00,286.00,14.00,1.00,-,415.83,304.11,170.23,232.77,"70,787.00",0.00,"70,787.00","37,298.00","25,019.00","8,470.00",0.00,,0.00,0.00,0.00,"13,135.50","13,135.50","11,027.00",0.00,0.00,0.00,"15,677.85",0.00,"9,340.97","71,081.00",0.00,"71,081.00","37,298.00",0.00,"25,343.00","8,440.00",0.00,0.00,0.00,0.00,0.00,0.00,451.00,0.00,542.00,19.00,442.72,365.12,79.17,0.00,0.00,25.00,0.00,87.00,213.00,"3,525.00",19.00,16.00,"129,658.00","54,029.00","3,032.00","1,012.00","1,212.01",3.03,0.36
2026-03-14,2026-03-09,2026-03-01,"71,464.00","71,721.00",223.33,273.56,23.08,195.79,"20,830.00","19,889.00","8,455.00","3,097.00","2,890.00","2,201.00",365.00,320.00,0.15,0.93,0.76,0.17,0.88,0.10,"3,097.00","2,800.00","2,125.00",211.00,119.00,0.90,0.76,0.10,0.56,0.04,"3,097.00","2,861.00","2,167.00",367.00,295.00,0.92,0.76,0.17,0.80,0.10,367.00,216.00,135.00,10.00,6.00,295.00,283.00,7.00,5.00,-,367.00,216.00,135.00,10.00,6.00,295.00,283.00,7.00,5.00,-,356.54,261.23,200.44,273.56,"71,464.00",0.00,"71,464.00","37,794.00","25,222.00","8,448.00",0.00,,0.00,0.00,0.00,"12,893.00","12,893.00","12,008.00",0.00,0.00,0.00,"15,081.25",0.00,"10,140.78","71,721.00",0.00,"71,721.00","37,793.00",0.00,"25,509.00","8,419.00",0.00,0.00,0.00,0.00,0.00,0.00,445.00,0.00,509.00,17.00,363.08,281.00,100.24,0.00,0.00,16.00,0.00,61.00,208.00,"3,122.00",26.00,20.00,"91,872.00","32,942.00","2,839.00",971.00,"1,029.31",3.19,0.35
2026-03-15,2026-03-09,2026-03-01,"69,377.00","69,601.00",239.23,253.46,20.52,193.79,"22,321.00","21,295.00","9,064.00","3,381.00","3,132.00","2,317.00",358.00,290.00,0.15,0.93,0.74,0.15,0.81,0.09,"3,381.00","3,054.00","2,261.00",217.00,108.00,0.90,0.74,0.10,0.50,0.03,"3,381.00","3,123.00","2,318.00",375.00,298.00,0.92,0.74,0.16,0.79,0.09,375.00,232.00,119.00,19.00,5.00,298.00,278.00,15.00,5.00,-,375.00,232.00,119.00,19.00,5.00,298.00,278.00,15.00,5.00,-,373.22,273.72,185.89,253.46,"69,377.00",0.00,"69,377.00","33,201.00","27,775.00","8,401.00",0.00,,0.00,0.00,0.00,"10,044.00","10,044.00","13,113.00",0.00,0.00,0.00,"15,808.03",0.00,"11,966.49","69,601.00",0.00,"69,601.00","33,200.00",0.00,"28,031.00","8,370.00",0.00,0.00,0.00,0.00,0.00,0.00,581.00,0.00,532.00,48.00,398.05,196.63,89.50,0.00,0.00,17.00,0.00,71.00,265.00,"3,145.00",15.00,12.00,"100,362.00","40,301.00","3,005.00","1,161.00","1,037.18",2.91,0.35
2026-03-16,2026-03-16,2026-03-01,"75,202.00","75,391.00",325.55,335.15,20.77,234.27,"24,436.00","23,356.00","10,423.00","3,621.00","3,354.00","2,533.00",321.00,231.00,0.15,0.93,0.76,0.13,0.72,0.06,"3,621.00","3,258.00","2,451.00",180.00,64.00,0.90,0.75,0.07,0.36,0.02,"3,621.00","3,325.00","2,504.00",367.00,287.00,0.92,0.75,0.15,0.78,0.08,367.00,219.00,122.00,23.00,3.00,287.00,268.00,17.00,2.00,-,367.00,219.00,122.00,23.00,3.00,287.00,268.00,17.00,2.00,-,305.85,224.39,245.88,335.15,"75,202.00",0.00,"75,202.00","37,829.00","27,656.00","9,717.00",0.00,,0.00,0.00,0.00,"12,499.50","12,499.50","12,830.00",0.00,0.00,0.00,"15,309.71",0.00,"12,346.35","75,391.00",0.00,"75,391.00","37,829.00",0.00,"27,918.00","9,644.00",0.00,0.00,0.00,0.00,0.00,0.00,543.00,0.00,540.00,165.00,651.72,292.67,90.34,0.00,0.00,14.00,0.00,62.00,282.00,"3,916.00",35.00,29.00,"107,994.00","45,998.00","3,277.00","1,248.00","1,392.73",2.90,0.23
2026-03-17,2026-03-16,2026-03-01,"84,109.00","84,821.00",262.84,235.32,20.36,173.78,"26,863.00","25,689.00","11,607.00","4,131.00","3,835.00","2,886.00",484.00,320.00,0.15,0.93,0.75,0.17,0.66,0.08,"4,131.00","3,733.00","2,806.00",287.00,93.00,0.90,0.75,0.10,0.32,0.02,"4,131.00","3,814.00","2,872.00",489.00,389.00,0.92,0.75,0.17,0.80,0.09,489.00,294.00,172.00,20.00,3.00,389.00,370.00,16.00,3.00,-,489.00,294.00,172.00,20.00,3.00,389.00,370.00,16.00,3.00,-,485.48,357.43,173.25,235.32,"84,109.00",0.00,"84,109.00","42,831.00","35,761.00","5,517.00",0.00,,0.00,0.00,0.00,"15,071.00","15,071.00","12,689.00",0.00,0.00,0.00,"22,924.69",0.00,"12,836.60","84,821.00",0.00,"84,821.00","42,831.00",0.00,"36,527.00","5,463.00",0.00,0.00,0.00,0.00,0.00,0.00,648.00,0.00,686.00,358.00,411.18,652.82,87.92,0.00,0.00,22.00,0.00,99.00,235.00,"4,193.00",31.00,23.00,"96,811.00","36,657.00","3,371.00","1,692.00","1,507.92",2.44,0.32
2026-03-18,2026-03-16,2026-03-01,"87,148.00","87,885.00",247.58,258.71,21.40,185.82,"27,444.00","26,116.00","11,690.00","4,072.00","3,758.00","2,786.00",469.00,352.00,0.15,0.92,0.74,0.17,0.75,0.09,"4,072.00","3,661.00","2,710.00",270.00,74.00,0.90,0.74,0.10,0.27,0.02,"4,072.00","3,748.00","2,782.00",459.00,350.00,0.92,0.74,0.16,0.76,0.09,459.00,260.00,182.00,12.00,5.00,350.00,336.00,10.00,4.00,-,459.00,260.00,182.00,12.00,5.00,350.00,336.00,10.00,4.00,-,456.84,336.86,190.76,258.71,"87,148.00",0.00,"87,148.00","44,446.00","37,324.00","5,378.00",0.00,,0.00,0.00,0.00,"15,218.00","15,218.00","14,010.00",0.00,0.00,0.00,"26,953.93",0.00,"10,370.12","87,885.00",0.00,"87,885.00","44,446.00",0.00,"38,091.00","5,348.00",0.00,0.00,0.00,0.00,0.00,0.00,481.00,0.00,936.00,399.00,579.70,394.23,96.79,0.00,0.00,19.00,0.00,131.00,202.00,"4,215.00",31.00,24.00,"108,308.00","45,545.00","3,409.00","1,816.00","1,422.71",2.24,0.33
2026-03-19,2026-03-16,2026-03-01,"88,126.00","88,885.00",247.54,239.43,22.80,187.50,"27,378.00","25,997.00","11,201.00","3,865.00","3,629.00","2,801.00",470.00,356.00,0.14,0.94,0.77,0.17,0.76,0.09,"3,865.00","3,534.00","2,728.00",284.00,90.00,0.91,0.77,0.10,0.32,0.02,"3,865.00","3,592.00","2,779.00",465.00,359.00,0.93,0.77,0.17,0.77,0.09,465.00,298.00,155.00,10.00,2.00,359.00,350.00,8.00,1.00,-,465.00,298.00,155.00,10.00,2.00,359.00,350.00,8.00,1.00,-,498.90,368.06,176.64,239.43,"88,126.00",0.00,"88,126.00","37,174.00","45,382.00","5,570.00",0.00,,0.00,0.00,0.00,"12,477.00","12,477.00","12,220.00",0.00,0.00,0.00,"34,695.73",0.00,"10,686.28","88,885.00",0.00,"88,885.00","37,174.00",0.00,"46,147.00","5,564.00",0.00,0.00,0.00,0.00,0.00,0.00,457.00,0.00,"1,003.00",447.00,544.64,332.70,98.89,0.00,0.00,19.00,0.00,134.00,203.00,"4,090.00",25.00,15.00,"94,056.00","39,492.00","2,892.00","1,907.00","1,332.23",2.03,0.35
2026-03-20,2026-03-16,2026-03-01,"87,283.00","88,003.00",229.09,263.48,24.52,190.99,"26,643.00","25,188.00","10,458.00","3,560.00","3,268.00","2,504.00",457.00,381.00,0.13,0.92,0.77,0.18,0.83,0.11,"3,560.00","3,177.00","2,425.00",259.00,112.00,0.89,0.76,0.11,0.43,0.03,"3,560.00","3,257.00","2,480.00",422.00,344.00,0.91,0.76,0.17,0.82,0.10,422.00,265.00,133.00,21.00,3.00,344.00,322.00,19.00,3.00,-,422.00,265.00,133.00,21.00,3.00,344.00,322.00,19.00,3.00,-,448.78,331.27,194.49,263.48,"87,283.00",0.00,"87,283.00","37,485.00","44,647.00","5,151.00",0.00,,0.00,0.00,0.00,"11,881.00","11,881.00","13,723.00",0.00,0.00,0.00,"34,028.36",0.00,"10,619.07","88,003.00",0.00,"88,003.00","37,484.00",0.00,"45,380.00","5,139.00",0.00,0.00,0.00,0.00,0.00,0.00,439.00,0.00,998.00,342.00,375.60,266.50,93.72,0.00,0.00,17.00,0.00,151.00,146.00,"3,709.00",18.00,15.00,"114,189.00","36,831.00","2,306.00","1,779.00","1,049.82",2.00,0.44
2026-03-21,2026-03-16,2026-03-01,"90,642.00","91,308.00",276.35,265.60,22.69,202.78,"27,244.00","25,878.00","10,817.00","3,994.00","3,745.00","2,824.00",447.00,328.00,0.15,0.94,0.75,0.16,0.73,0.08,"3,994.00","3,636.00","2,736.00",265.00,99.00,0.91,0.75,0.10,0.37,0.02,"3,994.00","3,717.00","2,798.00",460.00,363.00,0.93,0.75,0.16,0.79,0.09,460.00,309.00,135.00,14.00,2.00,363.00,350.00,11.00,2.00,-,460.00,309.00,135.00,14.00,2.00,363.00,350.00,11.00,2.00,-,461.90,341.27,196.24,265.60,"90,642.00",0.00,"90,642.00","40,225.00","45,639.00","4,778.00",0.00,,0.00,0.00,0.00,"13,895.00","13,895.00","12,435.00",0.00,0.00,0.00,"33,965.76",0.00,"11,673.53","91,308.00",0.00,"91,308.00","40,225.00",0.00,"46,316.00","4,767.00",0.00,0.00,0.00,0.00,0.00,0.00,495.00,0.00,"1,018.00",528.00,585.79,287.97,84.78,0.00,0.00,21.00,0.00,135.00,186.00,"3,458.00",18.00,16.00,"91,082.00","34,467.00","2,720.00","2,041.00","1,300.54",1.96,0.34
2026-03-22,2026-03-16,2026-03-01,"99,557.00","100,150.00",229.39,234.68,20.41,190.72,"30,355.00","28,977.00","12,470.00","4,877.00","4,596.00","3,410.00",522.00,434.00,0.16,0.94,0.74,0.15,0.83,0.09,"4,877.00","4,452.00","3,296.00",327.00,164.00,0.91,0.74,0.10,0.50,0.03,"4,877.00","4,534.00","3,358.00",539.00,421.00,0.93,0.74,0.16,0.78,0.09,539.00,346.00,177.00,14.00,2.00,421.00,410.00,9.00,2.00,-,539.00,346.00,177.00,14.00,2.00,421.00,410.00,9.00,2.00,-,574.19,424.22,173.39,234.68,"99,557.00",0.00,"99,557.00","43,784.00","49,702.00","6,071.00",0.00,,0.00,0.00,0.00,"15,508.00","15,508.00","12,768.00",0.00,0.00,0.00,"36,274.79",0.00,"13,427.52","100,150.00",0.00,"100,150.00","43,783.00",0.00,"50,282.00","6,085.00",0.00,0.00,0.00,0.00,0.00,0.00,574.00,0.00,"1,224.00",759.00,744.09,473.11,97.09,0.00,0.00,21.00,0.00,134.00,285.00,"3,876.00",32.00,24.00,"85,784.00","36,339.00","2,832.00","2,557.00","1,754.29",1.91,0.30
2026-03-23,2026-03-23,2026-03-01,"106,288.00","106,889.00",326.04,267.90,23.24,203.23,"31,002.00","29,616.00","12,688.00","4,574.00","4,173.00","3,177.00",523.00,326.00,0.15,0.91,0.76,0.16,0.62,0.07,"4,574.00","4,066.00","3,094.00",318.00,119.00,0.89,0.76,0.10,0.37,0.03,"4,574.00","4,159.00","3,168.00",516.00,398.00,0.91,0.76,0.16,0.77,0.09,516.00,302.00,177.00,31.00,6.00,398.00,368.00,25.00,5.00,-,516.00,302.00,177.00,31.00,6.00,398.00,368.00,25.00,5.00,-,537.14,396.75,197.88,267.90,"106,288.00",0.00,"106,288.00","52,293.00","48,170.00","5,825.00",0.00,,0.00,0.00,0.00,"19,706.00","19,706.00","12,881.00",0.00,0.00,0.00,"35,899.91",0.00,"12,269.87","106,889.00",0.00,"106,889.00","52,293.00",0.00,"48,716.00","5,880.00",0.00,0.00,0.00,0.00,0.00,0.00,609.00,0.00,"1,160.00",533.00,"1,174.26",612.80,87.71,0.00,0.00,11.00,0.00,151.00,274.00,"4,403.00",23.00,15.00,"105,465.00","44,394.00","3,528.00","2,302.00","2,310.78",1.99,0.23
2026-03-24,2026-03-23,2026-03-01,"96,952.00","94,786.00",238.80,322.87,27.75,217.38,"28,920.00","27,418.00","11,207.00","3,494.00","3,143.00","2,403.00",446.00,406.00,0.12,0.90,0.76,0.19,0.91,0.12,"3,494.00","3,053.00","2,334.00",234.00,99.00,0.87,0.76,0.10,0.42,0.03,"3,494.00","3,134.00","2,405.00",382.00,298.00,0.90,0.77,0.16,0.78,0.09,382.00,254.00,88.00,40.00,0.00,298.00,265.00,33.00,0.00,-,382.00,254.00,88.00,40.00,0.00,298.00,265.00,33.00,0.00,-,405.75,300.28,238.94,322.87,"96,952.00","2,763.00","94,189.00","42,324.00","46,846.00","5,019.00",0.00,,0.00,"2,763.00",0.00,"14,058.00","14,058.00","12,722.00",0.00,"1,486.00",0.00,"35,778.30",0.00,"11,067.44","94,786.00",0.00,"94,786.00","40,838.00","1,486.00","47,392.00","5,070.00",0.00,0.00,0.00,0.00,0.00,0.00,581.00,0.00,"1,197.00",394.00,718.83,362.14,79.36,0.00,0.00,19.00,0.00,153.00,214.00,"4,240.00",21.00,13.00,"106,230.00","40,615.00","3,398.00","2,172.00","1,546.33",1.61,0.29
2026-03-25,2026-03-23,2026-03-01,"95,912.00","93,310.00",260.63,254.80,24.29,194.55,"28,215.00","26,792.00","11,524.00","3,948.00","3,576.00","2,754.00",493.00,368.00,0.14,0.91,0.77,0.18,0.75,0.09,"3,948.00","3,488.00","2,680.00",296.00,107.00,0.88,0.77,0.11,0.36,0.03,"3,948.00","3,583.00","2,752.00",470.00,357.00,0.91,0.77,0.17,0.76,0.09,470.00,344.00,92.00,30.00,4.00,357.00,334.00,19.00,4.00,-,470.00,344.00,92.00,30.00,4.00,357.00,334.00,19.00,4.00,-,508.31,376.43,188.69,254.80,"95,912.00","3,118.00","92,794.00","42,907.00","44,542.00","5,345.00",0.00,,0.00,"3,118.00",0.00,"14,820.00","14,820.00","11,523.00",0.00,"1,744.00",0.00,"33,610.56",0.00,"10,931.09","93,310.00",0.00,"93,310.00","41,163.00","1,744.00","44,983.00","5,420.00",0.00,0.00,0.00,0.00,0.00,0.00,574.00,0.00,"1,162.00",412.00,"1,500.93",555.36,100.01,0.00,0.00,20.00,0.00,184.00,270.00,"4,114.00",27.00,16.00,"92,761.00","40,093.00","2,970.00","2,148.00","2,630.30",1.84,0.19
2026-03-26,2026-03-23,2026-03-01,"99,529.00","98,005.00",219.23,242.69,21.71,166.99,"31,529.00","30,043.00","13,936.00","4,585.00","4,204.00","3,370.00",596.00,454.00,0.15,0.92,0.80,0.18,0.76,0.10,"4,585.00","4,092.00","3,285.00",324.00,142.00,0.89,0.80,0.10,0.44,0.03,"4,585.00","4,211.00","3,379.00",569.00,436.00,0.92,0.80,0.17,0.77,0.10,569.00,445.00,95.00,28.00,1.00,436.00,414.00,22.00,0.00,-,569.00,445.00,95.00,28.00,1.00,436.00,414.00,22.00,0.00,-,552.95,410.11,180.00,242.69,"99,529.00","2,121.00","97,408.00","43,532.00","48,995.00","4,881.00",0.00,,0.00,"2,121.00",0.00,"14,170.00","14,170.00","13,013.00",0.00,"2,179.00",0.00,"37,007.95",0.00,"11,986.93","98,005.00",0.00,"98,005.00","41,353.00","2,179.00","49,492.00","4,981.00",0.00,0.00,0.00,0.00,0.00,0.00,580.00,0.00,"1,288.00",242.00,"2,227.31",358.20,111.31,0.00,0.00,13.00,0.00,142.00,229.00,"5,334.00",317.00,298.00,"780,486.00","98,356.00","2,898.00","2,110.00","3,080.82",2.17,0.19
2026-03-27,2026-03-23,2026-03-01,"97,925.00","97,449.00",192.39,254.62,26.53,148.82,"26,853.00","25,633.00","11,842.00","3,691.00","3,422.00","2,677.00",658.00,509.00,0.14,0.93,0.78,0.25,0.77,0.14,"3,691.00","3,310.00","2,595.00",305.00,135.00,0.90,0.78,0.12,0.44,0.04,"3,691.00","3,388.00","2,658.00",477.00,368.00,0.92,0.78,0.18,0.77,0.10,477.00,392.00,68.00,14.00,3.00,368.00,355.00,11.00,2.00,-,477.00,392.00,68.00,14.00,3.00,368.00,355.00,11.00,2.00,-,517.72,384.59,189.15,254.62,"97,925.00","1,276.00","96,649.00","49,302.00","42,695.00","4,652.00",0.00,,0.00,"1,276.00",0.00,"17,022.50","17,022.50","12,780.00",0.00,"2,477.00",0.00,"32,077.09",0.00,"10,617.65","97,449.00",0.00,"97,449.00","46,824.00","2,477.00","43,429.00","4,719.00",0.00,0.00,0.00,0.00,0.00,0.00,439.00,0.00,"1,079.00",192.00,566.05,393.42,110.42,0.00,0.00,19.00,0.00,198.00,196.00,"4,807.00",164.00,149.00,"677,904.00","78,053.00","2,816.00","1,710.00","1,482.89",2.16,0.44
2026-03-28,2026-03-23,2026-03-01,"99,157.00","98,053.00",234.41,249.38,26.78,179.63,"27,223.00","25,927.00","11,091.00","3,702.00","3,413.00","2,682.00",552.00,423.00,0.14,0.92,0.79,0.21,0.77,0.11,"3,702.00","3,316.00","2,604.00",311.00,144.00,0.90,0.79,0.12,0.46,0.04,"3,702.00","3,411.00","2,683.00",483.00,373.00,0.92,0.79,0.18,0.77,0.10,483.00,384.00,88.00,8.00,3.00,373.00,364.00,7.00,2.00,-,483.00,384.00,88.00,8.00,3.00,373.00,364.00,7.00,2.00,-,534.41,397.61,185.55,249.38,"99,157.00","2,224.00","96,933.00","41,172.00","51,180.00","4,581.00",0.00,,0.00,"2,224.00",0.00,"12,255.00","12,255.00","13,785.00",0.00,"2,877.00",0.00,"41,023.20",0.00,"10,156.95","98,053.00",0.00,"98,053.00","38,295.00","2,877.00","52,157.00","4,724.00",0.00,0.00,0.00,0.00,0.00,0.00,490.00,0.00,"1,271.00",355.00,0.00,320.56,110.50,0.00,0.00,18.00,0.00,192.00,188.00,"4,147.00",173.00,158.00,"679,389.00","84,856.00","2,711.00","2,116.00",829.06,1.75,0.67
2026-03-29,2026-03-23,2026-03-01,"120,875.00","119,327.00",286.43,253.52,23.13,195.27,"33,236.00","31,747.00","14,098.00","5,225.00","4,774.00","3,787.00",619.00,422.00,0.16,0.91,0.79,0.16,0.68,0.08,"5,225.00","4,644.00","3,679.00",379.00,159.00,0.89,0.79,0.10,0.42,0.03,"5,225.00","4,763.00","3,778.00",590.00,441.00,0.91,0.79,0.16,0.75,0.08,590.00,509.00,69.00,10.00,2.00,441.00,431.00,8.00,2.00,-,590.00,509.00,69.00,10.00,2.00,441.00,431.00,8.00,2.00,-,639.93,476.79,188.89,253.52,"120,875.00","2,743.00","118,132.00","53,714.00","58,776.00","5,642.00",0.00,,0.00,"2,743.00",0.00,"17,585.50","17,585.50","16,381.00",0.00,"2,162.00",0.00,"45,990.38",0.00,"12,785.81","119,327.00",0.00,"119,327.00","51,552.00","2,162.00","59,869.00","5,744.00",0.00,0.00,0.00,0.00,0.00,0.00,651.00,0.00,"1,509.00",477.00,0.00,451.69,88.15,0.00,0.00,18.00,0.00,204.00,258.00,"4,699.00",373.00,340.00,"777,119.00","83,852.00","2,983.00","2,637.00","1,019.84",1.98,0.61
2026-03-30,2026-03-30,2026-03-01,"107,810.00","101,906.00",240.65,262.94,26.17,179.98,"31,017.00","29,727.00","14,161.00","4,119.00","3,803.00","3,048.00",599.00,448.00,0.13,0.92,0.80,0.20,0.75,0.11,"4,119.00","3,667.00","2,931.00",327.00,139.00,0.89,0.80,0.11,0.43,0.03,"4,119.00","3,750.00","2,998.00",533.00,417.00,0.91,0.80,0.18,0.78,0.10,533.00,440.00,82.00,9.00,2.00,417.00,409.00,6.00,2.00,-,533.00,440.00,82.00,9.00,2.00,417.00,409.00,6.00,2.00,-,549.97,410.01,196.03,262.94,"107,810.00","6,964.00","100,846.00","46,959.00","48,106.00","5,781.00",0.00,,0.00,"6,964.00",0.00,"16,271.00","16,271.00","12,493.00",0.00,"1,924.00",0.00,"36,279.92",0.00,"11,826.03","101,906.00",0.00,"101,906.00","45,035.00","1,924.00","49,086.00","5,861.00",0.00,0.00,0.00,0.00,0.00,0.00,636.00,0.00,"1,533.00",319.00,0.00,422.39,96.01,0.00,0.00,43.00,0.00,408.00,305.00,"6,088.00",198.00,163.00,"194,441.00","74,756.00","3,691.00","2,488.00","1,274.40",1.66,0.47
2026-03-31,2026-03-30,2026-03-01,"109,549.00","105,623.00",229.66,243.55,26.80,159.69,"31,929.00","30,451.00","14,097.00","4,087.00","3,735.00","2,865.00",686.00,477.00,0.13,0.91,0.77,0.24,0.70,0.12,"4,087.00","3,627.00","2,777.00",358.00,130.00,0.89,0.77,0.13,0.36,0.03,"4,087.00","3,716.00","2,846.00",538.00,415.00,0.91,0.77,0.19,0.77,0.10,538.00,434.00,89.00,12.00,3.00,415.00,406.00,6.00,3.00,-,538.00,434.00,89.00,12.00,3.00,415.00,406.00,6.00,3.00,-,602.63,449.80,181.78,243.55,"109,549.00","5,164.00","104,385.00","48,259.00","49,504.00","6,622.00",0.00,,0.00,"5,164.00",0.00,"16,755.00","16,755.00","11,762.00",0.00,"2,987.00",0.00,"36,642.49",0.00,"12,861.04","105,623.00",0.00,"105,623.00","45,272.00","2,987.00","50,686.00","6,678.00",0.00,0.00,0.00,0.00,0.00,0.00,588.00,0.00,"1,268.00",441.00,0.00,449.63,90.06,0.00,0.00,42.00,0.00,556.00,285.00,"5,998.00",223.00,165.00,"391,066.00","108,119.00","3,382.00","2,297.00","1,422.69",1.78,0.48
2026-04-01,2026-03-30,2026-04-01,"118,488.72","87,667.00",253.18,289.71,30.65,206.43,"33,325.00","31,783.00","15,053.00","3,866.00","3,526.00","2,772.00",574.00,468.00,0.12,0.91,0.79,0.21,0.82,0.12,"3,866.00","3,428.00","2,693.00",328.00,99.00,0.89,0.79,0.12,0.30,0.03,"3,866.00","3,506.00","2,760.00",513.00,402.00,0.91,0.79,0.19,0.78,0.10,513.00,425.00,75.00,10.00,3.00,402.00,393.00,8.00,1.00,-,513.00,425.00,75.00,10.00,3.00,402.00,393.00,8.00,1.00,-,549.33,408.99,215.70,289.71,"118,488.72",0.00,"118,488.72","48,765.12","62,062.36","7,661.24",0.00,,0.00,0.00,0.00,"10,629.94","20,793.46","12,984.36",0.00,"4,357.36",0.00,"48,987.93","2,081.09","10,993.34","87,667.00",0.00,"87,667.00","38,500.00","5,000.00","38,500.00","5,000.00",667.00,0.00,0.00,0.00,0.00,0.00,503.00,17.00,"1,583.00",431.00,0.00,464.46,99.22,0.00,0.00,36.00,5.00,487.00,320.00,"6,343.00",164.00,123.00,"434,828.00","110,656.00","3,704.00","2,534.00","1,411.68",1.53,0.41
2026-04-02,2026-03-30,2026-04-01,"112,110.20","87,667.00",234.54,283.95,30.77,202.00,"29,539.00","27,864.00","12,194.00","3,644.00","3,333.00","2,565.00",555.00,478.00,0.12,0.91,0.77,0.22,0.86,0.13,"3,644.00","3,236.00","2,484.00",318.00,101.00,0.89,0.77,0.13,0.32,0.03,"3,644.00","3,324.00","2,557.00",461.00,367.00,0.91,0.77,0.18,0.80,0.10,461.00,371.00,77.00,11.00,2.00,367.00,357.00,8.00,2.00,-,461.00,371.00,77.00,11.00,2.00,367.00,357.00,8.00,2.00,-,530.53,394.82,211.32,283.95,"112,110.20",0.00,"112,110.20","46,291.84","58,575.26","7,243.10",0.00,,0.00,0.00,0.00,"10,546.36","20,777.34","12,033.06",0.00,"2,935.08",0.00,"44,300.91","3,787.27","10,487.09","87,667.00",0.00,"87,667.00","38,500.00","5,000.00","38,500.00","5,000.00",667.00,0.00,0.00,0.00,0.00,0.00,497.00,41.00,"1,548.00",409.00,0.00,372.78,83.70,0.00,0.00,43.00,10.00,569.00,244.00,"5,026.00",138.00,100.00,"106,149.00","45,437.00","2,288.00","2,495.00","1,322.48",1.46,0.42
2026-04-03,2026-03-30,2026-04-01,"117,942.87","87,667.00",252.55,330.52,31.23,239.24,"29,954.00","28,484.00","11,087.00","3,777.00","3,444.00","2,637.00",493.00,467.00,0.13,0.91,0.77,0.19,0.95,0.12,"3,777.00","3,352.00","2,560.00",281.00,137.00,0.89,0.76,0.11,0.49,0.04,"3,777.00","3,422.00","2,620.00",416.00,332.00,0.91,0.77,0.16,0.80,0.09,416.00,355.00,54.00,6.00,1.00,332.00,326.00,5.00,1.00,-,416.00,355.00,54.00,6.00,1.00,332.00,326.00,5.00,1.00,-,479.02,356.84,246.22,330.52,"117,942.87",0.00,"117,942.87","48,934.20","61,159.97","7,848.70",0.00,,0.00,0.00,0.00,"11,730.11","21,480.93","12,754.21",0.00,"2,968.95",0.00,"47,401.42","1,784.60","11,973.95","87,667.00",0.00,"87,667.00","38,500.00","5,000.00","38,500.00","5,000.00",667.00,0.00,0.00,0.00,0.00,0.00,501.00,27.00,"1,620.00",471.00,0.00,253.66,90.42,0.00,0.00,33.00,14.00,537.00,192.00,"3,881.00",134.00,114.00,"95,260.00","42,755.00","2,177.00","2,619.00","1,120.08",1.44,0.44
2026-04-04,2026-03-30,2026-04-01,"103,854.60","87,667.00",293.37,325.81,33.93,265.61,"21,984.00","20,975.00","8,732.00","3,061.00","2,812.00","2,163.00",391.00,354.00,0.14,0.92,0.77,0.18,0.91,0.12,"3,061.00","2,736.00","2,096.00",263.00,140.00,0.89,0.77,0.13,0.53,0.05,"3,061.00","2,783.00","2,133.00",393.00,307.00,0.91,0.77,0.18,0.78,0.10,393.00,324.00,61.00,4.00,4.00,307.00,302.00,3.00,2.00,-,393.00,324.00,61.00,4.00,4.00,307.00,302.00,3.00,2.00,-,426.84,318.76,243.31,325.81,"103,854.60",0.00,"103,854.60","47,683.55","48,250.55","7,920.50",0.00,,0.00,0.00,0.00,"11,314.60","23,790.75","10,506.90",0.00,"2,071.30",0.00,"38,803.80",0.00,"9,446.75","87,667.00",0.00,"87,667.00","38,500.00","5,000.00","38,500.00","5,000.00",667.00,0.00,0.00,0.00,0.00,0.00,435.00,1.00,"1,702.00",492.00,0.00,370.41,67.92,0.00,0.00,22.00,2.00,395.00,169.00,"3,185.00",118.00,106.00,"117,139.00","44,882.00","2,167.00","2,630.00","1,026.33",1.16,0.38
2026-04-05,2026-03-30,2026-04-01,"81,973.79","87,667.00",257.78,263.87,23.53,207.00,"22,220.00","21,340.00","9,147.00","3,484.00","3,209.00","2,467.00",396.00,318.00,0.16,0.92,0.77,0.16,0.80,0.09,"3,484.00","3,135.00","2,407.00",252.00,133.00,0.90,0.77,0.10,0.53,0.04,"3,484.00","3,194.00","2,451.00",396.00,304.00,0.92,0.77,0.16,0.77,0.09,396.00,332.00,60.00,1.00,3.00,304.00,300.00,1.00,3.00,-,396.00,332.00,60.00,1.00,3.00,304.00,300.00,1.00,3.00,-,415.45,310.66,197.31,263.87,"81,973.79",0.00,"81,973.79","44,933.92","28,211.89","8,827.98",0.00,,0.00,0.00,0.00,"10,803.02","20,011.22","12,367.87",0.00,"1,751.81",0.00,"16,594.73",0.00,"11,617.16","87,667.00",0.00,"87,667.00","38,500.00","5,000.00","38,500.00","5,000.00",667.00,0.00,0.00,0.00,0.00,0.00,569.00,2.00,938.00,567.00,0.00,341.85,63.80,0.00,0.00,18.00,0.00,207.00,195.00,"3,091.00",110.00,98.00,"96,095.00","41,738.00","2,137.00","2,076.00",825.66,1.68,0.48
2026-04-06,2026-04-06,2026-04-01,"87,363.69","87,667.00",260.01,250.95,22.28,187.88,"24,497.00","23,600.00","10,417.00","3,922.00","3,645.00","2,815.00",465.00,336.00,0.16,0.93,0.77,0.17,0.72,0.09,"3,922.00","3,542.00","2,734.00",281.00,143.00,0.90,0.77,0.10,0.51,0.04,"3,922.00","3,638.00","2,810.00",454.00,366.00,0.93,0.77,0.16,0.81,0.09,454.00,378.00,64.00,6.00,6.00,366.00,355.00,5.00,6.00,-,454.00,378.00,64.00,6.00,6.00,366.00,355.00,5.00,6.00,-,464.73,348.14,187.99,250.95,"87,363.69",0.00,"87,363.69","48,431.60","29,591.59","9,340.50",0.00,,0.00,0.00,0.00,"11,261.33","21,399.80","14,116.14",0.00,"1,654.33",0.00,"17,497.35",0.00,"12,094.24","87,667.00",0.00,"87,667.00","38,500.00","5,000.00","38,500.00","5,000.00",667.00,0.00,0.00,0.00,0.00,0.00,680.00,1.00,936.00,562.00,0.00,447.99,90.73,0.00,0.00,27.00,2.00,220.00,216.00,"3,483.00",137.00,122.00,"76,136.00","31,019.00","2,703.00","2,179.00","1,003.72",1.80,0.46
2026-04-07,2026-04-06,2026-04-01,"78,226.74","95,667.00",249.13,243.83,22.95,180.66,"23,244.00","22,308.00","9,987.00","3,409.00","3,103.00","2,346.00",433.00,314.00,0.15,0.91,0.76,0.18,0.73,0.09,"3,409.00","3,017.00","2,280.00",258.00,91.00,0.89,0.76,0.11,0.35,0.03,"3,409.00","3,085.00","2,338.00",407.00,335.00,0.90,0.76,0.17,0.82,0.10,407.00,346.00,48.00,7.00,6.00,335.00,322.00,7.00,6.00,-,407.00,346.00,48.00,7.00,6.00,335.00,322.00,7.00,6.00,-,427.10,320.82,183.16,243.83,"78,226.74",0.00,"78,226.74","40,926.98","29,834.87","7,464.89",0.00,,0.00,0.00,0.00,"10,603.81","18,204.56","10,821.12",0.00,"1,297.49",0.00,"18,300.36",0.00,"11,534.51","95,667.00",0.00,"95,667.00","40,000.00","7,500.00","40,000.00","7,500.00",667.00,0.00,0.00,0.00,0.00,0.00,590.00,4.00,921.00,411.00,0.00,260.16,75.65,0.00,0.00,37.00,0.00,287.00,208.00,"3,805.00",95.00,80.00,"79,400.00","30,480.00","2,800.00","1,926.00",867.81,1.77,0.50
2026-04-08,2026-04-06,2026-04-01,"80,501.55","95,667.00",214.10,255.00,24.07,188.53,"23,581.00","22,613.00","10,084.00","3,344.00","3,083.00","2,337.00",427.00,376.00,0.14,0.92,0.76,0.18,0.88,0.11,"3,344.00","3,003.00","2,270.00",254.00,100.00,0.90,0.76,0.11,0.39,0.03,"3,344.00","3,065.00","2,324.00",402.00,328.00,0.92,0.76,0.17,0.82,0.10,402.00,347.00,48.00,6.00,1.00,328.00,324.00,4.00,0.00,-,402.00,347.00,48.00,6.00,1.00,328.00,324.00,4.00,0.00,-,419.86,315.70,191.73,255.00,"80,501.55",0.00,"80,501.55","44,982.79","27,393.32","8,125.44",0.00,,0.00,0.00,0.00,"12,110.73","20,162.72","11,410.19",0.00,"1,299.15",0.00,"16,208.99",0.00,"11,184.33","95,667.00",0.00,"95,667.00","40,000.00","7,500.00","40,000.00","7,500.00",667.00,0.00,0.00,0.00,0.00,0.00,514.00,3.00,777.00,425.00,0.00,306.28,49.63,0.00,0.00,28.00,0.00,212.00,220.00,"3,739.00",83.00,66.00,"133,310.00","60,264.00","2,860.00","1,719.00",815.91,1.95,0.52
2026-04-09,2026-04-06,2026-04-01,"75,680.89","95,667.00",223.25,245.10,22.54,183.69,"22,651.00","21,824.00","10,118.00","3,358.00","3,083.00","2,312.00",412.00,339.00,0.15,0.92,0.75,0.18,0.82,0.10,"3,358.00","3,001.00","2,248.00",246.00,96.00,0.89,0.75,0.11,0.39,0.03,"3,358.00","3,071.00","2,304.00",401.00,316.00,0.91,0.75,0.17,0.79,0.09,401.00,322.00,68.00,5.00,6.00,316.00,310.00,4.00,2.00,-,401.00,322.00,68.00,5.00,6.00,316.00,310.00,4.00,2.00,-,411.39,308.77,183.97,245.10,"75,680.89",0.00,"75,680.89","37,104.07","30,538.27","8,038.55",0.00,,0.00,0.00,0.00,"9,803.87","15,655.51","10,415.94",0.00,"1,228.75",0.00,"17,021.07","8,290.02","5,227.18","95,667.00",0.00,"95,667.00","40,000.00","7,500.00","40,000.00","7,500.00",667.00,0.00,0.00,0.00,0.00,0.00,127.00,159.00,620.00,464.00,0.00,239.67,69.74,0.00,0.00,21.00,4.00,228.00,234.00,"3,992.00",76.00,56.00,"81,716.00","33,445.00","2,677.00","1,370.00",796.41,2.45,0.52
2026-04-10,2026-04-06,2026-04-01,"71,985.50","95,667.00",207.45,270.24,23.97,194.03,"21,164.00","20,191.00","9,168.00","3,003.00","2,793.00","2,123.00",371.00,347.00,0.14,0.93,0.76,0.17,0.94,0.12,"3,003.00","2,701.00","2,055.00",211.00,100.00,0.90,0.76,0.10,0.47,0.03,"3,003.00","2,768.00","2,109.00",343.00,258.00,0.92,0.76,0.16,0.75,0.09,343.00,284.00,50.00,5.00,4.00,258.00,250.00,4.00,4.00,-,343.00,284.00,50.00,5.00,4.00,258.00,250.00,4.00,4.00,-,354.47,266.38,203.08,270.24,"71,985.50",0.00,"71,985.50","33,731.79","31,480.39","6,773.32",0.00,,0.00,0.00,0.00,"9,868.37","14,020.08","8,912.33",0.00,931.01,0.00,"17,082.87","10,694.24","3,703.28","95,667.00",0.00,"95,667.00","40,000.00","7,500.00","40,000.00","7,500.00",667.00,0.00,0.00,0.00,0.00,0.00,29.00,601.00,810.00,367.00,0.00,134.33,68.27,0.00,0.00,2.00,21.00,232.00,185.00,"3,710.00",87.00,69.00,"279,254.00","103,974.00","2,679.00","1,807.00",642.60,1.66,0.58
2026-04-11,2026-04-06,2026-04-01,"69,583.67","95,667.00",245.88,296.51,24.30,223.02,"22,065.00","21,010.00","8,405.00","2,863.00","2,599.00","1,943.00",312.00,283.00,0.13,0.91,0.75,0.16,0.91,0.10,"2,863.00","2,525.00","1,888.00",185.00,93.00,0.88,0.75,0.10,0.50,0.03,"2,863.00","2,605.00","1,953.00",310.00,241.00,0.91,0.75,0.16,0.78,0.08,310.00,251.00,51.00,5.00,3.00,241.00,234.00,4.00,3.00,-,310.00,251.00,51.00,5.00,3.00,241.00,234.00,4.00,3.00,-,311.62,234.68,223.30,296.51,"69,583.67",0.00,"69,583.67","29,471.40","33,369.62","6,742.65",0.00,,0.00,0.00,0.00,"9,352.26","10,503.36","8,736.98",0.00,878.80,0.00,"19,878.10","9,436.70","4,054.82","95,667.00",0.00,"95,667.00","40,000.00","7,500.00","40,000.00","7,500.00",667.00,0.00,0.00,0.00,0.00,0.00,19.00,633.00,879.00,429.00,0.00,114.55,63.42,0.00,0.00,2.00,22.00,192.00,154.00,"3,269.00",85.00,74.00,"87,021.00","30,065.00","2,607.00","1,960.00",547.97,1.46,0.57
2026-04-12,2026-04-06,2026-04-01,"80,107.38","95,667.00",272.47,268.54,23.99,206.46,"23,393.00","22,403.00","9,235.00","3,339.00","3,079.00","2,317.00",388.00,294.00,0.14,0.92,0.75,0.17,0.76,0.09,"3,339.00","2,999.00","2,258.00",233.00,120.00,0.90,0.75,0.10,0.52,0.04,"3,339.00","3,060.00","2,303.00",384.00,315.00,0.92,0.75,0.17,0.82,0.09,384.00,315.00,61.00,7.00,1.00,315.00,309.00,6.00,0.00,-,384.00,315.00,61.00,7.00,1.00,315.00,309.00,6.00,0.00,-,394.35,298.31,203.14,268.54,"80,107.38",0.00,"80,107.38","31,852.23","40,389.33","7,865.82",0.00,,0.00,0.00,0.00,"9,667.34","12,200.04","8,954.95",0.00,"1,029.90",0.00,"25,666.11","12,563.37","2,159.85","95,667.00",0.00,"95,667.00","40,000.00","7,500.00","40,000.00","7,500.00",667.00,0.00,0.00,0.00,0.00,0.00,16.00,803.00,"1,115.00",457.00,0.00,146.38,72.20,0.00,0.00,1.00,24.00,248.00,183.00,"3,194.00",104.00,90.00,"129,917.00","27,680.00","2,616.00","2,391.00",674.58,1.40,0.58
2026-04-13,2026-04-13,2026-04-01,"76,287.61","95,667.00",291.17,266.47,24.81,195.11,"22,395.00","21,447.00","9,479.00","3,075.00","2,769.00","2,148.00",391.00,262.00,0.14,0.90,0.78,0.18,0.67,0.09,"3,075.00","2,694.00","2,086.00",224.00,80.00,0.88,0.77,0.11,0.36,0.03,"3,075.00","2,766.00","2,136.00",369.00,273.00,0.90,0.77,0.17,0.74,0.09,369.00,289.00,71.00,6.00,3.00,273.00,268.00,3.00,2.00,-,369.00,289.00,71.00,6.00,3.00,273.00,268.00,3.00,2.00,-,378.32,286.29,201.65,266.47,"76,287.61",0.00,"76,287.61","30,534.17","37,345.77","8,407.67",0.00,,0.00,0.00,0.00,"10,596.47","10,752.31","8,042.05",0.00,"1,143.34",0.00,"25,303.73","10,188.77","1,853.27","95,667.00",0.00,"95,667.00","40,000.00","7,500.00","40,000.00","7,500.00",667.00,0.00,0.00,0.00,0.00,0.00,10.00,680.00,"1,065.00",567.00,0.00,236.07,59.05,0.00,0.00,1.00,21.00,253.00,210.00,"3,413.00",72.00,59.00,"123,230.00","60,039.00","3,304.00","2,322.00",780.12,1.32,0.50
2026-04-14,2026-04-13,2026-04-01,"73,434.04","95,667.00",257.66,275.13,24.90,208.03,"22,478.00","21,457.00","9,406.00","2,949.00","2,723.00","2,046.00",353.00,285.00,0.13,0.92,0.75,0.17,0.81,0.10,"2,949.00","2,643.00","1,991.00",210.00,65.00,0.90,0.75,0.11,0.31,0.02,"2,949.00","2,719.00","2,057.00",377.00,297.00,0.92,0.76,0.18,0.79,0.10,377.00,306.00,63.00,6.00,2.00,297.00,290.00,5.00,2.00,-,377.00,306.00,63.00,6.00,2.00,297.00,290.00,5.00,2.00,-,351.95,266.91,208.65,275.13,"73,434.04",0.00,"73,434.04","28,969.65","37,717.65","6,746.74",0.00,,0.00,0.00,0.00,"9,736.87","9,391.17","7,599.94",614.94,"1,626.73",0.00,"25,227.14","10,566.97","1,923.54","95,667.00",0.00,"95,667.00","40,000.00","7,500.00","40,000.00","7,500.00",667.00,0.00,0.00,0.00,298.63,0.00,5.00,657.00,957.00,383.00,0.00,168.32,53.61,0.00,149.31,0.00,32.00,244.00,207.00,"3,645.00",99.00,86.00,"290,433.00","105,154.00","3,313.00","2,300.63",854.24,1.28,0.41
2026-04-15,2026-04-13,2026-04-01,"82,679.41","95,667.00",271.97,270.20,22.05,190.95,"24,402.00","23,341.00","10,445.00","3,749.00","3,376.00","2,615.00",433.00,304.00,0.15,0.90,0.77,0.17,0.70,0.08,"3,749.00","3,299.00","2,556.00",247.00,80.00,0.88,0.77,0.10,0.32,0.02,"3,749.00","3,379.00","2,620.00",407.00,327.00,0.90,0.78,0.16,0.80,0.09,407.00,309.00,87.00,8.00,3.00,327.00,317.00,8.00,2.00,-,407.00,309.00,87.00,8.00,3.00,327.00,317.00,8.00,2.00,-,402.89,305.99,205.22,270.20,"82,679.41",0.00,"82,679.41","41,562.66","36,894.64","4,222.11",0.00,,0.00,0.00,0.00,"9,814.89","21,334.19","7,666.89",405.12,"2,341.57",0.00,"24,619.85","10,313.55","1,961.24","95,667.00",0.00,"95,667.00","40,000.00","7,500.00","40,000.00","7,500.00",667.00,0.00,0.00,0.00,298.83,0.00,8.00,817.00,"1,134.00",273.00,0.00,456.46,60.12,0.00,99.61,0.00,46.00,260.00,158.00,"3,735.00",88.00,70.00,"89,358.00","37,566.00","3,575.00","2,530.83","1,080.19",1.48,0.40
2026-04-16,2026-04-13,2026-04-01,"82,583.32","95,667.00",254.89,273.68,24.40,202.91,"24,146.00","23,020.00","10,023.00","3,384.00","3,074.00","2,394.00",407.00,324.00,0.14,0.91,0.78,0.17,0.80,0.10,"3,384.00","2,996.00","2,328.00",247.00,81.00,0.89,0.78,0.11,0.33,0.02,"3,384.00","3,079.00","2,392.00",399.00,314.00,0.91,0.78,0.17,0.79,0.09,399.00,293.00,104.00,2.00,0.00,314.00,312.00,2.00,0.00,-,399.00,293.00,104.00,2.00,0.00,314.00,312.00,2.00,0.00,-,398.51,301.76,207.23,273.68,"82,583.32",0.00,"82,583.32","43,862.03","35,064.20","3,657.09",0.00,,0.00,0.00,0.00,"9,931.55","24,514.51","7,138.89",397.72,"1,879.36",0.00,"23,285.43","9,779.43","1,999.34","95,667.00",0.00,"95,667.00","40,000.00","7,500.00","40,000.00","7,500.00",667.00,0.00,0.00,0.00,182.18,0.00,0.00,682.00,"1,055.00",245.00,0.00,527.79,41.40,0.00,91.09,0.00,26.00,273.00,232.00,"3,841.00",95.00,80.00,"99,430.00","44,157.00","3,344.00","2,164.18","1,191.28",1.56,0.34
2026-04-17,2026-04-13,2026-04-01,"85,045.01","95,667.00",220.90,285.29,26.37,206.42,"23,508.00","22,410.00","9,429.00","3,225.00","2,942.00","2,304.00",412.00,385.00,0.14,0.91,0.78,0.18,0.93,0.12,"3,225.00","2,864.00","2,237.00",247.00,113.00,0.89,0.78,0.11,0.46,0.04,"3,225.00","2,926.00","2,287.00",397.00,329.00,0.91,0.78,0.17,0.83,0.10,397.00,279.00,112.00,6.00,0.00,329.00,323.00,6.00,0.00,-,397.00,279.00,112.00,6.00,0.00,329.00,323.00,6.00,0.00,-,393.91,298.10,215.90,285.29,"85,045.01",0.00,"85,045.01","49,862.05","35,096.08",86.88,0.00,,0.00,0.00,0.00,"8,831.74","29,491.21","9,037.90",398.40,"2,102.80",0.00,"23,422.91","9,388.88","2,284.29","95,667.00",0.00,"95,667.00","40,000.00","7,500.00","40,000.00","7,500.00",667.00,0.00,0.00,0.00,312.16,0.00,0.00,589.00,904.00,6.00,0.00,448.37,56.68,0.00,104.05,0.00,35.00,250.00,12.00,"3,694.00",100.00,88.00,"74,208.00","30,097.00","3,092.00","1,811.16",906.10,1.78,0.45
2026-04-18,2026-04-13,2026-04-01,"70,346.74","95,667.00",218.47,254.98,26.15,199.28,"20,809.00","19,702.00","8,194.00","2,690.00","2,451.00","1,871.00",353.00,322.00,0.13,0.91,0.76,0.19,0.91,0.12,"2,690.00","2,390.00","1,824.00",224.00,121.00,0.89,0.76,0.12,0.54,0.04,"2,690.00","2,447.00","1,867.00",338.00,268.00,0.91,0.76,0.18,0.79,0.10,338.00,257.00,80.00,1.00,0.00,268.00,268.00,0.00,0.00,-,338.00,257.00,80.00,1.00,0.00,268.00,268.00,0.00,0.00,-,364.17,275.89,193.17,254.98,"70,346.74",0.00,"70,346.74","36,289.69","34,057.05",0.00,0.00,,0.00,0.00,0.00,"10,570.18","14,902.58","7,891.28",448.31,"2,477.34",0.00,"23,237.88","8,980.18","1,838.99","95,667.00",0.00,"95,667.00","40,000.00","7,500.00","40,000.00","7,500.00",667.00,0.00,0.00,0.00,250.11,0.00,0.00,550.00,826.00,1.00,0.00,355.15,60.66,0.00,250.11,0.00,22.00,204.00,0.00,"3,405.00",118.00,105.00,"83,835.00","31,820.00","2,888.00","1,627.11",891.92,1.65,0.40
2026-04-19,2026-04-13,2026-04-01,"78,267.96","95,667.00",294.24,263.60,24.35,213.26,"22,934.00","21,815.00","8,927.00","3,214.00","2,942.00","2,231.00",367.00,266.00,0.14,0.92,0.76,0.16,0.72,0.08,"3,214.00","2,869.00","2,177.00",241.00,122.00,0.89,0.76,0.11,0.51,0.04,"3,214.00","2,935.00","2,228.00",391.00,325.00,0.91,0.76,0.18,0.83,0.10,391.00,297.00,90.00,4.00,0.00,325.00,321.00,4.00,0.00,-,391.00,297.00,90.00,4.00,0.00,325.00,321.00,4.00,0.00,-,391.38,296.91,199.98,263.60,"78,267.96",0.00,"78,267.96","40,276.95","37,991.01",0.00,0.00,,0.00,0.00,0.00,"8,969.19","18,627.34","7,786.09",442.11,"4,452.22",0.00,"26,135.74","10,185.31","1,669.96","95,667.00",0.00,"95,667.00","40,000.00","7,500.00","40,000.00","7,500.00",667.00,0.00,0.00,0.00,185.28,0.00,0.00,638.00,922.00,0.00,0.00,435.25,60.95,0.00,61.76,0.00,21.00,195.00,0.00,"3,368.00",130.00,108.00,"82,182.00","35,137.00","3,277.00","1,745.28",773.96,1.84,0.47
2026-04-20,2026-04-20,2026-04-01,"85,736.65","95,667.00",404.42,331.91,26.68,239.49,"25,424.00","24,213.00","9,737.00","3,214.00","2,913.00","2,218.00",358.00,212.00,0.13,0.91,0.76,0.16,0.59,0.07,"3,214.00","2,849.00","2,174.00",205.00,51.00,0.89,0.76,0.09,0.25,0.02,"3,214.00","2,917.00","2,236.00",360.00,291.00,0.91,0.77,0.16,0.81,0.09,360.00,282.00,71.00,7.00,0.00,291.00,284.00,7.00,0.00,-,360.00,282.00,71.00,7.00,0.00,291.00,284.00,7.00,0.00,-,340.24,258.31,251.99,331.91,"85,736.65",0.00,"85,736.65","38,964.28","43,799.72","2,972.65",0.00,,0.00,0.00,0.00,"10,807.72","15,365.32","7,006.48",433.66,"5,351.10",0.00,"29,282.98","12,312.00","2,204.74","95,667.00",0.00,"95,667.00","40,000.00","7,500.00","40,000.00","7,500.00",667.00,0.00,0.00,0.00,142.99,0.00,0.00,718.00,924.00,95.00,0.00,247.65,54.95,0.00,71.49,0.00,21.00,199.00,46.00,"3,700.00",86.00,69.00,"145,211.00","64,354.00","3,744.00","1,879.99",640.08,1.71,0.56
2026-04-21,2026-04-20,2026-04-01,"86,731.18","100,667.00",287.19,292.73,27.97,222.96,"25,655.00","24,253.00","9,575.00","3,101.00","2,811.00","2,169.00",389.00,302.00,0.12,0.91,0.77,0.18,0.78,0.10,"3,101.00","2,741.00","2,110.00",235.00,60.00,0.88,0.77,0.11,0.26,0.02,"3,101.00","2,810.00","2,164.00",367.00,296.00,0.91,0.77,0.17,0.81,0.10,367.00,278.00,79.00,9.00,1.00,296.00,286.00,9.00,1.00,-,367.00,278.00,79.00,9.00,1.00,296.00,286.00,9.00,1.00,-,389.45,296.28,222.70,292.73,"86,731.18",0.00,"86,731.18","42,439.59","40,651.05","3,640.54",0.00,,0.00,0.00,0.00,"9,897.05","15,813.62","6,507.57",519.97,"9,701.38",0.00,"28,359.87","11,864.47",426.71,"100,667.00",0.00,"100,667.00","40,000.00","10,000.00","40,000.00","10,000.00",667.00,0.00,0.00,0.00,713.10,0.00,0.00,620.00,868.00,125.00,0.00,276.36,50.04,0.00,178.27,0.00,29.00,232.00,74.00,"3,736.00",77.00,62.00,"77,956.00","32,046.00","3,737.00","2,326.10",839.67,1.33,0.46
2026-04-22,2026-04-20,2026-04-01,"86,920.31","100,667.00",254.15,308.92,26.70,240.11,"26,017.00","24,525.00","9,757.00","3,255.00","2,903.00","2,248.00",362.00,342.00,0.13,0.89,0.77,0.16,0.94,0.11,"3,255.00","2,829.00","2,191.00",223.00,73.00,0.87,0.77,0.10,0.33,0.02,"3,255.00","2,919.00","2,259.00",368.00,282.00,0.90,0.77,0.16,0.77,0.09,368.00,276.00,80.00,9.00,3.00,282.00,274.00,7.00,1.00,-,368.00,276.00,80.00,9.00,3.00,282.00,274.00,7.00,1.00,-,369.30,281.37,235.36,308.92,"86,920.31",0.00,"86,920.31","41,845.05","41,877.40","3,197.86",0.00,,0.00,0.00,0.00,"9,435.01","16,031.97","6,123.75",446.30,"9,808.02",0.00,"28,134.37","13,743.03",0.00,"100,667.00",0.00,"100,667.00","40,000.00","10,000.00","40,000.00","10,000.00",667.00,0.00,0.00,0.00,217.28,0.00,0.00,751.00,826.00,138.00,"1,549.52",201.53,57.03,0.00,108.64,0.00,42.00,246.00,79.00,"3,780.00",93.00,79.00,"114,504.00","39,365.00","4,111.00","1,932.28","2,283.71",1.68,0.16
2026-04-23,2026-04-20,2026-04-01,"86,852.72","100,667.00",341.94,312.51,27.43,227.96,"26,706.00","25,175.00","9,644.00","3,166.00","2,840.00","2,189.00",381.00,254.00,0.12,0.90,0.77,0.17,0.67,0.08,"3,166.00","2,759.00","2,123.00",218.00,59.00,0.87,0.77,0.10,0.27,0.02,"3,166.00","2,829.00","2,174.00",347.00,276.00,0.89,0.77,0.16,0.80,0.09,347.00,266.00,71.00,10.00,0.00,276.00,270.00,6.00,0.00,-,347.00,266.00,71.00,10.00,0.00,276.00,270.00,6.00,0.00,-,365.08,277.92,237.90,312.51,"86,852.72",0.00,"86,852.72","38,477.16","46,083.94","2,291.62",0.00,,0.00,0.00,0.00,"8,928.98","12,994.08","6,595.41",386.17,"9,572.52",0.00,"29,515.75","16,568.19",0.00,"100,667.00",0.00,"100,667.00","40,000.00","10,000.00","40,000.00","10,000.00",667.00,0.00,0.00,0.00,176.00,0.00,0.00,794.00,814.00,68.00,894.13,267.49,58.46,0.00,88.00,0.00,44.00,231.00,60.00,"3,667.00",66.00,50.00,"120,264.00","49,581.00","3,757.00","1,852.00","1,643.08",1.71,0.23
2026-04-24,2026-04-20,2026-04-01,"90,817.63","100,667.00",273.55,311.56,30.35,211.20,"25,785.00","24,368.00","9,393.00","2,992.00","2,714.00","2,090.00",430.00,332.00,0.12,0.91,0.77,0.21,0.77,0.11,"2,992.00","2,623.00","2,020.00",227.00,80.00,0.88,0.77,0.11,0.35,0.03,"2,992.00","2,695.00","2,076.00",364.00,278.00,0.90,0.77,0.18,0.76,0.09,364.00,290.00,63.00,11.00,0.00,278.00,270.00,8.00,0.00,-,364.00,290.00,63.00,11.00,0.00,278.00,270.00,8.00,0.00,-,382.58,291.49,237.38,311.56,"90,817.63",0.00,"90,817.63","36,397.09","52,272.37","2,148.17",0.00,,0.00,0.00,0.00,"9,728.56","12,963.90","7,410.62",349.82,"5,944.19",0.00,"34,300.54","17,971.83",0.00,"100,667.00",0.00,"100,667.00","40,000.00","10,000.00","40,000.00","10,000.00",667.00,0.00,0.00,0.00,239.51,0.00,0.00,691.00,838.00,52.00,"1,663.31",216.96,55.94,0.00,119.75,0.00,41.00,287.00,54.00,"3,686.00",59.00,51.00,"95,148.00","32,335.00","3,309.00","1,820.51","2,437.97",1.64,0.18
2026-04-25,2026-04-20,2026-04-01,"88,920.19","100,667.00",251.19,297.96,26.28,226.84,"27,351.00","25,865.00","9,584.00","3,383.00","3,044.00","2,389.00",392.00,354.00,0.12,0.90,0.78,0.16,0.90,0.10,"3,383.00","2,971.00","2,326.00",229.00,108.00,0.88,0.78,0.10,0.47,0.03,"3,383.00","3,062.00","2,394.00",392.00,319.00,0.91,0.78,0.16,0.81,0.09,392.00,328.00,60.00,4.00,0.00,319.00,315.00,4.00,0.00,-,392.00,328.00,60.00,4.00,0.00,319.00,315.00,4.00,0.00,-,391.30,298.43,227.24,297.96,"88,920.19",0.00,"88,920.19","31,455.27","53,715.76","3,749.16",0.00,,0.00,0.00,0.00,"7,901.32","10,695.54","6,792.22",342.49,"5,723.70",0.00,"36,262.04","17,453.72",0.00,"100,667.00",0.00,"100,667.00","40,000.00","10,000.00","40,000.00","10,000.00",667.00,0.00,0.00,0.00,290.50,0.00,0.00,731.00,996.00,94.00,850.97,211.80,48.52,0.00,96.83,0.00,38.00,273.00,63.00,"3,750.00",234.00,213.00,"1,087,700.00","262,625.00","3,130.00","2,111.50","1,582.13",1.60,0.25
2026-04-26,2026-04-20,2026-04-01,"96,965.57","100,667.00",286.88,250.74,22.40,209.88,"31,039.00","29,184.00","11,098.00","4,328.00","3,920.00","3,045.00",462.00,338.00,0.14,0.91,0.78,0.15,0.73,0.08,"4,328.00","3,833.00","2,986.00",301.00,141.00,0.89,0.78,0.10,0.47,0.03,"4,328.00","3,939.00","3,071.00",506.00,398.00,0.91,0.78,0.16,0.79,0.09,506.00,408.00,80.00,15.00,3.00,398.00,386.00,10.00,2.00,-,506.00,408.00,80.00,15.00,3.00,398.00,386.00,10.00,2.00,-,506.14,386.72,191.58,250.74,"96,965.57",0.00,"96,965.57","40,226.90","53,791.23","2,947.44",0.00,,0.00,0.00,0.00,"9,600.40","15,658.02","7,318.68",382.79,"7,267.01",0.00,"38,145.40","15,645.83",0.00,"100,667.00",0.00,"100,667.00","40,000.00","10,000.00","40,000.00","10,000.00",667.00,0.00,0.00,0.00,200.74,0.00,0.00,817.00,"1,260.00",104.00,"2,414.29",406.35,41.55,0.00,100.37,0.00,32.00,290.00,66.00,"3,983.00",286.00,262.00,"976,720.00","247,491.00","3,771.00","2,381.74","3,350.55",1.82,0.14
2026-04-27,2026-04-27,2026-04-01,"91,942.78","100,667.00",309.57,253.08,24.16,199.44,"28,395.00","26,863.00","10,800.00","3,806.00","3,446.00","2,705.00",461.00,297.00,0.13,0.91,0.78,0.17,0.64,0.08,"3,806.00","3,361.00","2,643.00",283.00,103.00,0.88,0.79,0.11,0.36,0.03,"3,806.00","3,450.00","2,714.00",469.00,381.00,0.91,0.79,0.17,0.81,0.10,469.00,368.00,89.00,12.00,0.00,381.00,371.00,10.00,0.00,-,469.00,368.00,89.00,12.00,0.00,381.00,371.00,10.00,0.00,-,475.74,363.29,193.26,253.08,"91,942.78",0.00,"91,942.78","42,501.87","45,983.52","3,457.39",0.00,,0.00,0.00,0.00,"9,497.15","17,413.40","7,202.97",391.34,"7,845.54",151.47,"32,350.40","13,633.12",0.00,"100,667.00",0.00,"100,667.00","40,000.00","10,000.00","40,000.00","10,000.00",667.00,0.00,0.00,0.00,459.49,0.00,0.00,832.00,"1,055.00",109.00,"1,983.39",289.31,52.97,0.00,114.87,0.00,43.00,297.00,85.00,"4,153.00",146.00,127.00,"140,861.00","44,733.00","3,587.00","2,455.49","2,865.54",1.55,0.16
2026-04-28,2026-04-27,2026-04-01,"85,409.07","100,667.00",220.13,223.71,23.66,157.58,"24,072.00","23,348.00","10,638.00","3,610.00","3,311.00","2,555.00",542.00,388.00,0.15,0.92,0.77,0.21,0.72,0.11,"3,610.00","3,226.00","2,492.00",303.00,94.00,0.89,0.77,0.12,0.31,0.03,"3,610.00","3,301.00","2,552.00",480.00,361.00,0.91,0.77,0.19,0.75,0.10,480.00,380.00,91.00,8.00,1.00,361.00,354.00,6.00,1.00,-,480.01,380.01,91.00,8.00,1.00,361.02,354.02,6.00,1.00,-,500.60,381.78,170.61,223.71,"85,409.07",0.00,"85,409.07","42,686.66","39,869.51","2,852.90",0.00,,0.00,0.00,0.00,"9,019.28","18,925.64","8,025.78",362.74,"6,201.75",151.47,"29,350.30","10,519.21",0.00,"100,667.00",0.00,"100,667.00","40,000.00","10,000.00","40,000.00","10,000.00",667.00,0.00,0.00,0.00,330.45,0.00,0.00,636.00,"1,036.00",74.00,"2,044.73",367.73,68.45,0.00,220.30,0.00,47.00,313.00,70.00,"4,227.00",261.00,237.00,"756,373.00","213,719.00","3,516.00","2,076.45","3,131.21",1.74,0.17
2026-04-29,2026-04-27,2026-04-01,"89,308.31","100,667.00",201.60,231.98,21.41,166.62,"23,620.00","22,848.00","11,509.00","4,171.00","3,797.00","2,953.00",536.00,443.00,0.18,0.91,0.78,0.18,0.83,0.11,"4,171.00","3,700.00","2,872.00",299.00,112.00,0.89,0.78,0.10,0.37,0.03,"4,171.00","3,811.00","2,961.00",480.00,382.00,0.91,0.78,0.16,0.80,0.09,480.00,367.00,91.00,21.00,1.00,382.00,363.00,18.00,1.00,-,480.25,367.19,91.04,21.02,1.00,382.33,363.31,18.02,1.00,-,504.56,384.98,177.00,231.98,"89,308.31",0.00,"89,308.31","43,379.25","42,543.13","3,385.93",0.00,,0.00,0.00,0.00,"8,728.13","18,578.52","6,967.07",351.24,"8,602.82",151.47,"32,224.15","10,318.98",0.00,"100,667.00",0.00,"100,667.00","40,000.00","10,000.00","40,000.00","10,000.00",667.00,0.00,0.00,0.00,136.25,0.00,0.00,634.00,"1,235.00",97.00,"1,107.44",344.07,44.68,0.00,68.13,0.00,47.00,379.00,83.00,"4,448.00",218.00,204.00,"1,041,992.00","229,491.00","4,016.00","2,102.25","2,073.32",1.98,0.26
2026-04-30,2026-04-27,2026-04-01,"85,059.90","100,667.00",193.76,221.54,23.46,150.28,"21,739.00","20,953.00","10,507.00","3,626.00","3,267.00","2,492.00",566.00,439.00,0.17,0.90,0.76,0.23,0.78,0.12,"3,626.00","3,180.00","2,426.00",296.00,118.00,0.88,0.76,0.12,0.40,0.03,"3,626.00","3,261.00","2,493.00",441.00,365.00,0.90,0.76,0.18,0.83,0.10,441.00,326.00,90.00,25.00,0.00,365.00,345.00,20.00,0.00,-,441.61,326.43,90.11,25.06,0.00,365.61,345.58,20.03,0.00,-,503.13,383.95,169.06,221.54,"85,059.90",0.00,"85,059.90","39,908.42","42,163.46","2,988.02",0.00,,0.00,0.00,0.00,"8,325.02","16,719.84","7,121.61",342.29,"7,248.19",151.47,"31,099.91","11,063.55",0.00,"100,667.00",0.00,"100,667.00","40,000.00","10,000.00","40,000.00","10,000.00",667.00,0.00,0.00,0.00,283.58,0.00,0.00,760.00,"1,071.00",69.00,"1,800.58",412.70,53.92,0.00,94.53,0.00,54.00,386.00,60.00,"4,258.00",106.00,98.00,"93,239.00","35,979.00","2,922.00","2,183.58","2,861.73",1.66,0.20
2026-05-01,2026-04-27,2026-05-01,"86,064.20","79,667.00",235.15,207.46,25.34,161.47,"19,759.00","19,020.00","9,551.00","3,397.00","3,084.00","2,347.00",533.00,366.00,0.17,0.91,0.76,0.23,0.69,0.11,"3,397.00","3,005.00","2,288.00",320.00,83.00,0.88,0.76,0.14,0.26,0.02,"3,397.00","3,088.00","2,356.00",438.00,333.00,0.91,0.76,0.19,0.76,0.10,438.00,330.00,86.00,22.00,0.00,333.00,320.00,13.00,0.00,-,439.02,330.77,86.17,22.08,0.00,333.85,320.82,13.03,0.00,-,542.36,414.85,158.68,207.46,"86,064.20",0.00,"86,064.20","42,297.82","41,247.73","2,518.65",0.00,,0.00,0.00,0.00,"10,396.38","17,793.21","6,878.61",412.93,"6,665.22",151.47,"31,296.61","9,951.12",0.00,"79,667.00",0.00,"79,667.00","43,000.00","2,000.00","30,000.00","4,000.00",667.00,0.00,0.00,0.00,197.01,0.00,0.00,686.00,"1,049.00",59.00,"1,805.65",347.09,65.29,0.00,98.51,0.00,69.00,333.00,50.00,"3,599.00",82.00,73.00,"69,983.00","26,360.00","2,808.00","1,991.01","2,768.54",1.71,0.19
2026-05-02,2026-04-27,2026-05-01,"79,897.29","79,667.00",209.16,265.10,23.73,211.93,"19,848.00","19,129.00","9,001.00","3,367.00","3,041.00","2,329.00",377.00,382.00,0.17,0.90,0.77,0.16,1.01,0.11,"3,367.00","2,957.00","2,267.00",230.00,82.00,0.88,0.77,0.10,0.36,0.02,"3,367.00","3,039.00","2,333.00",365.00,295.00,0.90,0.77,0.16,0.81,0.09,365.00,256.00,88.00,20.00,1.00,295.00,279.00,16.00,0.00,-,366.11,256.76,88.24,20.11,1.00,295.94,279.88,16.06,0.00,-,393.98,301.39,202.79,265.10,"79,897.29",0.00,"79,897.29","41,595.72","35,451.90","2,849.67",0.00,,0.00,0.00,0.00,"10,125.63","17,519.56","6,712.92",416.15,"6,669.99",151.47,"25,724.32","9,727.58",0.00,"79,667.00",0.00,"79,667.00","43,000.00","2,000.00","30,000.00","4,000.00",667.00,0.00,0.00,0.00,316.87,0.00,0.00,709.00,"1,067.00",93.00,865.29,347.18,41.00,0.00,158.44,0.00,35.00,253.00,35.00,"3,232.00",96.00,81.00,"139,848.00","58,284.00","2,821.00","2,185.87","1,734.91",1.54,0.22
2026-05-03,2026-04-27,2026-05-01,"91,370.75","79,667.00",260.32,256.59,22.57,229.57,"21,790.00","21,114.00","9,849.00","4,048.00","3,667.00","2,763.00",398.00,351.00,0.19,0.91,0.75,0.14,0.88,0.09,"4,048.00","3,572.00","2,689.00",272.00,121.00,0.88,0.75,0.10,0.44,0.03,"4,048.00","3,649.00","2,751.00",411.00,318.00,0.90,0.75,0.15,0.77,0.08,411.00,294.00,94.00,23.00,0.00,318.00,304.00,14.00,0.00,-,412.54,295.03,94.35,23.16,0.00,319.22,305.16,14.06,0.00,-,465.45,356.10,196.31,256.59,"91,370.75",0.00,"91,370.75","48,496.83","39,917.90","2,956.02",0.00,,0.00,0.00,0.00,"10,757.18","22,540.86","8,280.48",415.38,"6,351.46",151.47,"27,259.07","12,658.83",,"79,667.00",0.00,"79,667.00","43,000.00","2,000.00","30,000.00","4,000.00",667.00,0.00,0.00,0.00,206.70,0.00,0.00,944.00,"1,170.00",84.00,"1,730.08",360.97,46.61,0.00,103.35,0.00,27.00,235.00,42.00,"3,175.00",104.00,91.00,"72,138.00","28,925.00","2,850.00","2,404.70","2,545.00",1.68,0.16
2026-05-04,2026-05-04,2026-05-01,"93,177.03","79,667.00",225.07,235.17,21.84,194.52,"23,191.00","22,521.00","10,830.00","4,267.00","3,853.00","2,889.00",479.00,414.00,0.18,0.90,0.75,0.17,0.86,0.10,"4,267.00","3,762.00","2,817.00",308.00,146.00,0.88,0.75,0.11,0.47,0.03,"4,267.00","3,847.00","2,889.00",458.00,360.00,0.90,0.75,0.16,0.79,0.08,458.00,327.00,109.00,17.00,5.00,360.00,345.00,13.00,2.00,-,460.12,328.46,109.49,17.15,5.03,361.80,346.71,13.07,2.02,-,518.02,396.20,179.87,235.17,"93,177.03",0.00,"93,177.03","50,908.96","38,041.25","4,226.82",0.00,,0.00,0.00,0.00,"10,675.06","24,635.85","9,686.95",412.05,"4,911.12",587.93,"26,085.74","11,955.51",,"79,667.00",0.00,"79,667.00","43,000.00","2,000.00","30,000.00","4,000.00",667.00,0.00,0.00,0.00,198.30,0.00,0.00,958.00,"1,134.00",375.00,"2,401.79",478.48,67.02,0.00,99.15,0.00,36.00,313.00,85.00,"3,777.00",121.00,103.00,"132,509.00","62,216.00","3,879.00","2,665.30","3,480.44",1.60,0.14
2026-05-05,2026-05-04,2026-05-01,"85,522.77","79,667.00",305.44,256.29,23.48,206.08,"20,915.00","20,279.00","9,928.00","3,642.00","3,288.00","2,456.00",415.00,280.00,0.17,0.90,0.75,0.17,0.67,0.08,"3,642.00","3,214.00","2,398.00",260.00,87.00,0.88,0.75,0.11,0.33,0.02,"3,642.00","3,285.00","2,456.00",399.00,317.00,0.90,0.75,0.16,0.79,0.09,399.00,274.00,103.00,17.00,5.00,317.00,298.00,15.00,4.00,-,401.25,275.48,103.56,17.18,5.03,318.91,299.77,15.09,4.05,-,435.19,333.70,196.52,256.29,"85,522.77",0.00,"85,522.77","46,718.97","35,574.04","3,229.76",0.00,,0.00,0.00,0.00,"11,013.99","21,705.53","8,235.99",409.71,"4,765.82",587.93,"24,446.50","11,127.54",,"79,667.00",0.00,"79,667.00","43,000.00","2,000.00","30,000.00","4,000.00",667.00,0.00,0.00,0.00,204.46,0.00,0.00,787.00,"1,038.00",235.00,"1,078.62",393.10,46.11,0.00,102.23,0.00,30.00,250.00,59.00,"3,443.00",92.00,78.00,"76,021.00","29,773.00","3,335.00","2,264.46","1,959.06",1.61,0.21
2026-05-06,2026-05-04,2026-05-01,"84,600.96","79,667.00",262.74,274.50,23.75,231.15,"20,689.00","20,091.00","9,775.00","3,562.00","3,245.00","2,424.00",366.00,322.00,0.17,0.91,0.75,0.15,0.88,0.09,"3,562.00","3,154.00","2,354.00",237.00,71.00,0.89,0.75,0.10,0.30,0.02,"3,562.00","3,225.00","2,407.00",362.00,275.00,0.91,0.75,0.15,0.76,0.08,362.00,250.00,97.00,13.00,2.00,275.00,263.00,10.00,2.00,-,364.38,251.60,97.61,13.16,2.01,276.90,264.80,10.07,2.03,-,401.70,308.20,210.61,274.50,"84,600.96",0.00,"84,600.96","40,621.51","40,695.46","3,283.99",0.00,,0.00,0.00,0.00,"10,408.89","17,782.67","6,497.76",409.40,"4,934.86",587.93,"28,300.07","12,395.39",,"79,667.00",0.00,"79,667.00","43,000.00","2,000.00","30,000.00","4,000.00",667.00,0.00,0.00,0.00,129.47,0.00,0.00,882.00,942.00,231.00,"2,015.50",253.17,51.42,0.00,129.47,0.00,30.00,228.00,68.00,"3,545.00",93.00,82.00,"78,397.00","29,907.00","3,467.00","2,184.47","2,775.56",1.63,0.13
2026-05-07,2026-05-04,2026-05-01,"76,257.25","79,667.00",227.63,302.91,24.31,224.29,"18,419.00","17,829.00","9,022.00","3,137.00","2,848.00","2,106.00",340.00,335.00,0.17,0.91,0.74,0.16,0.99,0.11,"3,137.00","2,783.00","2,052.00",195.00,79.00,0.89,0.74,0.10,0.41,0.03,"3,137.00","2,853.00","2,110.00",292.00,217.00,0.91,0.74,0.14,0.74,0.07,292.00,209.00,65.00,17.00,1.00,217.00,204.00,13.00,0.00,-,294.20,210.50,65.45,17.24,1.01,218.68,205.57,13.10,0.00,-,328.22,251.74,232.34,302.91,"76,257.25",0.00,"76,257.25","36,964.17","35,466.08","3,827.00",0.00,,0.00,0.00,0.00,"10,419.05","15,150.58","5,464.77",631.83,"4,710.01",587.93,"24,326.66","11,139.42",,"79,667.00",0.00,"79,667.00","43,000.00","2,000.00","30,000.00","4,000.00",667.00,0.00,0.00,0.00,644.12,0.00,0.00,826.00,899.00,201.00,"2,288.92",302.57,25.40,0.00,161.03,0.00,31.00,260.00,59.00,"3,463.00",77.00,64.00,"76,492.00","31,907.00","2,916.00","2,570.12","3,127.92",1.22,0.11
2026-05-08,2026-05-04,2026-05-01,"76,812.42","85,667.00",372.88,289.54,24.41,231.36,"18,369.00","17,757.00","8,934.00","3,147.00","2,819.00","2,095.00",332.00,206.00,0.17,0.90,0.74,0.16,0.62,0.07,"3,147.00","2,748.00","2,040.00",203.00,40.00,0.87,0.74,0.10,0.20,0.01,"3,147.00","2,829.00","2,096.00",316.00,235.00,0.90,0.74,0.15,0.74,0.07,316.00,200.00,88.00,26.00,2.00,235.00,216.00,17.00,2.00,-,318.72,201.61,88.70,26.40,2.02,237.05,217.87,17.15,2.04,-,346.24,265.29,221.85,289.54,"76,812.42",0.00,"76,812.42","36,744.53","37,079.63","2,988.26",0.00,,0.00,0.00,0.00,"9,686.24","15,683.07","6,434.86",478.44,"3,873.99",587.93,"24,959.22","12,120.41",,"85,667.00",0.00,"85,667.00","43,000.00","2,000.00","36,000.00","4,000.00",667.00,0.00,0.00,0.00,281.55,0.00,0.00,930.00,919.00,166.00,"2,368.65",226.68,38.93,0.00,140.78,0.00,26.00,213.00,50.00,"3,281.00",60.00,49.00,"83,389.00","31,562.00","2,949.00","2,296.55","3,064.03",1.37,0.11
2026-05-09,2026-05-04,2026-05-01,"85,143.12","85,667.00",336.53,247.67,23.14,216.10,"19,956.00","19,332.00","9,126.00","3,680.00","3,328.00","2,487.00",394.00,253.00,0.18,0.90,0.75,0.16,0.64,0.07,"3,680.00","3,253.00","2,435.00",262.00,69.00,0.88,0.75,0.11,0.26,0.02,"3,680.00","3,328.00","2,493.00",396.00,303.00,0.90,0.75,0.16,0.77,0.08,396.00,257.00,112.00,20.00,7.00,303.00,287.00,12.00,4.00,-,399.71,259.31,112.99,20.34,7.06,306.00,289.80,12.12,4.08,-,447.39,343.77,190.31,247.67,"85,143.12",0.00,"85,143.12","40,574.67","40,107.52","4,460.93",0.00,,0.00,0.00,0.00,"9,154.59","17,655.69","8,141.89",472.15,"4,562.42",587.93,"28,658.87","11,448.65",,"85,667.00",0.00,"85,667.00","43,000.00","2,000.00","36,000.00","4,000.00",667.00,0.00,0.00,0.00,123.55,0.00,0.00,991.00,"1,254.00",245.00,954.23,296.17,51.30,0.00,123.55,0.00,36.00,250.00,73.00,"3,149.00",80.00,73.00,"79,129.00","26,933.00","3,299.00","2,613.55","1,784.25",1.41,0.22
2026-05-10,2026-05-04,2026-05-01,"94,741.07","85,667.00",371.53,246.45,22.23,215.81,"23,020.00","22,383.00","10,653.00","4,261.00","3,877.00","2,898.00",439.00,255.00,0.19,0.91,0.75,0.15,0.58,0.06,"4,261.00","3,790.00","2,830.00",293.00,64.00,0.89,0.75,0.10,0.22,0.02,"4,261.00","3,855.00","2,877.00",432.00,353.00,0.90,0.75,0.15,0.82,0.08,432.00,283.00,115.00,32.00,2.00,353.00,325.00,26.00,2.00,-,436.57,285.83,116.12,32.59,2.03,356.88,328.56,26.28,2.04,-,498.70,384.43,189.97,246.45,"94,741.07",0.00,"94,741.07","47,136.70","44,763.25","2,841.12",0.00,,0.00,0.00,0.00,"9,745.33","21,786.50","9,521.22",471.41,"5,024.31",587.93,"29,501.01","15,262.24",,"85,667.00",0.00,"85,667.00","43,000.00","2,000.00","36,000.00","4,000.00",667.00,0.00,0.00,0.00,233.07,0.00,0.00,"1,228.00","1,361.00",176.00,"1,241.38",371.79,43.09,0.00,116.53,0.00,34.00,269.00,51.00,"3,536.00",96.00,75.00,"93,567.00","36,385.00","3,192.00","2,998.07","2,126.79",1.42,0.21
2026-05-11,2026-05-11,2026-05-01,"89,576.17","85,667.00",306.77,267.06,21.34,223.38,"23,320.00","22,587.00","11,133.00","4,197.00","3,772.00","2,791.00",401.00,292.00,0.18,0.90,0.74,0.14,0.73,0.07,"4,197.00","3,691.00","2,729.00",256.00,42.00,0.88,0.74,0.09,0.16,0.01,"4,197.00","3,778.00","2,795.00",411.00,342.00,0.90,0.74,0.15,0.83,0.08,411.00,266.00,112.00,26.00,7.00,342.00,316.00,20.00,6.00,-,415.76,268.93,113.20,26.52,7.12,346.14,319.77,20.23,6.14,-,434.61,335.41,206.11,267.06,"89,576.17",0.00,"89,576.17","41,749.55","42,983.06","4,843.56",0.00,,0.00,0.00,0.00,"9,398.56","20,770.66","6,962.58",420.39,"3,908.27",289.09,"28,347.54","14,635.52",,"85,667.00",0.00,"85,667.00","43,000.00","2,000.00","36,000.00","4,000.00",667.00,0.00,0.00,0.00,222.40,0.00,0.00,"1,283.00","1,259.00",355.00,"3,302.43",326.64,47.63,0.00,111.20,0.00,49.00,270.00,72.00,"3,953.00",58.00,45.00,"96,221.00","37,750.00","3,477.00","3,119.40","4,178.90",1.35,0.10
2026-05-12,2026-05-11,2026-05-01,"83,444.35","85,667.00",193.61,289.57,22.10,228.61,"21,681.00","20,935.00","10,477.00","3,776.00","3,408.00","2,533.00",365.00,431.00,0.17,0.90,0.74,0.14,1.18,0.11,"3,776.00","3,335.00","2,479.00",223.00,63.00,0.88,0.74,0.09,0.28,0.02,"3,776.00","3,426.00","2,553.00",383.00,282.00,0.91,0.75,0.15,0.74,0.07,383.00,240.00,120.00,21.00,2.00,282.00,265.00,16.00,1.00,-,387.82,242.90,121.41,21.46,2.05,285.74,268.51,16.20,1.03,-,373.33,288.16,223.52,289.57,"83,444.35",0.00,"83,444.35","40,664.69","39,739.73","3,039.93",0.00,,0.00,0.00,0.00,"9,824.27","18,931.67","9,095.61",419.00,"2,105.05",289.09,"27,135.31","12,604.42",,"85,667.00",0.00,"85,667.00","43,000.00","2,000.00","36,000.00","4,000.00",667.00,0.00,0.00,0.00,327.50,0.00,0.00,"1,082.00","1,129.00",239.00,"2,663.55",350.29,58.52,0.00,218.33,0.00,41.00,287.00,34.00,"4,307.00",97.00,83.00,"94,538.00","37,572.00","3,777.00","2,777.50","3,652.69",1.36,0.10
2026-05-13,2026-05-11,2026-05-01,"85,287.17","85,667.00",266.52,264.08,20.96,228.65,"22,541.00","21,931.00","10,509.00","4,070.00","3,678.00","2,704.00",373.00,320.00,0.18,0.90,0.74,0.14,0.86,0.08,"4,070.00","3,594.00","2,641.00",248.00,89.00,0.88,0.73,0.09,0.36,0.02,"4,070.00","3,668.00","2,700.00",386.00,293.00,0.90,0.74,0.14,0.76,0.07,386.00,230.00,130.00,24.00,2.00,293.00,273.00,18.00,2.00,-,391.27,233.02,131.64,24.57,2.05,297.24,276.94,18.24,2.06,-,418.01,322.96,204.03,264.08,"85,287.17",0.00,"85,287.17","43,229.95","37,961.45","4,095.77",0.00,,0.00,0.00,0.00,"10,275.79","20,906.65","9,230.90",421.20,"2,106.32",289.09,"24,778.38","13,183.07",,"85,667.00",0.00,"85,667.00","43,000.00","2,000.00","36,000.00","4,000.00",667.00,0.00,0.00,0.00,256.13,0.00,0.00,"1,282.00","1,123.00",248.00,"2,600.97",422.56,61.60,0.00,256.13,0.00,39.00,240.00,44.00,"3,703.00",80.00,67.00,"80,447.00","29,907.00","3,513.00","2,909.13","3,664.27",1.40,0.10
2026-05-14,2026-05-11,2026-05-01,"80,737.71","85,667.00",324.25,258.43,20.40,215.30,"21,904.00","21,237.00","10,183.00","3,957.00","3,560.00","2,566.00",375.00,249.00,0.18,0.90,0.72,0.15,0.66,0.06,"3,957.00","3,485.00","2,509.00",239.00,57.00,0.88,0.72,0.10,0.24,0.01,"3,957.00","3,552.00","2,560.00",368.00,280.00,0.90,0.72,0.14,0.76,0.07,368.00,210.00,137.00,18.00,3.00,280.00,267.00,11.00,2.00,-,373.33,212.94,138.85,18.46,3.08,284.28,271.06,11.16,2.06,-,404.36,312.41,199.67,258.43,"80,737.71",0.00,"80,737.71","39,643.26","36,597.30","4,497.15",0.00,,0.00,0.00,0.00,"10,026.15","18,199.14","8,709.42",419.81,"1,999.65",289.09,"23,330.24","13,267.06",,"85,667.00",0.00,"85,667.00","43,000.00","2,000.00","36,000.00","4,000.00",667.00,0.00,0.00,0.00,114.09,0.00,0.00,"1,258.00","1,095.00",286.00,"1,191.70",301.28,61.52,0.00,114.09,0.00,33.00,224.00,72.00,"3,352.00",60.00,50.00,"79,133.00","29,312.00","3,222.00","2,753.09","1,997.60",1.44,0.19
2026-05-15,2026-05-11,2026-05-01,"76,190.76","85,667.00",222.78,265.23,23.34,208.17,"19,362.00","18,793.00","9,124.00","3,265.00","2,918.00","2,132.00",366.00,342.00,0.17,0.89,0.73,0.17,0.93,0.10,"3,265.00","2,864.00","2,088.00",218.00,82.00,0.88,0.73,0.10,0.38,0.03,"3,265.00","2,934.00","2,149.00",320.00,253.00,0.90,0.73,0.15,0.79,0.08,320.00,204.00,95.00,20.00,1.00,253.00,236.00,16.00,1.00,-,324.93,207.00,96.35,20.54,1.03,257.05,239.77,16.25,1.03,-,371.83,287.27,204.91,265.23,"76,190.76",0.00,"76,190.76","32,945.60","38,883.61","4,361.55",0.00,,0.00,0.00,0.00,"9,346.07","14,510.23","6,257.59",415.74,"2,126.88",289.09,"25,481.52","13,402.09",,"85,667.00",0.00,"85,667.00","43,000.00","2,000.00","36,000.00","4,000.00",667.00,0.00,0.00,0.00,234.25,0.00,0.00,"1,085.00",952.00,181.00,"1,784.76",277.46,44.21,0.00,0.00,0.00,47.00,227.00,59.00,"3,585.00",90.00,70.00,"142,222.00","56,711.00","3,566.00","2,452.25","2,439.42",1.33,0.15
2026-05-16,2026-05-11,2026-05-01,"77,316.82","85,667.00",313.02,276.25,22.38,238.63,"19,814.00","19,215.00","9,257.00","3,455.00","3,081.00","2,247.00",324.00,247.00,0.17,0.89,0.73,0.14,0.76,0.07,"3,455.00","3,027.00","2,200.00",213.00,69.00,0.88,0.73,0.10,0.32,0.02,"3,455.00","3,102.00","2,254.00",356.00,269.00,0.90,0.73,0.16,0.76,0.08,356.00,216.00,117.00,22.00,1.00,269.00,252.00,16.00,1.00,-,361.76,219.33,118.77,22.64,1.03,273.58,256.28,16.26,1.03,-,362.07,279.88,213.54,276.25,"77,316.82",0.00,"77,316.82","33,902.52","41,122.06","2,292.24",0.00,,0.00,0.00,0.00,"8,926.52","15,782.47","6,337.92",417.10,"2,149.42",289.09,"27,411.78","13,710.28",,"85,667.00",0.00,"85,667.00","43,000.00","2,000.00","36,000.00","4,000.00",667.00,0.00,0.00,0.00,128.41,0.00,0.00,"1,111.00","1,023.00",112.00,"2,399.61",273.86,58.80,0.00,128.41,0.00,27.00,211.00,33.00,"3,466.00",62.00,53.00,"88,976.00","28,358.00","3,932.00","2,374.41","3,131.67",1.46,0.10
2026-05-17,2026-05-11,2026-05-01,"88,468.18","85,667.00",374.87,249.54,20.33,227.42,"23,467.00","22,845.00","10,503.00","4,351.00","3,945.00","2,889.00",389.00,236.00,0.19,0.91,0.73,0.13,0.61,0.05,"4,351.00","3,861.00","2,833.00",269.00,85.00,0.89,0.73,0.09,0.32,0.02,"4,351.00","3,924.00","2,883.00",399.00,324.00,0.90,0.73,0.14,0.81,0.07,399.00,247.00,129.00,23.00,0.00,324.00,303.00,21.00,0.00,-,405.83,251.04,131.08,23.71,0.00,329.88,308.51,21.37,0.00,-,458.30,354.53,193.03,249.54,"88,468.18",0.00,"88,468.18","39,342.93","47,049.75","2,075.50",0.00,,0.00,0.00,0.00,"9,781.32","19,071.88","7,719.99",414.35,"2,066.30",289.09,"31,595.48","15,454.27",,"85,667.00",0.00,"85,667.00","43,000.00","2,000.00","36,000.00","4,000.00",667.00,0.00,0.00,0.00,462.66,0.00,0.00,"1,428.00","1,276.00",100.00,"2,784.46",452.32,41.96,0.00,115.66,0.00,31.00,255.00,32.00,"3,604.00",103.00,87.00,"76,314.00","28,613.00","3,563.00","3,266.66","3,712.41",1.33,0.10
2026-05-18,2026-05-18,2026-05-01,"77,323.55","85,667.00",452.18,283.84,24.78,224.13,"20,146.00","19,549.00","9,486.00","3,121.00","2,781.00","2,049.00",345.00,171.00,0.15,0.89,0.74,0.17,0.50,0.05,"3,121.00","2,715.00","2,002.00",216.00,29.00,0.87,0.74,0.11,0.13,0.01,"3,121.00","2,790.00","2,069.00",351.00,279.00,0.89,0.74,0.17,0.79,0.09,351.00,190.00,156.00,3.00,2.00,279.00,275.00,3.00,1.00,-,357.12,193.29,158.67,3.10,2.07,284.41,280.31,3.06,1.04,-,352.16,272.42,219.57,283.84,"77,323.55",0.00,"77,323.55","34,920.22","39,019.51","3,383.82",0.00,,0.00,0.00,0.00,"10,027.49","13,462.73","8,393.80",415.14,"2,126.43",494.63,"28,148.80","10,870.71",,"85,667.00",0.00,"85,667.00","43,000.00","2,000.00","36,000.00","4,000.00",667.00,0.00,0.00,0.00,333.26,0.00,0.00,655.00,"1,044.00",158.00,"1,674.83",297.26,62.40,0.00,111.09,0.00,17.00,229.00,61.00,"3,876.00",91.00,67.00,"132,484.00","48,355.00","3,631.00","2,190.26","2,452.58",1.42,0.14
2026-05-19,2026-05-18,2026-05-01,"78,796.11","85,667.00",255.00,255.70,24.77,207.91,"20,808.00","20,152.00","9,496.00","3,181.00","2,927.00","2,340.00",379.00,309.00,0.15,0.92,0.80,0.16,0.82,0.10,"3,181.00","2,840.00","2,266.00",247.00,36.00,0.89,0.80,0.11,0.15,0.01,"3,181.00","2,894.00","2,309.00",408.00,323.00,0.91,0.80,0.18,0.79,0.10,408.00,215.00,180.00,5.00,8.00,323.00,313.00,4.00,6.00,-,415.70,218.96,183.28,5.18,8.28,329.74,319.41,4.08,6.25,-,398.30,308.16,197.83,255.70,"78,796.11",0.00,"78,796.11","35,620.96","37,949.15","5,226.00",0.00,,0.00,0.00,0.00,"9,898.07","12,890.56","9,947.29",322.78,"2,067.63",494.63,"23,711.24","11,959.46","2,278.45","85,667.00",0.00,"85,667.00","43,000.00","2,000.00","36,000.00","4,000.00",667.00,0.00,0.00,0.00,49.00,0.00,95.00,643.00,937.00,285.00,"2,596.57",292.49,58.39,0.00,49.00,1.00,27.00,249.00,63.00,"3,868.00",72.00,56.00,"128,233.00","46,650.00","3,594.00","2,009.00","3,336.44",1.58,0.11
2026-05-20,2026-05-18,2026-05-01,"77,133.45","85,667.00",202.98,257.55,24.53,216.67,"21,068.00","20,336.00","9,659.00","3,145.00","2,799.00","2,350.00",356.00,380.00,0.15,0.89,0.84,0.15,1.07,0.12,"3,145.00","2,755.00","2,308.00",237.00,67.00,0.88,0.84,0.10,0.28,0.02,"3,145.00","2,823.00","2,362.00",379.00,273.00,0.90,0.84,0.16,0.72,0.09,379.00,205.00,168.00,5.00,1.00,273.00,269.00,3.00,1.00,-,386.47,209.02,171.23,5.19,1.04,278.99,274.88,3.06,1.04,-,387.47,299.49,199.07,257.55,"77,133.45",0.00,"77,133.45","34,885.40","39,326.15","2,921.90",0.00,,0.00,0.00,0.00,"11,664.19","12,483.31","7,957.64",317.78,"1,967.85",494.63,"23,525.40","11,808.87","3,991.88","85,667.00",0.00,"85,667.00","43,000.00","2,000.00","36,000.00","4,000.00",667.00,0.00,0.00,0.00,258.80,0.00,189.00,754.00,747.00,160.00,"2,356.10",283.87,65.14,0.00,129.40,4.00,26.00,222.00,47.00,"4,077.00",82.00,66.00,"203,856.00","82,042.00","3,617.00","2,108.80","3,133.51",1.49,0.11
2026-05-21,2026-05-18,2026-05-01,"77,657.74","94,267.00",342.10,282.27,23.17,213.93,"21,585.00","20,880.00","9,621.00","3,351.00","3,002.00","2,436.00",363.00,227.00,0.16,0.90,0.81,0.15,0.63,0.07,"3,351.00","2,931.00","2,383.00",218.00,48.00,0.87,0.81,0.09,0.22,0.01,"3,351.00","2,989.00","2,429.00",347.00,285.00,0.89,0.81,0.14,0.82,0.09,347.00,177.00,165.00,4.00,1.00,285.00,281.00,3.00,1.00,-,354.20,180.64,168.37,4.15,1.04,291.53,287.41,3.07,1.05,-,355.69,275.12,218.33,282.27,"77,657.74",0.00,"77,657.74","32,220.71","38,510.98","6,926.05",0.00,,0.00,0.00,0.00,"7,248.68","15,153.48","7,042.07",312.77,"1,969.08",494.63,"24,953.16","10,075.68","3,482.14","94,267.00",0.00,"94,267.00","51,600.00","2,000.00","36,000.00","4,000.00",667.00,0.00,0.00,0.00,186.07,0.00,170.00,745.00,899.00,315.00,729.37,412.61,39.31,0.00,62.02,7.00,17.00,258.00,104.00,"3,721.00",80.00,67.00,"183,249.00","67,004.00","3,342.00","2,315.07","1,629.32",1.45,0.22
2026-05-22,2026-05-18,2026-05-01,"78,054.07","94,267.00",216.82,242.78,24.16,173.84,"21,026.00","20,395.00","9,545.00","3,231.00","2,878.00","2,371.00",449.00,360.00,0.15,0.89,0.82,0.19,0.80,0.11,"3,231.00","2,812.00","2,316.00",258.00,72.00,0.87,0.82,0.11,0.28,0.02,"3,231.00","2,885.00","2,369.00",420.00,331.00,0.89,0.82,0.18,0.79,0.10,420.00,206.00,205.00,9.00,0.00,331.00,323.00,8.00,0.00,-,429.26,210.46,209.45,9.36,0.00,338.97,330.77,8.19,0.00,-,415.67,321.50,187.78,242.78,"78,054.07",0.00,"78,054.07","35,037.28","38,684.33","4,332.46",0.00,,0.00,0.00,0.00,"6,965.11","18,795.30","6,388.04",426.42,"1,967.78",494.63,"24,900.73","9,976.26","3,807.34","94,267.00",0.00,"94,267.00","51,600.00","2,000.00","36,000.00","4,000.00",667.00,0.00,0.00,0.00,473.41,0.00,168.00,641.00,851.00,150.00,449.08,535.76,67.71,0.00,118.35,12.00,34.00,317.00,57.00,"3,934.00",79.00,58.00,"132,604.00","56,039.00","3,666.00","2,283.41","1,590.91",1.41,0.28
2026-05-23,2026-05-18,2026-05-01,"76,115.43","101,467.00",194.17,242.93,24.66,206.84,"19,758.00","19,198.00","8,566.00","3,087.00","2,770.00","2,242.00",368.00,392.00,0.16,0.90,0.81,0.16,1.07,0.13,"3,087.00","2,706.00","2,193.00",247.00,119.00,0.88,0.81,0.11,0.48,0.04,"3,087.00","2,762.00","2,236.00",368.00,296.00,0.89,0.81,0.16,0.80,0.10,368.00,206.00,159.00,3.00,0.00,296.00,295.00,1.00,0.00,-,376.47,210.72,162.63,3.13,0.00,303.53,302.51,1.03,0.00,-,405.08,313.32,187.90,242.93,"76,115.43",0.00,"76,115.43","32,126.45","38,589.71","5,399.27",0.00,,0.00,0.00,0.00,"6,266.65","16,162.95","6,760.55",424.24,"2,017.43",494.63,"24,322.96","10,330.37","3,936.38","101,467.00",0.00,"101,467.00","51,600.00","2,000.00","43,200.00","4,000.00",667.00,0.00,0.00,0.00,110.62,0.00,203.00,719.00,843.00,175.00,386.51,372.02,36.02,0.00,110.62,15.00,37.00,236.00,59.00,"3,461.00",92.00,77.00,"273,510.00","93,923.00","4,096.00","2,050.62","1,252.17",1.51,0.29
2026-05-24,2026-05-18,2026-05-01,"84,104.25","101,467.00",285.10,251.53,23.61,229.79,"21,499.00","20,938.00","8,846.00","3,562.00","3,201.00","2,597.00",366.00,295.00,0.17,0.90,0.81,0.14,0.81,0.08,"3,562.00","3,131.00","2,537.00",261.00,132.00,0.88,0.81,0.10,0.51,0.04,"3,562.00","3,203.00","2,593.00",386.00,317.00,0.90,0.81,0.15,0.82,0.09,386.00,226.00,158.00,2.00,0.00,317.00,316.00,1.00,0.00,-,395.24,231.38,161.77,2.09,0.00,325.39,324.36,1.03,0.00,-,431.85,334.37,194.75,251.53,"84,104.25",0.00,"84,104.25","33,455.46","45,250.91","5,397.88",0.00,,0.00,0.00,0.00,"7,183.05","16,207.59","7,090.07",419.60,"2,060.52",494.63,"28,541.17","13,678.24","3,031.50","101,467.00",0.00,"101,467.00","51,600.00","2,000.00","43,200.00","4,000.00",667.00,0.00,0.00,0.00,183.94,0.00,176.00,922.00,955.00,192.00,567.14,286.32,47.91,0.00,91.97,5.00,32.00,200.00,72.00,"3,083.00",118.00,107.00,"70,128.00","26,370.00","3,095.00","2,428.94","1,302.34",1.47,0.28
2026-05-25,2026-05-25,2026-05-01,"81,641.23","101,467.00",221.85,228.61,22.26,197.20,"21,017.00","20,464.00","9,275.00","3,668.00","3,275.00","2,642.00",414.00,368.00,0.17,0.89,0.81,0.16,0.89,0.10,"3,668.00","3,194.00","2,577.00",284.00,153.00,0.87,0.81,0.11,0.54,0.04,"3,668.00","3,264.00","2,635.00",427.00,353.00,0.89,0.81,0.16,0.83,0.10,427.00,236.00,188.00,1.00,2.00,353.00,350.00,1.00,2.00,-,437.75,241.95,192.67,1.05,2.09,362.93,359.80,1.03,2.11,-,461.91,357.12,176.75,228.61,"81,641.23",0.00,"81,641.23","37,540.19","38,675.96","5,425.08",0.00,,0.00,0.00,0.00,"8,016.28","17,961.67","8,169.47",418.54,"1,972.23","1,002.00","25,608.76","10,739.00","2,328.20","101,467.00",0.00,"101,467.00","51,600.00","2,000.00","43,200.00","4,000.00",667.00,0.00,0.00,0.00,94.65,0.00,127.00,795.00,999.00,268.00,474.23,444.26,59.85,0.00,94.65,5.00,36.00,250.00,92.00,"3,307.00",147.00,133.00,"266,914.00","99,950.00","3,820.00","2,283.65","1,455.99",1.61,0.28
2026-05-26,2026-05-25,2026-05-01,"93,216.45","101,467.00",295.93,254.55,22.58,201.77,"24,104.00","23,504.00","10,870.00","4,128.00","3,724.00","3,083.00",462.00,315.00,0.17,0.90,0.83,0.15,0.68,0.08,"4,128.00","3,641.00","3,018.00",294.00,99.00,0.88,0.83,0.10,0.34,0.02,"4,128.00","3,733.00","3,095.00",499.00,383.00,0.90,0.83,0.16,0.77,0.09,499.00,244.00,249.00,6.00,0.00,383.00,377.00,6.00,0.00,-,512.23,250.48,255.46,6.29,0.00,394.23,388.06,6.18,0.00,-,475.18,366.21,196.17,254.55,"93,216.45",0.00,"93,216.45","45,073.67","43,148.23","4,994.55",0.00,,0.00,0.00,0.00,"10,087.18","20,856.02","10,721.02",472.48,"1,934.97","1,002.00","26,445.79","13,328.75","3,373.69","101,467.00",0.00,"101,467.00","51,600.00","2,000.00","43,200.00","4,000.00",667.00,0.00,0.00,0.00,155.70,0.00,163.00,855.00,986.00,233.00,591.98,381.97,73.88,0.00,155.70,8.00,45.00,247.00,111.00,"4,101.00",236.00,210.00,"1,220,158.00","292,688.00","4,112.00","2,392.70","1,614.53",1.73,0.29
2026-05-27,2026-05-25,2026-05-01,"90,000.29","101,467.00",251.40,233.19,22.42,178.22,"24,571.00","23,748.00","11,553.00","4,015.00","3,660.00","3,020.00",505.00,358.00,0.16,0.91,0.83,0.17,0.71,0.09,"4,015.00","3,559.00","2,935.00",308.00,107.00,0.89,0.82,0.10,0.35,0.03,"4,015.00","3,640.00","3,003.00",494.00,391.00,0.91,0.83,0.16,0.79,0.10,494.00,283.00,208.00,3.00,0.00,391.00,388.00,3.00,0.00,-,507.61,290.89,213.57,3.15,0.00,403.06,399.97,3.09,0.00,-,500.34,385.95,179.88,233.19,"90,000.29",0.00,"90,000.29","43,892.71","41,108.18","4,999.40",0.00,,0.00,0.00,0.00,"10,932.38","18,845.92","10,695.20",468.86,"1,948.35","1,002.00","27,032.70","10,921.93","3,153.55","101,467.00",0.00,"101,467.00","51,600.00","2,000.00","43,200.00","4,000.00",667.00,0.00,0.00,0.00,394.55,0.00,164.00,824.00,935.00,265.00,472.18,424.33,77.83,0.00,131.52,10.00,45.00,274.00,140.00,"5,724.00",293.00,273.00,"1,011,619.00","296,833.00","3,907.00","2,582.55","1,574.85",1.55,0.32
2026-05-28,2026-05-25,2026-05-01,"91,400.34","101,467.00",211.09,221.77,23.61,162.92,"27,648.00","26,776.00","13,800.00","3,872.00","3,502.00","2,874.00",561.00,433.00,0.14,0.90,0.82,0.20,0.77,0.11,"3,872.00","3,404.00","2,792.00",328.00,111.00,0.88,0.82,0.12,0.34,0.03,"3,872.00","3,485.00","2,863.00",495.00,389.00,0.90,0.82,0.17,0.79,0.10,495.00,274.00,212.00,5.00,4.00,389.00,382.00,5.00,2.00,-,509.42,281.98,217.98,5.27,4.19,401.70,394.42,5.16,2.13,-,534.45,412.14,171.02,221.77,"91,400.34",0.00,"91,400.34","42,755.41","43,651.08","4,993.85",0.00,,0.00,0.00,0.00,"10,985.91","18,645.55","9,253.17",941.03,"1,927.75","1,002.00","28,068.94","12,852.01","2,730.13","101,467.00",0.00,"101,467.00","51,600.00","2,000.00","43,200.00","4,000.00",667.00,0.00,0.00,0.00,487.83,0.00,131.00,782.00,913.00,304.00,552.96,414.61,62.68,0.00,243.92,16.00,60.00,344.00,146.00,"7,906.00",678.00,588.00,"1,183,227.00","331,893.00","4,754.00","2,617.83","1,840.17",1.48,0.30
2026-05-29,2026-05-25,2026-05-01,"107,045.67","101,467.00",235.27,236.91,24.64,172.10,"27,447.00","26,491.00","12,965.00","4,345.00","3,820.00","3,066.00",622.00,455.00,0.16,0.88,0.80,0.20,0.73,0.10,"4,345.00","3,718.00","2,973.00",361.00,122.00,0.86,0.80,0.12,0.34,0.03,"4,345.00","3,823.00","3,060.00",534.00,404.00,0.88,0.80,0.17,0.76,0.09,534.00,313.00,213.00,3.00,5.00,404.00,397.00,3.00,4.00,-,550.21,322.51,219.27,3.17,5.26,417.75,410.39,3.10,4.26,-,585.82,451.84,182.73,236.91,"107,045.67",0.00,"107,045.67","46,928.72","52,888.53","7,228.42",0.00,,0.00,0.00,0.00,"12,099.94","21,940.75","9,259.60",733.71,"1,892.72","1,002.00","33,604.62","15,366.84","3,917.07","101,467.00",0.00,"101,467.00","51,600.00","2,000.00","43,200.00","4,000.00",667.00,0.00,0.00,0.00,"1,304.20",0.00,179.00,859.00,956.00,487.00,537.70,486.33,42.89,0.00,652.10,15.00,72.00,394.00,159.00,"6,824.00",397.00,347.00,"676,665.00","163,745.00","3,757.00","3,785.20","2,359.02",1.15,0.26
2026-05-30,2026-05-25,2026-05-01,"96,591.36","101,467.00",181.56,237.88,25.66,182.59,"22,650.00","21,941.00","10,514.00","3,765.00","3,377.00","2,758.00",529.00,532.00,0.17,0.90,0.82,0.19,1.01,0.14,"3,765.00","3,291.00","2,690.00",326.00,159.00,0.87,0.82,0.12,0.49,0.04,"3,765.00","3,369.00","2,754.00",492.00,394.00,0.89,0.82,0.18,0.80,0.10,492.00,305.00,183.00,1.00,3.00,394.00,392.00,0.00,2.00,-,507.56,314.71,188.63,1.06,3.16,407.91,405.77,0.00,2.14,-,525.79,406.05,183.71,237.88,"96,591.36",0.00,"96,591.36","45,540.86","44,310.22","6,740.28",0.00,,0.00,0.00,0.00,"10,013.24","21,424.89","10,552.11",692.14,"1,856.48","1,002.00","29,060.23","12,170.21","3,079.78","101,467.00",0.00,"101,467.00","51,600.00","2,000.00","43,200.00","4,000.00",667.00,0.00,0.00,0.00,807.33,0.00,143.00,685.00,851.00,383.00,564.50,432.96,79.49,0.00,269.11,20.00,44.00,312.00,120.00,"5,449.00",352.00,338.00,"932,594.00","241,975.00","4,647.00","2,869.33","1,842.06",1.31,0.29
2026-05-31,2026-05-25,2026-05-01,"103,277.72","101,467.00",285.30,236.72,25.98,181.51,"25,707.00","24,987.00","12,323.00","3,976.00","3,547.00","2,877.00",569.00,362.00,0.15,0.89,0.81,0.20,0.64,0.09,"3,976.00","3,445.00","2,791.00",345.00,133.00,0.87,0.81,0.12,0.39,0.03,"3,976.00","3,508.00","2,846.00",478.00,376.00,0.88,0.81,0.17,0.79,0.09,478.00,251.00,212.00,11.00,4.00,376.00,362.00,10.00,4.00,-,494.00,259.33,218.79,11.66,4.22,389.92,375.27,10.36,4.28,-,564.84,436.28,182.85,236.72,"103,277.72",0.00,"103,277.72","44,348.88","51,935.09","6,993.75",0.00,,0.00,0.00,0.00,"10,789.45","18,969.77","11,168.73",674.15,"1,744.78","1,002.00","33,834.67","14,595.89","3,504.53","101,467.00",0.00,"101,467.00","51,600.00","2,000.00","43,200.00","4,000.00",667.00,0.00,0.00,0.00,855.77,0.00,162.00,826.00,952.00,388.00,466.68,302.47,62.23,0.00,285.26,15.00,51.00,290.00,114.00,"6,199.00",362.00,306.00,"276,621.00","80,187.00","3,905.00","3,183.77","1,586.63",1.25,0.36
2026-06-01,2026-06-01,2026-06-01,"116,210.02","113,100.00",257.67,307.48,29.31,247.78,"25,649.00","24,847.00","11,581.00","3,965.00","3,516.00","2,804.00",469.00,451.00,0.15,0.89,0.80,0.17,0.96,0.11,"3,965.00","3,436.00","2,738.00",301.00,121.00,0.87,0.80,0.11,0.40,0.03,"3,965.00","3,509.00","2,792.00",448.00,336.00,0.88,0.80,0.16,0.75,0.08,448.00,244.00,200.00,2.00,2.00,336.00,333.00,1.00,2.00,-,463.31,252.40,206.68,2.13,2.11,348.89,345.71,1.04,2.15,-,488.03,377.94,238.12,307.48,"116,210.02",0.00,"116,210.02","47,699.53","61,509.79","7,000.70",0.00,,0.00,0.00,0.00,"9,975.97","24,884.75","8,818.15",698.00,"2,269.82","1,052.84","38,925.14","18,313.63","4,271.02","113,100.00",0.00,"113,100.00","45,692.40","5,655.00","51,347.40","8,520.20","1,885.00",0.00,0.00,0.00,577.40,0.00,133.00,813.00,916.00,334.00,537.07,493.20,51.62,0.00,288.70,18.00,43.00,283.00,124.00,"5,395.00",190.00,159.00,"122,022.00","42,269.00","3,724.00","2,773.40","1,838.59",1.43,0.26
2026-06-02,2026-06-01,2026-06-01,"100,134.15","113,100.00",282.07,288.34,28.35,226.55,"21,813.00","21,172.00","10,256.00","3,532.00","3,072.00","2,501.00",442.00,355.00,0.16,0.87,0.81,0.18,0.80,0.10,"3,532.00","3,011.00","2,457.00",277.00,101.00,0.85,0.82,0.11,0.36,0.03,"3,532.00","3,101.00","2,529.00",386.00,289.00,0.88,0.82,0.15,0.75,0.08,386.00,224.00,152.00,7.00,3.00,289.00,280.00,6.00,3.00,-,399.98,232.02,157.31,7.46,3.19,300.61,291.14,6.24,3.23,-,448.09,347.28,223.47,288.34,"100,134.15",0.00,"100,134.15","44,534.24","51,555.02","4,044.89",0.00,,0.00,0.00,0.00,"8,661.01","22,072.07","9,923.81",721.68,"2,102.83","1,052.84","34,242.45","14,284.47","3,028.10","113,100.00",0.00,"113,100.00","45,692.40","5,655.00","51,347.40","8,520.20","1,885.00",0.00,0.00,0.00,"1,163.06",0.00,115.00,802.00,860.00,187.00,335.01,385.11,60.87,0.00,290.77,15.00,57.00,320.00,79.00,"4,772.00",153.00,133.00,"143,996.00","59,398.00","3,662.00","3,127.06","1,542.76",1.13,0.29
2026-06-03,2026-06-01,2026-06-01,"83,407.03","113,100.00",260.65,277.97,28.81,231.69,"18,499.00","17,963.00","8,767.00","2,895.00","2,572.00","2,104.00",360.00,320.00,0.16,0.89,0.82,0.17,0.89,0.11,"2,895.00","2,505.00","2,045.00",238.00,91.00,0.87,0.82,0.12,0.38,0.03,"2,895.00","2,562.00","2,091.00",355.00,269.00,0.88,0.82,0.17,0.76,0.09,355.00,208.00,141.00,4.00,2.00,269.00,265.00,3.00,1.00,-,368.27,215.74,146.13,4.27,2.13,280.23,276.03,3.12,1.08,-,386.55,300.06,215.77,277.97,"83,407.03",0.00,"83,407.03","35,606.21","40,799.01","7,001.81",0.00,,0.00,0.00,0.00,"8,432.46","15,910.51","7,516.40",593.31,"2,100.69","1,052.84","26,981.33","11,569.58","2,248.10","113,100.00",0.00,"113,100.00","45,692.40","5,655.00","51,347.40","8,520.20","1,885.00",0.00,0.00,0.00,809.50,0.00,91.00,636.00,562.00,222.00,397.13,254.23,42.62,0.00,404.75,12.00,49.00,282.00,111.00,"4,088.00",141.00,128.00,"96,162.00","37,963.00","3,164.00","2,320.50","1,552.72",1.25,0.23
2026-06-04,2026-06-01,2026-06-01,"90,218.62","113,100.00",310.03,277.09,30.61,241.87,"18,870.00","18,266.00","8,633.00","2,947.00","2,600.00","2,080.00",373.00,291.00,0.16,0.88,0.80,0.18,0.78,0.10,"2,947.00","2,545.00","2,035.00",258.00,103.00,0.86,0.80,0.13,0.40,0.03,"2,947.00","2,603.00","2,083.00",376.00,294.00,0.88,0.80,0.18,0.78,0.10,376.00,209.00,157.00,6.00,4.00,294.00,287.00,4.00,3.00,-,390.67,217.06,162.92,6.43,4.26,306.81,299.39,4.17,3.25,-,419.50,325.60,215.06,277.09,"90,218.62",0.00,"90,218.62","35,343.48","48,640.14","6,235.00",0.00,,0.00,0.00,0.00,"7,674.09","17,309.28","6,555.12",611.66,"2,140.49","1,052.84","30,841.04","14,734.51","3,064.59","113,100.00",0.00,"113,100.00","45,692.40","5,655.00","51,347.40","8,520.20","1,885.00",0.00,0.00,0.00,895.07,0.00,107.00,657.00,640.00,246.00,637.69,367.85,40.34,0.00,671.30,8.00,62.00,304.00,126.00,"3,867.00",120.00,111.00,"138,028.00","62,127.00","2,954.00","2,545.07","2,217.19",1.16,0.17
2026-06-05,2026-06-01,2026-06-01,"86,752.89","113,100.00",282.58,307.80,33.48,245.76,"17,271.00","16,784.00","8,138.00","2,591.00","2,295.00","1,867.00",353.00,307.00,0.15,0.89,0.81,0.19,0.87,0.12,"2,591.00","2,240.00","1,818.00",221.00,98.00,0.86,0.81,0.12,0.44,0.04,"2,591.00","2,294.00","1,863.00",316.00,234.00,0.89,0.81,0.17,0.74,0.09,316.00,203.00,106.00,3.00,4.00,234.00,229.00,2.00,3.00,-,328.76,211.11,110.16,3.22,4.26,244.66,239.32,2.09,3.25,-,363.05,281.85,238.96,307.80,"86,752.89",0.00,"86,752.89","30,002.98","48,342.68","8,407.23",0.00,,0.00,0.00,0.00,"7,011.23","14,338.61","5,002.43",504.60,"2,093.27","1,052.84","29,617.36","14,942.04","3,783.28","113,100.00",0.00,"113,100.00","45,692.40","5,655.00","51,347.40","8,520.20","1,885.00",0.00,0.00,0.00,377.54,0.00,105.00,637.00,488.00,221.00,356.18,328.25,43.36,0.00,188.77,14.00,82.00,295.00,109.00,"4,374.00",226.00,200.00,"854,984.00","209,445.00","3,049.00","1,828.54","1,416.55",1.42,0.25
2026-06-06,2026-06-01,2026-06-01,"74,515.01","113,100.00",274.96,282.16,30.60,241.93,"15,752.00","15,298.00","7,706.00","2,435.00","2,204.00","1,820.00",308.00,271.00,0.15,0.91,0.83,0.17,0.88,0.11,"2,435.00","2,146.00","1,778.00",210.00,105.00,0.88,0.83,0.12,0.50,0.04,"2,435.00","2,192.00","1,818.00",307.00,243.00,0.90,0.83,0.17,0.79,0.10,307.00,202.00,101.00,3.00,1.00,243.00,239.00,3.00,1.00,-,319.76,210.37,105.09,3.23,1.07,254.30,250.07,3.14,1.09,-,339.93,264.08,219.21,282.16,"74,515.01",0.00,"74,515.01","29,018.80","40,583.18","4,913.03",0.00,,0.00,0.00,0.00,"6,208.94","13,963.44","5,215.97",543.72,"2,033.89","1,052.84","29,235.16","8,475.29","2,872.73","113,100.00",0.00,"113,100.00","45,692.40","5,655.00","51,347.40","8,520.20","1,885.00",0.00,0.00,0.00,495.58,0.00,89.00,348.00,543.00,188.00,297.25,301.54,37.01,0.00,495.58,10.00,44.00,223.00,97.00,"3,696.00",159.00,145.00,"335,278.00","68,347.00","3,869.00","1,663.58","1,505.38",1.46,0.20
2026-06-07,2026-06-01,2026-06-01,"89,872.81","113,100.00",358.06,321.25,28.30,265.90,"18,163.00","17,677.00","8,448.00","3,176.00","2,827.00","2,354.00",338.00,251.00,0.17,0.89,0.83,0.14,0.74,0.08,"3,176.00","2,763.00","2,299.00",222.00,117.00,0.87,0.83,0.10,0.53,0.04,"3,176.00","2,831.00","2,356.00",329.00,254.00,0.89,0.83,0.14,0.77,0.08,329.00,203.00,119.00,4.00,3.00,254.00,251.00,1.00,2.00,-,343.29,211.73,124.04,4.31,3.21,266.33,263.11,1.05,2.18,-,359.66,279.76,249.88,321.25,"89,872.81",0.00,"89,872.81","39,082.20","44,878.02","5,912.59",0.00,,0.00,0.00,0.00,"7,957.97","20,208.85","7,045.57",700.56,"2,116.41","1,052.84","33,197.17","8,478.97","3,201.88","113,100.00",0.00,"113,100.00","45,692.40","5,655.00","51,347.40","8,520.20","1,885.00",0.00,0.00,0.00,776.59,0.00,134.00,479.00,720.00,223.00,485.26,306.30,57.06,0.00,517.73,16.00,26.00,236.00,80.00,"3,541.00",157.00,145.00,"76,471.00","30,215.00","2,937.00","2,332.59","1,724.35",1.36,0.20
2026-06-08,2026-06-08,2026-06-01,"86,347.51","107,450.00",358.29,222.03,24.70,198.96,"19,035.00","18,516.00","9,362.00","3,496.00","3,160.00","2,659.00",434.00,241.00,0.18,0.90,0.84,0.16,0.56,0.07,"3,496.00","3,089.00","2,596.00",303.00,99.00,0.88,0.84,0.12,0.33,0.03,"3,496.00","3,141.00","2,639.00",432.00,323.00,0.90,0.84,0.16,0.75,0.09,432.00,222.00,183.00,26.00,1.00,323.00,307.00,15.00,1.00,-,452.12,231.90,191.05,28.10,1.07,339.17,322.33,15.75,1.09,-,500.66,388.90,172.47,222.03,"86,347.51",0.00,"86,347.51","43,351.59","38,962.48","4,033.44",0.00,,0.00,0.00,0.00,"7,939.72","21,874.80","9,200.46",730.21,"1,968.37","1,638.03","29,362.76","6,526.67","3,073.05","107,450.00",0.00,"107,450.00","43,409.80","5,372.50","48,782.30","8,094.57","1,790.83",0.00,0.00,0.00,704.80,0.00,147.00,492.00,841.00,151.00,614.35,491.21,68.12,0.00,234.93,19.00,26.00,273.00,91.00,"3,877.00",166.00,145.00,"87,554.00","32,891.00","3,374.00","2,335.80","1,817.61",1.50,0.24
2026-06-09,2026-06-08,2026-06-01,"87,957.41","101,800.00",269.81,261.80,24.40,232.69,"19,270.00","18,672.00","9,414.00","3,605.00","3,261.00","2,719.00",378.00,326.00,0.19,0.90,0.83,0.14,0.86,0.09,"3,605.00","3,200.00","2,668.00",262.00,100.00,0.89,0.83,0.10,0.38,0.03,"3,605.00","3,252.00","2,711.00",411.00,323.00,0.90,0.83,0.15,0.79,0.09,411.00,191.00,191.00,23.00,6.00,323.00,300.00,17.00,6.00,-,430.87,199.82,199.67,24.92,6.46,339.93,315.46,17.88,6.58,-,432.95,335.97,203.16,261.80,"87,957.41",0.00,"87,957.41","44,024.11","36,137.59","7,795.71",0.00,,0.00,0.00,0.00,"7,779.31","23,097.70","9,152.07",666.99,"1,690.01","1,638.03","24,442.75","8,665.01","3,029.83","101,800.00",0.00,"101,800.00","41,127.20","5,090.00","46,217.20","7,668.93","1,696.67",0.00,0.00,0.00,663.67,0.00,127.00,558.00,655.00,424.00,276.28,505.17,59.48,0.00,442.45,13.00,44.00,259.00,147.00,"3,897.00",122.00,104.00,"139,273.00","59,795.00","3,595.00","2,427.67","1,746.38",1.48,0.22
2026-06-10,2026-06-08,2026-06-01,"89,311.73","96,150.00",348.87,235.10,22.24,219.44,"20,482.00","19,874.00","9,772.00","4,015.00","3,603.00","2,994.00",407.00,256.00,0.20,0.90,0.83,0.14,0.63,0.06,"4,015.00","3,528.00","2,928.00",292.00,76.00,0.88,0.83,0.10,0.26,0.02,"4,015.00","3,592.00","2,982.00",426.00,330.00,0.89,0.83,0.14,0.77,0.08,426.00,173.00,218.00,24.00,11.00,330.00,303.00,20.00,7.00,-,447.47,181.22,228.28,26.08,11.88,347.90,319.12,21.08,7.70,-,489.68,379.89,182.39,235.10,"89,311.73",0.00,"89,311.73","43,375.05","38,131.07","7,805.61",0.00,,0.00,0.00,0.00,"9,000.67","20,801.92","9,932.07",620.88,"1,381.48","1,638.03","21,662.14","13,242.28","3,226.65","96,150.00",0.00,"96,150.00","38,844.60","4,807.50","43,652.10","7,243.30","1,602.50",0.00,0.00,0.00,657.28,0.00,123.00,720.00,684.00,477.00,324.59,581.30,78.07,0.00,438.18,6.00,37.00,250.00,160.00,"3,774.00",99.00,88.00,"190,959.00","68,791.00","3,387.00","2,661.28","1,875.15",1.51,0.22
2026-06-11,2026-06-08,2026-06-01,"104,216.97","90,500.00",318.71,312.74,25.78,259.89,"21,992.00","21,346.00","10,191.00","4,043.00","3,707.00","3,092.00",401.00,327.00,0.18,0.92,0.83,0.13,0.82,0.08,"4,043.00","3,641.00","3,038.00",257.00,75.00,0.90,0.83,0.08,0.29,0.02,"4,043.00","3,707.00","3,098.00",390.00,289.00,0.92,0.84,0.13,0.74,0.07,390.00,167.00,189.00,29.00,5.00,289.00,267.00,19.00,3.00,-,410.37,175.14,198.22,31.60,5.42,305.10,281.73,20.06,3.31,-,429.87,333.23,242.44,312.74,"104,216.97",0.00,"104,216.97","56,009.25","43,090.32","5,117.40",0.00,,0.00,0.00,0.00,"10,917.21","26,005.82","14,766.32",574.40,"2,107.47","1,638.03","27,874.48","12,333.60","2,882.24","90,500.00",0.00,"90,500.00","36,562.00","4,525.00","41,087.00","6,817.67","1,508.33",0.00,0.00,0.00,373.10,0.00,133.00,768.00,822.00,310.00,367.61,697.50,77.42,0.00,186.55,14.00,50.00,318.00,125.00,"3,900.00",99.00,90.00,"121,979.00","54,521.00","2,958.00","2,406.10","1,836.08",1.68,0.22
2026-06-12,2026-06-08,2026-06-01,"89,548.90","84,850.00",355.35,211.36,19.15,180.18,"28,774.00","27,982.00","14,433.00","4,677.00","4,180.00","3,662.00",497.00,252.00,0.16,0.89,0.88,0.14,0.51,0.05,"4,677.00","4,095.00","3,582.00",321.00,60.00,0.88,0.87,0.09,0.19,0.01,"4,677.00","4,189.00","3,669.00",510.00,392.00,0.90,0.88,0.14,0.77,0.08,510.00,281.00,181.00,44.00,4.00,392.00,357.00,32.00,3.00,-,537.69,295.13,190.14,48.08,4.34,414.46,377.29,33.84,3.33,-,546.67,423.68,163.81,211.36,"89,548.90",0.00,"89,548.90","44,388.39","37,161.18","7,999.33",0.00,,0.00,0.00,0.00,"12,002.57","18,967.34","9,298.99",563.56,"1,917.90","1,638.03","24,579.96","9,624.46","2,956.76","84,850.00",0.00,"84,850.00","34,279.40","4,242.50","38,521.90","6,392.03","1,414.17",0.00,0.00,0.00,710.59,0.00,193.00,771.00,949.00,571.00,575.54,432.28,57.69,0.00,355.30,16.00,38.00,326.00,158.00,"9,762.00","1,112.00","1,009.00","91,381.00","36,500.00","2,768.00","3,194.59","1,958.80",1.46,0.25
2026-06-13,2026-06-08,2026-06-01,"98,204.12","79,200.00",236.07,192.27,13.98,187.41,"34,430.00","33,378.00","17,493.00","7,026.00","6,153.00","5,422.00",524.00,416.00,0.20,0.88,0.88,0.10,0.79,0.06,"7,026.00","6,041.00","5,323.00",369.00,103.00,0.86,0.88,0.07,0.28,0.01,"7,026.00","6,212.00","5,471.00",618.00,449.00,0.88,0.88,0.11,0.73,0.06,618.00,326.00,198.00,82.00,12.00,449.00,381.00,60.00,8.00,-,654.12,342.89,208.31,89.84,13.09,475.89,403.41,63.59,8.90,-,658.90,510.77,149.04,192.27,"98,204.12",0.00,"98,204.12","48,943.31","41,377.34","7,883.47",0.00,,0.00,0.00,0.00,"12,624.93","24,744.79","7,616.14",509.39,"1,810.03","1,638.03","25,672.86","11,676.02","4,028.46","79,200.00",0.00,"79,200.00","31,996.80","3,960.00","35,956.80","5,966.40","1,320.00",0.00,0.00,0.00,170.17,0.00,407.00,"1,800.00","1,217.00",627.00,365.62,450.47,44.14,0.00,170.17,29.00,56.00,355.00,160.00,"7,178.00",489.00,434.00,"97,218.00","35,924.00","3,704.00","4,221.17","1,630.41",1.66,0.32
2026-06-14,2026-06-08,2026-06-01,"114,110.52","79,200.00",320.54,237.80,15.25,240.23,"35,705.00","34,881.00","15,741.00","7,481.00","6,552.00","5,618.00",475.00,356.00,0.21,0.88,0.86,0.08,0.75,0.05,"7,481.00","6,437.00","5,517.00",339.00,134.00,0.86,0.86,0.06,0.40,0.02,"7,481.00","6,568.00","5,626.00",558.00,429.00,0.88,0.86,0.10,0.77,0.06,558.00,244.00,207.00,105.00,2.00,429.00,343.00,84.00,2.00,-,592.66,257.02,218.09,115.37,2.18,455.11,363.68,89.20,2.23,-,617.68,479.85,184.74,237.80,"114,110.52",0.00,"114,110.52","51,300.53","55,815.90","6,994.09",0.00,,0.00,0.00,0.00,"13,322.88","22,442.46","10,080.62",737.20,"3,079.34","1,638.03","31,056.59","18,968.21","5,791.10","79,200.00",0.00,"79,200.00","31,996.80","3,960.00","35,956.80","5,966.40","1,320.00",0.00,0.00,0.00,832.03,0.00,495.00,"2,485.00","1,220.00",539.00,607.78,378.53,66.63,0.00,277.34,24.00,71.00,353.00,155.00,"4,923.00",278.00,251.00,"76,117.00","30,391.00","3,078.00","5,571.03","1,933.28",1.34,0.25
2026-06-15,2026-06-15,2026-06-01,"105,022.22","82,200.00",475.21,233.31,16.40,207.14,"32,200.00","31,299.00","14,831.00","6,404.00","5,623.00","4,784.00",507.00,221.00,0.20,0.88,0.85,0.11,0.44,0.03,"6,404.00","5,509.00","4,691.00",320.00,23.00,0.86,0.85,0.07,0.07,0.00,"6,404.00","5,637.00","4,801.00",539.00,386.00,0.88,0.85,0.11,0.72,0.06,539.00,229.00,215.00,89.00,6.00,386.00,319.00,63.00,4.00,-,573.18,241.62,226.91,98.06,6.59,410.46,338.95,67.04,4.48,-,578.76,450.14,181.46,233.31,"105,022.22",0.00,"105,022.22","47,032.31","52,720.23","5,269.68",0.00,,0.00,0.00,0.00,"12,600.53","21,460.40","8,537.91",845.91,"2,566.75","1,020.81","32,232.79","16,048.17","4,439.27","82,200.00",0.00,"82,200.00","33,208.80","4,110.00","37,318.80","6,192.40","1,370.00",0.00,0.00,0.00,520.04,0.00,356.00,"2,147.00","1,148.00",314.00,663.10,529.78,71.98,0.00,260.02,17.00,71.00,337.00,118.00,"5,025.00",181.00,163.00,"91,069.00","39,945.00","3,235.00","4,485.04","2,067.87",1.43,0.25
2026-06-16,2026-06-15,2026-06-01,"100,887.75","79,200.00",315.27,244.19,18.18,215.11,"30,007.00","29,058.00","14,036.00","5,549.00","4,831.00","4,007.00",469.00,320.00,0.18,0.87,0.83,0.12,0.68,0.06,"5,549.00","4,711.00","3,909.00",297.00,20.00,0.85,0.83,0.08,0.07,0.00,"5,549.00","4,826.00","4,007.00",475.00,349.00,0.87,0.83,0.12,0.73,0.06,475.00,208.00,179.00,83.00,5.00,349.00,285.00,60.00,4.00,-,506.39,219.89,189.25,91.74,5.52,372.00,303.52,63.99,4.50,-,530.76,413.16,190.08,244.19,"100,887.75",0.00,"100,887.75","44,207.57","50,713.73","5,966.45",0.00,,0.00,0.00,0.00,"12,575.29","20,377.07","6,747.16","1,038.72","2,448.52","1,020.81","30,269.29","15,493.95","4,950.49","79,200.00",0.00,"79,200.00","31,996.80","3,960.00","35,956.80","5,966.40","1,320.00",0.00,0.00,0.00,489.48,0.00,131.00,556.00,537.00,167.00,592.09,500.75,58.00,0.00,326.32,9.00,64.00,360.00,143.00,"5,633.00",164.00,137.00,"97,354.00","41,292.00","3,575.00","1,880.48","2,053.16",2.95,0.23
2026-06-17,2026-06-15,2026-06-01,"86,414.21","79,200.00",270.89,235.40,17.67,204.77,"26,792.00","25,841.00","12,759.00","4,890.00","4,247.00","3,579.00",422.00,319.00,0.18,0.87,0.84,0.12,0.76,0.07,"4,890.00","4,148.00","3,496.00",264.00,13.00,0.85,0.84,0.08,0.05,0.00,"4,890.00","4,232.00","3,567.00",400.00,300.00,0.87,0.84,0.11,0.75,0.06,400.00,190.00,160.00,45.00,5.00,300.00,267.00,30.00,3.00,-,426.12,201.16,169.50,49.91,5.54,320.27,284.81,32.07,3.39,-,471.15,367.10,183.41,235.40,"86,414.21",0.00,"86,414.21","41,794.13","40,880.21","3,739.87",0.00,,0.00,0.00,0.00,"12,507.79","17,149.24","7,944.92","1,105.40","2,065.97","1,020.81","27,315.97","10,527.82","3,036.42","79,200.00",0.00,"79,200.00","31,996.80","3,960.00","35,956.80","5,966.40","1,320.00",0.00,0.00,0.00,706.35,0.00,137.00,639.00,538.00,148.00,568.95,390.30,54.58,0.00,235.45,12.00,59.00,330.00,108.00,"5,300.00",151.00,124.00,"127,019.00","57,897.00","3,349.00","2,168.35","1,758.28",2.26,0.24
2026-06-18,2026-06-15,2026-06-01,"96,804.78","79,200.00",224.61,246.56,22.89,211.36,"25,834.00","24,893.00","12,931.00","4,229.00","3,710.00","3,178.00",458.00,431.00,0.16,0.88,0.86,0.14,0.94,0.10,"4,229.00","3,612.00","3,095.00",295.00,44.00,0.85,0.86,0.10,0.15,0.01,"4,229.00","3,713.00","3,178.00",461.00,332.00,0.88,0.86,0.15,0.72,0.08,461.00,204.00,198.00,52.00,7.00,332.00,294.00,32.00,6.00,-,492.18,216.34,210.13,57.91,7.80,355.35,314.27,34.28,6.80,-,503.16,392.63,192.39,246.56,"96,804.78",0.00,"96,804.78","48,007.22","42,177.54","6,620.02",0.00,,0.00,0.00,0.00,"12,285.04","21,059.62","10,098.29",985.56,"2,557.90","1,020.81","27,334.16","11,118.35","3,725.03","79,200.00",0.00,"79,200.00","31,996.80","3,960.00","35,956.80","5,966.40","1,320.00",0.00,0.00,0.00,912.83,0.00,117.00,518.00,740.00,328.00,513.35,420.17,80.77,0.00,228.21,15.00,55.00,351.00,178.00,"6,418.00",291.00,259.00,"82,642.00","35,384.00","3,285.00","2,615.83","1,841.50",1.62,0.25
2026-06-19,2026-06-15,2026-06-01,"98,834.29","79,200.00",249.58,211.03,18.33,191.91,"30,742.00","29,764.00","14,645.00","5,391.00","4,698.00","3,922.00",515.00,396.00,0.18,0.87,0.83,0.13,0.77,0.07,"5,391.00","4,605.00","3,849.00",338.00,89.00,0.85,0.84,0.09,0.26,0.02,"5,391.00","4,711.00","3,937.00",497.00,360.00,0.87,0.84,0.13,0.72,0.07,497.00,205.00,205.00,77.00,10.00,360.00,299.00,57.00,4.00,-,532.89,217.77,217.90,86.03,11.19,385.94,320.19,61.20,4.55,-,599.84,468.35,164.77,211.03,"98,834.29",0.00,"98,834.29","47,446.48","45,404.87","5,982.94",0.00,,0.00,0.00,0.00,"12,587.02","19,608.78","10,625.40",971.13,"2,633.34","1,020.81","27,934.97","13,509.82","3,960.08","79,200.00",0.00,"79,200.00","31,996.80","3,960.00","35,956.80","5,966.40","1,320.00",0.00,0.00,0.00,"1,130.87",0.00,202.00,"1,089.00",710.00,302.00,430.44,487.18,85.47,0.00,226.17,18.00,64.00,424.00,175.00,"5,652.00",163.00,140.00,"89,972.00","38,971.00","3,330.00","3,433.87","1,910.26",1.57,0.27
2026-06-20,2026-06-15,2026-06-01,"88,440.24","84,850.00",226.77,258.70,18.73,246.35,"25,331.00","24,595.00","11,753.00","4,723.00","4,193.00","3,480.00",359.00,390.00,0.19,0.89,0.83,0.10,1.09,0.08,"4,723.00","4,093.00","3,397.00",249.00,131.00,0.87,0.83,0.07,0.53,0.03,"4,723.00","4,176.00","3,465.00",397.00,313.00,0.88,0.83,0.11,0.79,0.07,397.00,194.00,135.00,61.00,7.00,313.00,260.00,47.00,6.00,-,426.42,206.42,143.75,68.41,7.84,336.28,278.86,50.57,6.85,-,437.65,341.87,202.08,258.70,"88,440.24",0.00,"88,440.24","44,310.64","38,113.77","6,015.83",0.00,,0.00,0.00,0.00,"12,164.19","16,281.26","11,274.50",944.02,"2,625.86","1,020.81","26,443.85","8,627.88","3,042.04","84,850.00",0.00,"84,850.00","34,279.40","4,242.50","38,521.90","6,392.03","1,414.17",0.00,0.00,0.00,704.63,0.00,164.00,949.00,668.00,296.00,384.84,263.94,79.47,0.00,176.16,19.00,59.00,298.00,151.00,"4,430.00",156.00,144.00,"91,682.00","33,460.00","4,107.00","2,781.63","1,431.40",1.70,0.25
2026-06-21,2026-06-15,2026-06-01,"114,468.08","90,500.00",313.61,231.12,15.75,238.97,"33,967.00","33,202.00","14,648.00","7,267.00","6,361.00","5,229.00",479.00,365.00,0.21,0.88,0.82,0.09,0.76,0.05,"7,267.00","6,248.00","5,136.00",351.00,185.00,0.86,0.82,0.07,0.53,0.03,"7,267.00","6,360.00","5,233.00",555.00,430.00,0.88,0.82,0.11,0.77,0.06,555.00,287.00,173.00,91.00,4.00,430.00,360.00,67.00,3.00,-,597.47,305.94,184.60,102.43,4.50,462.83,387.11,72.27,3.44,-,634.03,495.27,180.54,231.12,"114,468.08",0.00,"114,468.08","52,963.51","56,418.74","5,085.83",0.00,,0.00,0.00,0.00,"12,485.51","22,657.36","13,210.87",951.93,"2,637.03","1,020.81","34,487.22","16,822.17","5,109.35","90,500.00",0.00,"90,500.00","36,562.00","4,525.00","41,087.00","6,817.67","1,508.33",0.00,0.00,0.00,"1,250.77",0.00,280.00,"1,705.00",940.00,332.00,492.91,419.44,85.22,0.00,500.31,22.00,86.00,353.00,136.00,"4,488.00",202.00,194.00,"86,941.00","37,903.00","3,159.00","4,507.77","2,094.88",1.61,0.23
2026-06-22,2026-06-22,2026-06-01,"98,438.13","96,150.00",287.83,224.51,16.37,206.37,"30,210.00","29,466.00","14,205.00","6,012.00","5,270.00","4,387.00",477.00,342.00,0.20,0.88,0.83,0.11,0.72,0.06,"6,012.00","5,156.00","4,288.00",316.00,119.00,0.86,0.83,0.07,0.38,0.02,"6,012.00","5,251.00","4,368.00",500.00,384.00,0.87,0.83,0.11,0.77,0.06,500.00,210.00,203.00,78.00,9.00,384.00,321.00,55.00,8.00,-,539.63,224.26,217.11,88.05,10.20,414.68,345.97,59.49,9.22,-,560.44,438.46,175.64,224.51,"98,438.13",0.00,"98,438.13","49,270.71","42,538.67","6,628.75",0.00,,0.00,0.00,0.00,"13,400.94","21,010.70","10,522.28",735.99,"2,522.63","1,078.17","27,307.56","11,700.13","3,530.98","96,150.00",0.00,"96,150.00","38,844.60","4,807.50","43,652.10","7,243.30","1,602.50",0.00,0.00,0.00,427.99,0.00,206.00,"1,214.00",845.00,336.00,592.54,456.03,99.54,0.00,142.66,26.00,62.00,344.00,154.00,"4,788.00",168.00,149.00,"55,244.00","23,359.00","1,624.00","3,028.99","1,876.77",1.98,0.25
2026-06-23,2026-06-22,2026-06-01,"97,177.09","101,800.00",226.52,243.25,18.45,209.43,"27,268.00","26,507.00","12,863.00","5,266.00","4,564.00","3,758.00",464.00,429.00,0.19,0.87,0.82,0.12,0.92,0.08,"5,266.00","4,464.00","3,677.00",291.00,138.00,0.85,0.82,0.08,0.47,0.03,"5,266.00","4,575.00","3,768.00",430.00,343.00,0.87,0.82,0.11,0.80,0.07,430.00,228.00,159.00,40.00,3.00,343.00,307.00,33.00,3.00,-,463.21,243.97,170.47,45.36,3.41,371.01,331.73,35.81,3.48,-,511.38,399.49,190.03,243.25,"97,177.09",0.00,"97,177.09","46,569.56","44,095.60","6,511.93",0.00,,0.00,0.00,0.00,"11,559.88","20,916.27","9,240.35",730.73,"3,044.16","1,078.17","28,174.34","12,293.91","3,627.35","101,800.00",0.00,"101,800.00","41,127.20","5,090.00","46,217.20","7,668.93","1,696.67",0.00,0.00,0.00,580.32,0.00,160.00,"1,045.00",709.00,271.00,527.89,469.23,72.52,0.00,145.08,22.00,72.00,371.00,166.00,"4,296.00",146.00,131.00,"46,194.00","18,339.00",855.00,"2,765.32","1,845.71",1.90,0.25
2026-06-24,2026-06-22,2026-06-01,"105,687.98","107,450.00",269.61,237.23,17.56,217.46,"29,023.00","28,308.00","13,752.00","6,017.00","5,292.00","4,354.00",486.00,392.00,0.21,0.88,0.82,0.11,0.81,0.07,"6,017.00","5,163.00","4,243.00",318.00,142.00,0.86,0.82,0.07,0.45,0.02,"6,017.00","5,246.00","4,314.00",479.00,361.00,0.87,0.82,0.11,0.75,0.06,479.00,228.00,162.00,84.00,5.00,361.00,301.00,56.00,4.00,-,519.93,244.46,174.07,95.70,5.71,391.53,325.93,60.94,4.66,-,568.97,445.51,185.75,237.23,"105,687.98",0.00,"105,687.98","47,851.22","51,119.82","6,716.94",360.44,,0.00,0.00,0.00,"11,719.62","20,781.41","9,306.59",730.43,"4,235.00","1,078.17","32,283.24","13,346.94","5,489.64","107,450.00",0.00,"107,450.00","43,409.80","5,372.50","48,782.30","8,094.57","1,790.83",0.00,0.00,0.00,665.73,0.00,751.00,914.00,646.00,284.00,437.90,422.99,72.68,0.00,221.91,44.00,69.00,386.00,155.00,"4,385.00",125.00,112.00,"67,830.00","28,633.00","2,602.00","3,260.73","1,809.48",1.85,0.27
2026-06-25,2026-06-22,2026-06-01,"104,813.70","114,900.00",275.83,207.43,16.05,183.24,"32,344.00","31,453.00","15,990.00","6,530.00","5,683.00","4,679.00",572.00,380.00,0.20,0.87,0.82,0.12,0.66,0.06,"6,530.00","5,581.00","4,595.00",356.00,128.00,0.85,0.82,0.08,0.36,0.02,"6,530.00","5,687.00","4,685.00",522.00,380.00,0.87,0.82,0.11,0.73,0.06,522.00,200.00,230.00,86.00,6.00,380.00,307.00,67.00,6.00,-,567.95,214.83,247.80,98.41,6.90,413.33,333.11,73.18,7.04,-,644.89,505.29,162.53,207.43,"104,813.70",0.00,"104,813.70","48,156.26","50,905.60","5,751.84",349.68,,0.00,0.00,0.00,"12,465.78","20,575.11","9,341.05",734.61,"3,961.54","1,078.17","31,742.22","14,007.73","5,155.65","114,900.00",0.00,"114,900.00","46,419.60","5,745.00","52,164.60","8,655.80","1,915.00",0.00,0.00,0.00,539.95,0.00,319.00,472.00,359.00,99.00,347.92,536.90,103.37,0.00,404.96,42.00,86.00,417.00,170.00,"6,389.00",101.00,88.00,"125,467.00","52,938.00","4,035.00","1,788.95","2,108.15",3.65,0.27
2026-06-26,2026-06-22,2026-06-01,"100,536.72","114,900.00",178.57,157.37,15.19,118.42,"33,118.00","32,134.00","16,214.00","6,620.00","5,769.00","4,853.00",849.00,563.00,0.20,0.87,0.84,0.17,0.66,0.09,"6,620.00","5,644.00","4,747.00",457.00,185.00,0.85,0.84,0.10,0.40,0.03,"6,620.00","5,766.00","4,852.00",660.00,520.00,0.87,0.84,0.14,0.79,0.08,660.00,329.00,242.00,78.00,11.00,520.00,461.00,50.00,9.00,-,717.92,354.14,261.50,89.60,12.67,567.10,501.70,54.80,10.60,-,814.25,638.84,123.47,157.37,"100,536.72",0.00,"100,536.72","49,412.80","43,871.78","7,252.14",332.39,,0.00,0.00,0.00,"13,187.91","20,416.26","9,959.46",845.90,"3,925.10","1,078.17","28,325.32","12,542.90","3,003.56","114,900.00",0.00,"114,900.00","46,419.60","5,745.00","52,164.60","8,655.80","1,915.00",0.00,0.00,0.00,426.27,0.00,82.00,189.00,428.00,92.00,712.28,507.17,100.42,0.00,142.09,44.00,120.00,548.00,249.00,"8,590.00",684.00,631.00,"78,636.00","34,689.00","2,768.00","1,217.27","2,422.96",5.44,0.35
2026-06-27,2026-06-22,2026-06-01,"100,599.07","114,900.00",203.23,198.49,19.05,172.85,"28,214.00","27,413.00","13,221.00","5,280.00","4,622.00","3,905.00",582.00,495.00,0.19,0.88,0.84,0.15,0.85,0.09,"5,280.00","4,508.00","3,802.00",368.00,165.00,0.85,0.84,0.10,0.45,0.03,"5,280.00","4,611.00","3,884.00",511.00,395.00,0.87,0.84,0.13,0.77,0.07,511.00,279.00,174.00,53.00,5.00,395.00,353.00,38.00,4.00,-,556.51,301.07,188.51,61.13,5.79,431.94,385.42,41.79,4.74,-,645.25,506.82,155.91,198.49,"100,599.07",0.00,"100,599.07","46,783.37","46,583.29","7,232.41",363.40,,0.00,0.00,0.00,"12,502.84","20,159.19","8,368.96",829.82,"3,844.39","1,078.17","30,059.18","13,159.61","3,364.50","114,900.00",0.00,"114,900.00","46,419.60","5,745.00","52,164.60","8,655.80","1,915.00",0.00,0.00,0.00,672.41,0.00,58.00,163.00,328.00,81.00,544.14,360.15,90.08,0.00,336.20,28.00,88.00,455.00,172.00,"6,040.00",418.00,378.00,"81,066.00","26,989.00","3,984.00","1,302.41","2,073.58",4.05,0.28
2026-06-28,2026-06-22,2026-06-01,"105,558.45","114,900.00",235.62,230.24,20.52,189.51,"26,809.00","26,067.00","12,982.00","5,143.00","4,621.00","3,930.00",557.00,448.00,0.19,0.90,0.85,0.14,0.80,0.09,"5,143.00","4,497.00","3,826.00",344.00,175.00,0.87,0.85,0.09,0.51,0.03,"5,143.00","4,602.00","3,919.00",494.00,380.00,0.89,0.85,0.13,0.77,0.07,494.00,274.00,180.00,34.00,6.00,380.00,348.00,26.00,6.00,-,538.50,296.49,195.62,39.41,6.99,417.02,381.17,28.69,7.15,-,583.69,458.48,180.85,230.24,"105,558.45",0.00,"105,558.45","53,090.53","45,652.09","6,815.83",351.02,,0.00,0.00,0.00,"12,466.28","22,096.16","12,816.42",828.63,"3,804.87","1,078.17","32,704.73","9,853.85","3,093.51","114,900.00",0.00,"114,900.00","46,419.60","5,745.00","52,164.60","8,655.80","1,915.00",0.00,0.00,0.00,663.71,0.00,56.00,158.00,282.00,115.00,601.48,379.63,85.55,0.00,265.48,38.00,98.00,387.00,174.00,"4,929.00",261.00,243.00,"62,075.00","25,219.00","3,287.00","1,274.71","2,029.15",4.03,0.27
2026-06-29,2026-06-29,2026-06-01,"116,325.22","114,900.00",352.50,201.18,17.49,158.48,"37,456.00","36,373.00","19,864.00","6,652.00","5,902.00","5,122.00",734.00,330.00,0.18,0.89,0.87,0.14,0.45,0.05,"6,652.00","5,740.00","4,971.00",423.00,95.00,0.86,0.87,0.09,0.22,0.01,"6,652.00","5,855.00","5,070.00",599.00,458.00,0.88,0.87,0.12,0.76,0.07,599.00,319.00,221.00,52.00,7.00,458.00,420.00,32.00,6.00,-,655.61,345.96,240.83,60.60,8.21,504.23,461.60,35.44,7.20,-,736.03,578.21,158.04,201.18,"116,325.22",0.00,"116,325.22","53,873.82","55,828.74","6,622.66",368.96,,0.00,0.00,0.00,"15,108.32","22,038.68","10,710.52",802.33,"3,716.58","1,497.39","34,296.80","16,445.76","5,086.18","114,900.00",0.00,"114,900.00","46,419.60","5,745.00","52,164.60","8,655.80","1,915.00",0.00,0.00,0.00,434.85,0.00,601.00,"1,508.00",997.00,119.00,798.33,489.55,89.23,0.00,217.43,41.00,111.00,420.00,234.00,"12,016.00","1,335.00","1,151.00","74,483.00","32,422.00","3,712.00","3,659.85","2,400.54",1.82,0.31
2026-06-30,2026-06-29,2026-06-01,"129,296.69","114,900.00",220.64,241.41,21.41,180.08,"37,372.00","36,099.00","19,019.00","6,038.00","5,303.00","4,442.00",718.00,586.00,0.16,0.88,0.84,0.16,0.82,0.10,"6,038.00","5,168.00","4,334.00",375.00,102.00,0.86,0.84,0.09,0.27,0.02,"6,038.00","5,230.00","4,385.00",515.00,388.00,0.87,0.84,0.12,0.75,0.06,515.00,249.00,196.00,65.00,5.00,388.00,339.00,46.00,3.00,-,567.22,270.87,214.26,76.19,5.90,428.63,373.87,51.15,3.62,-,681.58,535.60,189.70,241.41,"129,296.69",0.00,"129,296.69","47,535.09","74,788.72","6,972.88",335.13,,0.00,0.00,0.00,"13,889.18","20,879.57","6,991.21",448.44,"3,829.30","1,497.39","41,638.80","24,981.49","8,168.43","114,900.00",0.00,"114,900.00","46,419.60","5,745.00","52,164.60","8,655.80","1,915.00",0.00,0.00,0.00,194.52,0.00,859.00,"2,291.00","1,153.00",115.00,990.74,337.16,52.46,0.00,129.68,57.00,179.00,587.00,232.00,"9,347.00",452.00,388.00,"78,645.00","31,869.00","3,780.00","4,612.52","2,565.04",1.31,0.28
2026-07-01,2026-06-29,2026-07-01,"113,209.85","118,518.40",168.22,172.49,15.20,149.16,"38,580.00","37,385.00","18,678.00","7,447.00","6,317.00","5,363.00",759.00,673.00,0.19,0.85,0.85,0.14,0.89,0.09,"7,447.00","6,180.00","5,252.00",458.00,173.00,0.83,0.85,0.09,0.38,0.02,"7,447.00","6,293.00","5,346.00",617.00,476.00,0.85,0.85,0.12,0.77,0.06,617.00,347.00,204.00,63.00,3.00,476.00,429.00,45.00,2.00,-,680.07,378.53,223.78,74.19,3.56,527.56,474.89,50.24,2.43,-,835.11,656.32,135.56,172.49,"113,209.85",0.00,"113,209.85","51,623.26","54,782.90","6,803.69",347.25,,0.00,0.00,0.00,"15,235.79","19,905.32","10,201.01",786.93,"3,996.82","1,497.39","33,188.91","16,623.25","4,970.74","118,518.40",0.00,"118,518.40","47,881.43","5,925.92","53,807.35","8,928.39","1,975.31",0.00,0.00,0.00,262.43,0.00,864.00,"2,309.00","1,441.00",85.00,726.62,397.72,60.53,0.00,262.43,27.00,85.00,618.00,210.00,"9,970.00",857.00,741.00,"77,250.00","31,286.00","3,782.00","4,961.43","2,387.30",1.50,0.32
2026-07-02,2026-06-29,2026-07-01,"105,595.84","118,518.40",184.61,229.31,18.30,188.23,"33,328.00","32,365.00","14,892.00","5,770.00","4,922.00","4,099.00",561.00,572.00,0.17,0.85,0.83,0.14,1.02,0.10,"5,770.00","4,792.00","3,990.00",324.00,127.00,0.83,0.83,0.08,0.39,0.02,"5,770.00","4,868.00","4,059.00",430.00,319.00,0.84,0.83,0.11,0.74,0.06,430.00,242.00,138.00,49.00,1.00,319.00,285.00,33.00,1.00,-,475.96,264.86,151.85,58.05,1.19,355.14,316.91,37.00,1.23,-,585.81,460.49,180.26,229.31,"105,595.84",0.00,"105,595.84","52,541.68","45,946.03","7,108.13",358.07,,0.00,0.00,0.00,"15,592.42","22,497.44","9,142.81",912.94,"4,396.07","1,497.39","28,352.10","13,418.17","4,175.76","118,518.40",0.00,"118,518.40","47,881.43","5,925.92","53,807.35","8,928.39","1,975.31",0.00,0.00,0.00,609.56,0.00,774.00,"1,913.00",945.00,76.00,534.72,457.55,60.99,0.00,304.78,32.00,58.00,510.00,156.00,"6,567.00",241.00,205.00,"71,533.00","28,700.00","3,249.00","4,317.56","2,114.04",1.34,0.27
2026-07-03,2026-06-29,2026-07-01,"107,042.99","118,518.40",248.36,242.73,20.09,199.71,"29,328.00","28,562.00","13,851.00","5,329.00","4,599.00","3,779.00",536.00,431.00,0.18,0.86,0.82,0.14,0.80,0.08,"5,329.00","4,489.00","3,686.00",316.00,157.00,0.84,0.82,0.09,0.50,0.03,"5,329.00","4,541.00","3,727.00",396.00,291.00,0.85,0.82,0.11,0.73,0.05,396.00,218.00,144.00,32.00,2.00,291.00,268.00,21.00,2.00,-,438.83,239.35,158.97,38.10,2.41,325.28,299.16,23.65,2.47,-,561.40,441.00,190.67,242.73,"107,042.99",0.00,"107,042.99","52,084.73","47,308.04","7,650.22","1,012.89",,0.00,0.00,0.00,"14,403.18","20,745.53","10,150.69",727.03,"4,560.91","1,497.39","31,332.68","12,090.04","3,885.32","118,518.40",0.00,"118,518.40","47,881.43","5,925.92","53,807.35","8,928.39","1,975.31",0.00,0.00,0.00,565.24,0.00,835.00,"1,690.00",989.00,69.00,538.55,383.08,55.21,0.00,282.62,37.00,49.00,451.00,163.00,"5,791.00",181.00,162.00,"73,354.00","29,098.00","2,553.00","4,148.24","1,959.47",1.28,0.27
2026-07-04,2026-06-29,2026-07-01,"112,061.59","118,518.40",335.51,299.98,20.18,255.27,"28,573.00","27,884.00","12,783.00","5,552.00","4,799.00","3,896.00",439.00,334.00,0.19,0.86,0.81,0.11,0.76,0.06,"5,552.00","4,708.00","3,818.00",271.00,111.00,0.85,0.81,0.07,0.41,0.02,"5,552.00","4,757.00","3,854.00",366.00,278.00,0.86,0.81,0.09,0.76,0.05,366.00,199.00,127.00,35.00,5.00,278.00,251.00,24.00,3.00,-,407.82,219.18,140.68,41.93,6.03,312.77,281.84,27.18,3.75,-,475.44,373.57,235.70,299.98,"112,061.59",0.00,"112,061.59","58,492.07","47,210.92","6,358.60","1,001.48",,0.00,0.00,0.00,"14,173.08","27,949.29","9,582.91",738.03,"4,551.37","1,497.39","30,852.11","12,839.35","3,519.46","118,518.40",0.00,"118,518.40","47,881.43","5,925.92","53,807.35","8,928.39","1,975.31",0.00,0.00,0.00,340.96,0.00,741.00,"1,749.00","1,110.00",54.00,381.55,335.33,43.25,0.00,85.24,19.00,59.00,284.00,118.00,"4,572.00",156.00,143.00,"84,311.00","32,618.00","4,272.00","3,994.96","1,325.37",1.39,0.33
2026-07-05,2026-06-29,2026-07-01,"129,866.88","118,518.40",268.32,246.42,18.73,201.03,"36,768.00","35,830.00","16,743.00","6,935.00","6,029.00","4,989.00",646.00,484.00,0.19,0.87,0.83,0.13,0.75,0.07,"6,935.00","5,886.00","4,867.00",382.00,188.00,0.85,0.83,0.08,0.49,0.03,"6,935.00","5,984.00","4,945.00",485.00,386.00,0.86,0.83,0.10,0.80,0.06,485.00,313.00,139.00,29.00,4.00,386.00,363.00,20.00,3.00,-,540.15,345.84,154.52,34.95,4.84,436.31,409.74,22.77,3.80,-,671.40,527.01,193.43,246.42,"129,866.88",0.00,"129,866.88","56,413.01","65,441.03","8,012.84","1,003.90",,0.00,0.00,0.00,"15,262.48","24,032.98","10,354.71",705.08,"4,560.37","1,497.39","42,016.92","17,943.72","5,480.39","118,518.40",0.00,"118,518.40","47,881.43","5,925.92","53,807.35","8,928.39","1,975.31",0.00,0.00,0.00,124.57,0.00,868.00,"2,033.00","1,355.00",95.00,540.90,413.35,53.42,0.00,124.57,18.00,83.00,455.00,165.00,"7,554.00",508.00,454.00,"70,098.00","27,622.00","3,140.00","4,475.57","1,853.24",1.55,0.35
2026-07-06,2026-07-06,2026-07-01,"132,976.07","118,518.40",240.03,228.32,19.94,209.74,"38,399.00","37,319.00","16,854.00","6,669.00","5,866.00","4,927.00",634.00,554.00,0.17,0.88,0.84,0.13,0.87,0.08,"6,669.00","5,729.00","4,808.00",434.00,220.00,0.86,0.84,0.09,0.51,0.03,"6,669.00","5,801.00","4,865.00",556.00,405.00,0.87,0.84,0.11,0.73,0.06,556.00,326.00,192.00,35.00,3.00,405.00,377.00,26.00,2.00,-,622.27,361.77,214.30,42.51,3.69,460.49,428.13,29.79,2.56,-,743.31,582.40,178.90,228.32,"132,976.07",0.00,"132,976.07","65,741.21","59,699.54","7,535.32","1,045.38",,0.00,0.00,0.00,"15,021.78","32,450.70","11,189.13",683.01,"4,694.88","1,701.71","37,831.26","17,077.90","4,790.38","118,518.40",0.00,"118,518.40","47,881.43","5,925.92","53,807.35","8,928.39","1,975.31",0.00,0.00,0.00,220.81,0.00,779.00,"1,762.00","1,412.00",82.00,637.35,"1,216.14",79.59,0.00,331.21,22.00,86.00,473.00,168.00,"6,634.00",274.00,258.00,"82,750.00","33,353.00","3,765.00","4,255.81","3,013.29",1.57,0.21
2026-07-07,2026-07-06,2026-07-01,"132,795.28","118,518.40",265.06,240.35,22.80,216.28,"33,630.00","32,658.00","15,944.00","5,825.00","5,143.00","4,273.00",614.00,501.00,0.17,0.88,0.83,0.14,0.82,0.09,"5,825.00","5,016.00","4,171.00",418.00,211.00,0.86,0.83,0.10,0.50,0.04,"5,825.00","5,065.00","4,211.00",533.00,405.00,0.87,0.83,0.13,0.76,0.07,533.00,320.00,177.00,30.00,6.00,405.00,379.00,22.00,4.00,-,599.22,356.59,198.42,36.71,7.50,463.41,432.86,25.36,5.19,-,704.19,552.50,188.58,240.35,"132,795.28",0.00,"132,795.28","66,830.16","57,904.82","8,060.30",970.08,,0.00,0.00,0.00,"14,044.12","38,187.94","7,773.82",695.10,"4,427.47","1,701.71","41,156.88","13,203.94","3,544.00","118,518.40",0.00,"118,518.40","47,881.43","5,925.92","53,807.35","8,928.39","1,975.31",0.00,0.00,0.00,352.95,0.00,566.00,"1,210.00","1,492.00",37.00,484.75,"1,143.57",68.51,0.00,117.65,19.00,40.00,502.00,165.00,"6,365.00",236.00,225.00,"98,780.00","42,478.00","3,325.00","3,657.95","2,540.47",1.59,0.24
2026-07-08,2026-07-06,2026-07-01,"124,695.01","112,494.80",294.09,271.40,22.85,241.19,"29,455.00","28,581.00","13,775.00","5,457.00","4,771.00","3,904.00",517.00,424.00,0.19,0.87,0.82,0.13,0.82,0.08,"5,457.00","4,656.00","3,810.00",338.00,167.00,0.85,0.82,0.09,0.49,0.03,"5,457.00","4,731.00","3,868.00",434.00,324.00,0.87,0.82,0.11,0.75,0.06,434.00,230.00,169.00,30.00,5.00,324.00,296.00,24.00,4.00,-,490.98,257.39,190.29,36.97,6.33,372.95,339.87,27.84,5.25,-,584.19,459.45,213.45,271.40,"124,695.01",0.00,"124,695.01","52,469.00","64,663.96","7,562.05","2,021.19",,0.00,0.00,0.00,"11,912.77","26,853.78","6,902.01",677.22,"4,421.51","1,701.71","41,520.78","17,902.39","5,240.79","112,494.80",0.00,"112,494.80","45,447.90","5,624.74","51,072.64","8,474.61","1,874.91",0.00,0.00,0.00,396.02,0.00,719.00,"1,401.00","1,226.00",1.00,495.43,897.31,53.26,0.00,264.01,16.00,57.00,403.00,127.00,"4,876.00",195.00,186.00,"85,043.00","34,253.00","3,204.00","3,743.02","2,313.02",1.46,0.22
2026-07-09,2026-07-06,2026-07-01,"116,156.01","106,471.20",350.92,314.99,23.45,272.03,"27,447.00","26,708.00","12,930.00","4,953.00","4,262.00","3,475.00",427.00,331.00,0.18,0.86,0.82,0.12,0.78,0.07,"4,953.00","4,139.00","3,376.00",269.00,110.00,0.84,0.82,0.08,0.41,0.02,"4,953.00","4,192.00","3,415.00",370.00,274.00,0.85,0.81,0.11,0.74,0.06,370.00,193.00,150.00,22.00,5.00,274.00,258.00,13.00,3.00,-,420.15,216.88,169.57,27.30,6.39,317.11,297.95,15.17,3.98,-,469.89,368.77,247.20,314.99,"116,156.01",0.00,"116,156.01","50,976.79","56,975.57","8,203.65","2,030.81",,0.00,0.00,0.00,"13,001.84","21,706.44","9,340.21",676.80,"4,549.79","1,701.71","36,090.67","15,761.26","5,123.64","106,471.20",0.00,"106,471.20","43,014.36","5,323.56","48,337.92","8,020.83","1,774.52",0.00,0.00,0.00,572.66,0.00,618.00,"1,311.00","1,087.00",0.00,463.10,399.50,60.00,0.00,143.16,11.00,29.00,293.00,119.00,"4,484.00",156.00,143.00,"81,668.00","32,239.00","2,892.00","3,588.66","1,517.77",1.38,0.28
2026-07-10,2026-07-06,2026-07-01,"90,756.15","100,447.60",270.11,300.55,25.85,232.71,"22,093.00","21,390.00","10,331.00","3,511.00","3,049.00","2,464.00",390.00,336.00,0.16,0.87,0.81,0.16,0.86,0.10,"3,511.00","2,972.00","2,404.00",224.00,99.00,0.85,0.81,0.09,0.44,0.03,"3,511.00","3,013.00","2,442.00",292.00,209.00,0.86,0.81,0.12,0.72,0.06,292.00,158.00,116.00,18.00,0.00,209.00,197.00,12.00,0.00,-,332.58,178.30,131.78,22.50,0.00,243.18,229.06,14.12,0.00,-,385.27,301.97,235.57,300.55,"90,756.15",0.00,"90,756.15","41,779.76","42,277.50","6,698.89","1,010.15",,0.00,0.00,0.00,"9,759.00","17,070.03","8,157.61",630.98,"4,460.43","1,701.71","28,153.45","11,068.81","3,055.24","100,447.60",0.00,"100,447.60","40,580.83","5,022.38","45,603.21","7,567.05","1,674.13",0.00,0.00,0.00,333.51,0.00,360.00,904.00,783.00,0.00,402.69,245.48,64.45,0.00,111.17,8.00,43.00,287.00,116.00,"4,322.00",105.00,99.00,"76,016.00","29,901.00","2,939.00","2,380.51","1,277.79",1.47,0.31
2026-07-11,2026-07-06,2026-07-01,"81,858.95","94,424.00",300.95,267.12,23.26,248.06,"19,909.00","19,355.00","9,486.00","3,519.00","3,078.00","2,491.00",330.00,272.00,0.18,0.87,0.81,0.13,0.82,0.08,"3,519.00","3,003.00","2,425.00",227.00,104.00,0.85,0.81,0.09,0.46,0.03,"3,519.00","3,037.00","2,454.00",281.00,205.00,0.86,0.81,0.11,0.73,0.06,281.00,171.00,93.00,16.00,1.00,205.00,194.00,10.00,1.00,-,321.44,193.80,106.19,20.15,1.30,240.45,227.23,11.85,1.36,-,391.45,306.46,209.12,267.12,"81,858.95",0.00,"81,858.95","37,942.88","40,071.68","3,844.39","1,010.31",,0.00,0.00,0.00,"8,842.61","15,954.64","6,364.31",580.27,"4,499.34","1,701.71","27,747.26","9,910.99","2,413.43","94,424.00",0.00,"94,424.00","38,147.30","4,721.20","42,868.50","7,113.27","1,573.73",0.00,0.00,0.00,95.44,0.00,312.00,871.00,823.00,0.00,240.94,303.75,41.35,0.00,95.44,7.00,23.00,204.00,58.00,"3,692.00",136.00,130.00,"93,090.00","33,853.00","3,702.00","2,101.44",973.48,1.67,0.34
2026-07-12,2026-07-06,2026-07-01,"97,202.04","88,400.40",362.69,316.77,23.57,278.52,"22,848.00","22,252.00","10,534.00","4,124.00","3,621.00","2,913.00",349.00,268.00,0.18,0.88,0.80,0.12,0.77,0.06,"4,124.00","3,532.00","2,842.00",228.00,115.00,0.86,0.80,0.08,0.50,0.03,"4,124.00","3,576.00","2,877.00",301.00,219.00,0.87,0.80,0.10,0.73,0.05,301.00,175.00,109.00,17.00,0.00,219.00,206.00,13.00,0.00,-,346.03,199.34,125.09,21.60,0.00,258.77,243.24,15.53,0.00,-,391.58,306.85,248.23,316.77,"97,202.04",0.00,"97,202.04","43,403.73","47,196.90","6,601.41","1,006.10",,0.00,0.00,0.00,"9,665.27","18,187.44","8,606.04",686.01,"4,557.26","1,701.71","30,414.29","13,476.04","3,306.57","88,400.40",0.00,"88,400.40","35,713.76","4,420.02","40,133.78","6,659.50","1,473.34",0.00,0.00,0.00,529.00,0.00,364.00,"1,085.00",909.00,0.00,402.63,363.40,50.60,0.00,264.50,3.00,28.00,245.00,91.00,"3,883.00",150.00,143.00,"66,359.00","27,254.00","2,719.00","2,887.00","1,448.13",1.43,0.24
2026-07-13,2026-07-13,2026-07-01,"93,902.33","82,376.80",289.82,319.27,24.56,249.08,"22,571.00","21,976.00","10,761.00","3,823.00","3,364.00","2,743.00",377.00,324.00,0.17,0.88,0.82,0.14,0.86,0.08,"3,823.00","3,268.00","2,661.00",222.00,112.00,0.85,0.81,0.08,0.50,0.03,"3,823.00","3,317.00","2,699.00",307.00,230.00,0.87,0.81,0.11,0.75,0.06,307.00,193.00,104.00,8.00,2.00,230.00,226.00,2.00,2.00,-,354.16,221.13,120.07,10.28,2.68,274.45,269.21,2.41,2.82,-,376.11,294.12,249.67,319.27,"93,902.33",0.00,"93,902.33","42,492.99","44,768.88","6,640.46","1,058.46",,0.00,0.00,0.00,"10,561.72","16,828.82","7,867.64",688.94,"5,006.42","1,539.45","30,864.89","11,294.11","2,609.88","82,376.80",0.00,"82,376.80","33,280.23","4,118.84","37,399.07","6,205.72","1,372.95",0.00,0.00,0.00,214.56,0.00,308.00,916.00,823.00,0.00,351.19,337.69,47.72,0.00,107.28,6.00,25.00,281.00,95.00,"4,374.00",153.00,140.00,"83,698.00","32,980.00","3,245.00","2,261.56","1,250.88",1.69,0.30
2026-07-14,2026-07-13,2026-07-01,"62,955.44","82,376.80",229.76,245.14,21.13,189.06,"19,332.00","18,794.00","9,174.00","2,980.00","2,605.00","2,102.00",333.00,274.00,0.15,0.87,0.81,0.16,0.82,0.09,"2,980.00","2,522.00","2,037.00",203.00,80.00,0.85,0.81,0.10,0.39,0.03,"2,980.00","2,562.00","2,074.00",260.00,183.00,0.86,0.81,0.13,0.70,0.06,260.00,151.00,106.00,1.00,2.00,183.00,180.00,1.00,2.00,-,301.32,174.13,123.18,1.30,2.71,220.72,216.62,1.22,2.88,-,328.20,256.82,191.82,245.14,"62,955.44",0.00,"62,955.44","46,516.50","10,741.88","5,697.06",934.99,,0.00,0.00,0.00,"8,722.07","19,295.47","4,892.01",533.38,"11,534.12","1,539.45","5,274.41","1,538.32","3,929.15","82,376.80",0.00,"82,376.80","33,280.23","4,118.84","37,399.07","6,205.72","1,372.95",0.00,0.00,0.00,131.15,0.00,122.00,182.00,378.00,1.00,384.89,248.50,39.26,0.00,65.57,28.00,17.00,189.00,102.00,"4,430.00",131.00,118.00,"78,743.00","30,204.00","2,925.00",814.15,"1,074.22",3.66,0.31
2026-07-15,2026-07-13,2026-07-01,"62,128.00","82,051.20",290.32,233.03,20.13,182.73,"19,465.00","18,912.00","8,824.00","3,087.00","2,719.00","2,223.00",340.00,214.00,0.16,0.88,0.82,0.15,0.63,0.07,"3,087.00","2,646.00","2,167.00",209.00,62.00,0.86,0.82,0.10,0.30,0.02,"3,087.00","2,675.00","2,191.00",261.00,175.00,0.87,0.82,0.12,0.67,0.06,261.00,129.00,128.00,2.00,2.00,175.00,171.00,2.00,2.00,-,304.88,149.73,149.75,2.63,2.77,213.16,207.76,2.46,2.93,-,340.84,266.61,182.28,233.03,"62,128.00",0.00,"62,128.00","50,693.04","6,713.82","4,721.14","1,026.60",,0.00,0.00,0.00,"8,596.84","20,992.59","5,789.17",745.36,"13,029.63","1,539.45",0.00,0.00,"6,713.82","82,051.20",0.00,"82,051.20","33,148.68","4,102.56","37,251.24","6,181.19","1,367.52",0.00,0.00,0.00,474.75,0.00,6.00,27.00,48.00,4.00,291.33,362.01,38.55,0.00,158.25,50.00,1.00,49.00,77.00,"4,131.00",102.00,92.00,"78,983.00","29,686.00","2,887.00",559.75,"1,027.14",5.51,0.33
2026-07-16,2026-07-13,2026-07-01,"95,850.39","82,376.80",322.73,299.87,24.99,280.26,"23,720.00","23,157.00","10,145.00","3,836.00","3,365.00","2,674.00",342.00,297.00,0.16,0.88,0.79,0.13,0.87,0.08,"3,836.00","3,277.00","2,605.00",242.00,111.00,0.85,0.79,0.09,0.46,0.03,"3,836.00","3,320.00","2,643.00",313.00,222.00,0.87,0.80,0.12,0.71,0.06,313.00,181.00,123.00,6.00,3.00,222.00,215.00,4.00,3.00,-,368.74,211.55,144.97,7.98,4.24,273.76,264.27,4.99,4.50,-,408.77,319.64,234.48,299.87,"95,850.39",0.00,"95,850.39","56,555.95","34,939.34","4,355.10","1,000.96",,0.00,0.00,0.00,"9,337.39","26,874.32","5,495.54",747.99,"12,561.26","1,539.45","13,577.40","9,356.68","12,005.26","82,376.80",0.00,"82,376.80","33,280.23","4,118.84","37,399.07","6,205.72","1,372.95",0.00,0.00,0.00,290.43,0.00,207.00,474.00,334.00,5.00,338.80,410.88,33.81,0.00,96.81,55.00,19.00,128.00,74.00,"4,081.00",129.00,115.00,"90,537.00","38,244.00","2,723.00","1,310.43","1,156.30",2.93,0.30
2026-07-17,2026-07-13,2026-07-01,"74,864.02","82,376.80",282.51,272.47,24.80,212.08,"18,616.00","18,068.00","8,463.00","3,019.00","2,672.00","2,159.00",353.00,265.00,0.16,0.89,0.81,0.16,0.75,0.09,"3,019.00","2,605.00","2,100.00",212.00,101.00,0.86,0.81,0.10,0.48,0.03,"3,019.00","2,636.00","2,126.00",247.00,189.00,0.87,0.81,0.12,0.77,0.06,247.00,148.00,92.00,7.00,0.00,189.00,183.00,6.00,0.00,-,293.00,174.24,109.33,9.44,0.00,235.44,227.86,7.58,0.00,-,352.12,274.76,212.61,272.47,"74,864.02",0.00,"74,864.02","49,985.20","18,938.51","5,940.31",982.02,,0.00,0.00,0.00,"8,611.14","24,847.88","5,147.64",617.98,"9,221.11","1,539.45","8,708.05","1,698.31","8,532.15","82,376.80",0.00,"82,376.80","33,280.23","4,118.84","37,399.07","6,205.72","1,372.95",0.00,0.00,0.00,215.26,0.00,112.00,175.00,167.00,13.00,308.31,355.74,38.42,0.00,71.75,32.00,21.00,207.00,73.00,"3,892.00",104.00,103.00,"77,048.00","27,951.00","2,852.00",682.26,"1,107.21",4.43,0.32
2026-07-18,2026-07-13,2026-07-01,"67,837.12","82,376.80",279.17,301.93,23.85,255.03,"17,048.00","16,586.00","7,674.00","2,844.00","2,526.00","2,036.00",266.00,243.00,0.17,0.89,0.81,0.13,0.91,0.09,"2,844.00","2,468.00","1,992.00",175.00,96.00,0.87,0.81,0.09,0.55,0.03,"2,844.00","2,504.00","2,021.00",224.00,167.00,0.88,0.81,0.11,0.75,0.06,224.00,133.00,83.00,7.00,1.00,167.00,164.00,2.00,1.00,-,268.42,157.87,99.53,9.58,1.44,211.38,207.24,2.56,1.58,-,288.20,224.68,235.38,301.93,"67,837.12",0.00,"67,837.12","47,688.26","16,871.71","3,277.15","1,007.50",,0.00,0.00,0.00,"8,908.99","23,968.10","6,465.13",635.79,"6,170.80","1,539.45","9,277.56",0.00,"7,594.15","82,376.80",0.00,"82,376.80","33,280.23","4,118.84","37,399.07","6,205.72","1,372.95",0.00,0.00,0.00,203.29,0.00,4.00,15.00,30.00,8.00,255.70,329.00,31.19,0.00,101.65,32.00,4.00,145.00,45.00,"3,471.00",101.00,99.00,"83,075.00","26,974.00","3,784.00",260.29,943.54,10.93,0.28
2026-07-19,2026-07-13,2026-07-01,"71,882.15","82,376.80",355.85,275.50,23.67,244.50,"17,902.00","17,459.00","8,415.00","3,037.00","2,709.00","2,219.00",294.00,202.00,0.17,0.89,0.82,0.13,0.69,0.07,"3,037.00","2,627.00","2,155.00",202.00,88.00,0.86,0.82,0.09,0.44,0.03,"3,037.00","2,655.00","2,174.00",256.00,174.00,0.87,0.82,0.12,0.68,0.06,256.00,156.00,89.00,7.00,4.00,174.00,168.00,5.00,1.00,-,310.13,186.76,107.65,9.75,5.98,223.89,215.76,6.52,1.62,-,334.24,260.91,215.06,275.50,"71,882.15",0.00,"71,882.15","46,480.97","20,170.64","5,230.54","1,008.12",,0.00,0.00,0.00,"9,014.65","22,077.10","7,801.34",725.92,"5,322.51","1,539.45","11,603.84",0.00,"8,566.80","82,376.80",0.00,"82,376.80","33,280.23","4,118.84","37,399.07","6,205.72","1,372.95",0.00,0.00,0.00,299.99,0.00,3.00,7.00,15.00,10.00,246.29,302.32,35.76,0.00,100.00,25.00,0.00,154.00,70.00,"3,646.00",95.00,91.00,"81,895.00","33,031.00","2,443.00",334.99,933.37,9.07,0.31
2026-07-20,2026-07-20,2026-07-01,"75,285.31","88,400.40",268.88,265.75,24.58,226.08,"18,568.00","18,080.00","9,089.00","3,063.00","2,702.00","2,204.00",333.00,280.00,0.16,0.88,0.82,0.15,0.84,0.09,"3,063.00","2,639.00","2,148.00",219.00,99.00,0.86,0.81,0.10,0.45,0.03,"3,063.00","2,674.00","2,175.00",260.00,204.00,0.87,0.81,0.12,0.78,0.07,260.00,165.00,90.00,3.00,2.00,204.00,200.00,2.00,2.00,-,317.15,199.65,110.13,4.26,3.12,267.92,261.91,2.66,3.35,-,362.52,283.29,207.67,265.75,"75,285.31",0.00,"75,285.31","49,490.27","21,350.39","4,444.65","1,056.33",,0.00,0.00,0.00,"8,930.35","21,791.21","9,320.03",663.28,"6,921.69","1,863.71","13,392.73",0.00,"7,957.66","88,400.40",0.00,"88,400.40","35,713.76","4,420.02","40,133.78","6,659.50","1,473.34",0.00,0.00,0.00,139.66,0.00,3.00,4.00,14.00,53.00,251.90,334.83,49.53,0.00,139.66,42.00,0.00,219.00,73.00,"4,190.00",107.00,103.00,"88,462.00","34,169.00","3,517.00",213.66,"1,109.93",14.34,0.30
2026-07-21,2026-07-20,2026-07-01,"93,836.59","94,424.00",348.83,285.17,23.29,245.65,"21,555.00","21,002.00","10,194.00","4,029.00","3,498.00","2,810.00",382.00,269.00,0.19,0.87,0.80,0.14,0.70,0.07,"4,029.00","3,418.00","2,748.00",248.00,91.00,0.85,0.80,0.09,0.37,0.02,"4,029.00","3,481.00","2,798.00",298.00,209.00,0.86,0.80,0.11,0.70,0.05,298.00,173.00,110.00,10.00,5.00,209.00,199.00,7.00,3.00,-,370.67,211.88,136.38,14.48,7.93,282.01,267.20,9.57,5.24,-,420.64,329.05,223.08,285.17,"93,836.59",0.00,"93,836.59","52,226.67","35,315.72","6,294.20",944.04,,0.00,0.00,0.00,"9,756.61","20,778.49","8,716.35",710.82,"10,400.69","1,863.71","20,975.66","5,899.14","8,440.92","94,424.00",0.00,"94,424.00","38,147.30","4,721.20","42,868.50","7,113.27","1,573.73",0.00,0.00,0.00,39.23,0.00,2.00,3.00,8.00,368.00,438.79,301.94,43.14,0.00,19.61,37.00,9.00,194.00,87.00,"3,905.00",101.00,99.00,"76,051.00","27,222.00","2,978.00",420.23,"1,130.49",9.59,0.34
2026-07-22,2026-07-20,2026-07-01,"100,252.03","100,447.60",302.88,310.88,24.43,265.92,"22,907.00","22,317.00","10,230.00","4,104.00","3,618.00","2,971.00",377.00,331.00,0.18,0.88,0.82,0.13,0.88,0.08,"4,104.00","3,506.00","2,884.00",243.00,117.00,0.85,0.82,0.08,0.48,0.03,"4,104.00","3,540.00","2,914.00",291.00,212.00,0.86,0.82,0.10,0.73,0.05,291.00,177.00,101.00,7.00,6.00,212.00,204.00,4.00,4.00,-,367.32,219.88,127.17,10.37,9.89,295.57,282.61,5.63,7.33,-,411.53,322.48,243.61,310.88,"100,252.03",0.00,"100,252.03","57,782.54","35,483.23","6,986.26","1,013.16",,0.00,0.00,0.00,"10,452.76","23,152.63","6,908.63",642.18,"14,762.63","1,863.71","22,004.80","5,606.47","7,871.96","100,447.60",0.00,"100,447.60","40,580.83","5,022.38","45,603.21","7,567.05","1,674.13",0.00,0.00,0.00,0.00,0.00,1.00,1.00,8.00,444.00,466.13,451.28,49.79,0.00,1.17,30.00,16.00,242.00,103.00,"4,059.00",122.00,117.00,"87,662.00","32,201.00","3,129.00",454.00,"1,359.37",9.04,0.28
2026-07-23,2026-07-20,2026-07-01,"105,576.01","106,471.20",425.71,364.93,27.10,301.65,"22,556.00","21,940.00","9,993.00","3,896.00","3,426.00","2,798.00",350.00,248.00,0.17,0.88,0.82,0.13,0.71,0.06,"3,896.00","3,328.00","2,720.00",220.00,64.00,0.85,0.82,0.08,0.29,0.02,"3,896.00","3,360.00","2,747.00",250.00,173.00,0.86,0.82,0.09,0.69,0.04,250.00,156.00,91.00,2.00,1.00,173.00,171.00,1.00,1.00,-,318.34,197.01,116.59,3.04,1.70,249.34,245.95,1.46,1.93,-,369.18,289.31,285.98,364.93,"105,576.01",0.00,"105,576.01","58,673.18","39,713.85","7,188.98","1,001.51",,0.00,0.00,0.00,"10,222.31","25,399.47","5,646.58",749.21,"14,791.90","1,863.71","26,557.17","5,345.47","7,811.21","106,471.20",0.00,"106,471.20","43,014.36","5,323.56","48,337.92","8,020.83","1,774.52",0.00,0.00,0.00,0.00,0.00,1.00,3.00,4.00,423.00,490.52,376.60,24.99,0.00,11.13,29.00,10.00,220.00,133.00,"3,747.00",131.00,125.00,"74,678.00","26,675.00","2,531.00",431.00,"1,295.24",9.04,0.27
2026-07-24,2026-07-20,2026-07-01,"102,199.99","112,494.80",331.82,304.33,23.39,254.23,"27,670.00","26,991.00","14,904.00","4,370.00","3,780.00","3,223.00",402.00,308.00,0.16,0.86,0.85,0.12,0.77,0.07,"4,370.00","3,693.00","3,147.00",252.00,91.00,0.85,0.85,0.08,0.36,0.02,"4,370.00","3,731.00","3,180.00",285.00,179.00,0.85,0.85,0.09,0.63,0.04,285.00,156.00,116.00,12.00,1.00,179.00,175.00,3.00,1.00,-,373.55,201.20,151.77,18.79,1.78,272.37,265.67,4.61,2.08,-,428.61,335.82,238.45,304.33,"102,199.99",0.00,"102,199.99","54,494.66","40,911.50","6,793.83",981.50,,0.00,0.00,0.00,"9,527.31","22,948.62","5,987.13",761.52,"13,406.37","1,863.71","26,953.75","5,548.98","8,408.77","112,494.80",0.00,"112,494.80","45,447.90","5,624.74","51,072.64","8,474.61","1,874.91",0.00,0.00,0.00,0.00,0.00,0.00,0.00,0.00,334.00,244.38,309.26,32.92,0.00,3.20,34.00,19.00,288.00,138.00,"9,180.00",842.00,719.00,"76,095.00","26,449.00","2,945.00",334.00,"1,068.76",13.08,0.38
2026-07-25,2026-07-20,2026-07-01,"94,147.52","120,797.60",364.91,272.95,24.35,237.15,"23,062.00","22,217.00","11,380.00","3,866.00","3,367.00","2,843.00",397.00,258.00,0.17,0.87,0.84,0.14,0.65,0.07,"3,866.00","3,260.00","2,750.00",260.00,78.00,0.84,0.84,0.09,0.30,0.02,"3,866.00","3,290.00","2,777.00",285.00,155.00,0.85,0.84,0.10,0.54,0.04,285.00,169.00,104.00,11.00,1.00,155.00,150.00,5.00,0.00,-,383.38,223.66,139.95,17.91,1.86,254.63,246.27,8.36,0.00,-,438.95,344.92,214.48,272.95,"94,147.52",0.00,"94,147.52","53,189.39","35,441.54","5,516.59","1,011.14",,0.00,0.00,0.00,"9,066.14","21,281.37","7,597.76",651.27,"12,729.14","1,863.71","22,916.47","4,845.94","7,679.13","120,797.60",0.00,"120,797.60","48,802.23","6,039.88","54,842.11","9,100.09","2,013.29",0.00,0.00,0.00,0.00,0.00,0.00,0.00,0.00,227.00,187.01,167.04,26.93,0.00,2.40,39.00,9.00,212.00,109.00,"6,797.00",620.00,529.00,"92,594.00","28,692.00","2,865.00",227.00,752.38,17.03,0.53